Local DOF,R_e Value
0,0.000000000000e+00
1,-4.692567854793e-04
2,0.000000000000e+00
3,0.000000000000e+00
4,0.000000000000e+00
5,-5.702360937567e-04
6,0.000000000000e+00
7,-4.870766634092e-04
8,0.000000000000e+00
9,0.000000000000e+00
10,0.000000000000e+00
11,-5.702360937575e-04
