Local DOF,R_e Value
0,0.000000000000e+00
1,-8.136700120945e-05
2,0.000000000000e+00
3,0.000000000000e+00
4,0.000000000000e+00
5,-3.692055958503e-04
6,0.000000000000e+00
7,-9.322951760453e-05
8,0.000000000000e+00
9,0.000000000000e+00
10,0.000000000000e+00
11,-3.898098297064e-04
