Local DOF,R_e Value
0,0.000000000000e+00
1,-3.266977620381e-05
2,0.000000000000e+00
3,0.000000000000e+00
4,0.000000000000e+00
5,-2.494782910113e-04
6,0.000000000000e+00
7,-4.087782544537e-05
8,0.000000000000e+00
9,0.000000000000e+00
10,0.000000000000e+00
11,-2.756512367202e-04
