Local DOF,R_e Value
0,0.000000000000e+00
1,-1.879440250360e-05
2,0.000000000000e+00
3,0.000000000000e+00
4,0.000000000000e+00
5,-1.937911724818e-04
6,0.000000000000e+00
7,-2.529703374020e-05
8,0.000000000000e+00
9,0.000000000000e+00
10,0.000000000000e+00
11,-2.221916029318e-04
