Local DOF,R_e Value
0,0.000000000000e+00
1,-2.181078809058e-06
2,0.000000000000e+00
3,0.000000000000e+00
4,0.000000000000e+00
5,-6.905202697615e-05
6,0.000000000000e+00
7,-4.855220646761e-06
8,0.000000000000e+00
9,0.000000000000e+00
10,0.000000000000e+00
11,-1.019074269084e-04
