Local DOF,R_e Value
0,0.000000000000e+00
1,-1.401900977768e-04
2,0.000000000000e+00
3,0.000000000000e+00
4,-0.000000000000e+00
5,-1.662920154161e-06
6,0.000000000000e+00
7,-1.418557946031e-04
8,0.000000000000e+00
9,0.000000000000e+00
10,-0.000000000000e+00
11,-1.669398042036e-06
