Local DOF,R_e Value
0,0.000000000000e+00
1,-5.917676659349e-05
2,0.000000000000e+00
3,0.000000000000e+00
4,-0.000000000000e+00
5,-1.198227393262e-06
6,0.000000000000e+00
7,-6.037930345645e-05
8,0.000000000000e+00
9,0.000000000000e+00
10,-0.000000000000e+00
11,-1.208281808790e-06
