Local DOF,R_e Value
0,0.000000000000e+00
1,-9.283107583736e-06
2,0.000000000000e+00
3,0.000000000000e+00
4,-0.000000000000e+00
5,-5.195542744082e-07
6,0.000000000000e+00
7,-9.808531496793e-06
8,0.000000000000e+00
9,0.000000000000e+00
10,-0.000000000000e+00
11,-5.332490841671e-07
