Local DOF,R_e Value
0,0.000000000000e+00
1,-2.231559125213e-05
2,0.000000000000e+00
3,0.000000000000e+00
4,-0.000000000000e+00
5,-7.813158222836e-07
6,0.000000000000e+00
7,-2.310222928537e-05
8,0.000000000000e+00
9,0.000000000000e+00
10,-0.000000000000e+00
11,-7.937333007522e-07
