Local DOF,R_e Value
0,0.000000000000e+00
1,-5.562995693514e-05
2,0.000000000000e+00
3,0.000000000000e+00
4,-0.000000000000e+00
5,-1.167680947287e-06
6,0.000000000000e+00
7,-5.680202946627e-05
8,0.000000000000e+00
9,0.000000000000e+00
10,-0.000000000000e+00
11,-1.177926962510e-06
