Local DOF,R_e Value
0,0.000000000000e+00
1,-6.780285723140e-05
2,0.000000000000e+00
3,0.000000000000e+00
4,-0.000000000000e+00
5,-1.267267104103e-06
6,0.000000000000e+00
7,-6.907424220550e-05
8,0.000000000000e+00
9,0.000000000000e+00
10,-0.000000000000e+00
11,-1.276874453692e-06
