Local DOF,R_e Value
0,0.000000000000e+00
1,-2.019095374312e-04
2,0.000000000000e+00
3,0.000000000000e+00
4,-0.000000000000e+00
5,-1.851645633350e-06
6,0.000000000000e+00
7,-2.037630017386e-04
8,0.000000000000e+00
9,0.000000000000e+00
10,-0.000000000000e+00
11,-1.855888192336e-06
