Local DOF,R_e Value
0,0.000000000000e+00
1,-2.571380003277e-04
2,0.000000000000e+00
3,0.000000000000e+00
4,-0.000000000000e+00
5,-1.948750046831e-06
6,0.000000000000e+00
7,-2.590877752795e-04
8,0.000000000000e+00
9,0.000000000000e+00
10,-0.000000000000e+00
11,-1.951140477828e-06
