Local DOF,R_e Value
0,0.000000000000e+00
1,-1.785953182901e-05
2,0.000000000000e+00
3,0.000000000000e+00
4,-0.000000000000e+00
5,-7.054697536450e-07
6,0.000000000000e+00
7,-1.857048802192e-05
8,0.000000000000e+00
9,0.000000000000e+00
10,-0.000000000000e+00
11,-7.182704314953e-07
