Local DOF,R_e Value
0,0.000000000000e+00
1,-2.787211711063e-06
2,0.000000000000e+00
3,0.000000000000e+00
4,-0.000000000000e+00
5,-2.917514653739e-07
6,0.000000000000e+00
7,-3.085270757247e-06
8,0.000000000000e+00
9,0.000000000000e+00
10,-0.000000000000e+00
11,-3.064681401761e-07
