Local DOF,R_e Value
0,0.000000000000e+00
1,-3.183927667489e-04
2,0.000000000000e+00
3,0.000000000000e+00
4,-0.000000000000e+00
5,-1.993155493154e-06
6,0.000000000000e+00
7,-3.203860986351e-04
8,0.000000000000e+00
9,0.000000000000e+00
10,-0.000000000000e+00
11,-1.993566063144e-06
