Local DOF,R_e Value
0,0.000000000000e+00
1,-1.385309153336e-04
2,0.000000000000e+00
3,0.000000000000e+00
4,-0.000000000000e+00
5,-1.656378399728e-06
6,0.000000000000e+00
7,-1.401900977768e-04
8,0.000000000000e+00
9,0.000000000000e+00
10,-0.000000000000e+00
11,-1.662920154161e-06
