Local DOF,R_e Value
0,0.000000000000e+00
1,-1.090031777146e-05
2,0.000000000000e+00
3,0.000000000000e+00
4,-0.000000000000e+00
5,-5.604471039901e-07
6,0.000000000000e+00
7,-1.146655239995e-05
8,0.000000000000e+00
9,0.000000000000e+00
10,-0.000000000000e+00
11,-5.739503140546e-07
