Local DOF,R_e Value
0,0.000000000000e+00
1,-1.588570032913e-04
2,0.000000000000e+00
3,0.000000000000e+00
4,-0.000000000000e+00
5,-1.730664260241e-06
6,0.000000000000e+00
7,-1.605901431385e-04
8,0.000000000000e+00
9,0.000000000000e+00
10,-0.000000000000e+00
11,-1.736439616036e-06
