Local DOF,R_e Value
0,0.000000000000e+00
1,-9.353546131698e-05
2,0.000000000000e+00
3,0.000000000000e+00
4,-0.000000000000e+00
5,-1.438885564572e-06
6,0.000000000000e+00
7,-9.497794469527e-05
8,0.000000000000e+00
9,0.000000000000e+00
10,-0.000000000000e+00
11,-1.447279449480e-06
