Local DOF,R_e Value
0,0.000000000000e+00
1,-2.984945744343e-04
2,0.000000000000e+00
3,0.000000000000e+00
4,-0.000000000000e+00
5,-1.985537137645e-06
6,0.000000000000e+00
7,-3.004805616785e-04
8,0.000000000000e+00
9,0.000000000000e+00
10,-0.000000000000e+00
11,-1.986586372362e-06
