Local DOF,R_e Value
0,0.000000000000e+00
1,-2.708338139165e-04
2,0.000000000000e+00
3,0.000000000000e+00
4,-0.000000000000e+00
5,-1.964141868127e-06
6,0.000000000000e+00
7,-2.727987890901e-04
8,0.000000000000e+00
9,0.000000000000e+00
10,-0.000000000000e+00
11,-1.966085233861e-06
