Local DOF,R_e Value
0,0.000000000000e+00
1,-7.294562153082e-05
2,0.000000000000e+00
3,0.000000000000e+00
4,-0.000000000000e+00
5,-1.305313303102e-06
6,0.000000000000e+00
7,-7.425494321840e-05
8,0.000000000000e+00
9,0.000000000000e+00
10,-0.000000000000e+00
11,-1.314665186455e-06
