Local DOF,R_e Value
0,0.000000000000e+00
1,-3.398019106848e-06
2,0.000000000000e+00
3,0.000000000000e+00
4,-0.000000000000e+00
5,-3.211209484136e-07
6,0.000000000000e+00
7,-3.725392893302e-06
8,0.000000000000e+00
9,0.000000000000e+00
10,-0.000000000000e+00
11,-3.357098900863e-07
