Local DOF,R_e Value
0,0.000000000000e+00
1,-2.955804153591e-08
2,-0.000000000000e+00
3,0.000000000000e+00
4,0.000000000000e+00
5,-3.179641159702e-08
6,0.000000000000e+00
7,-6.812734731684e-08
8,-0.000000000000e+00
9,0.000000000000e+00
10,-0.000000000000e+00
11,-4.759881760507e-08
