Local DOF,R_e Value
0,0.000000000000e+00
1,-1.386561063504e-05
2,0.000000000000e+00
3,0.000000000000e+00
4,-0.000000000000e+00
5,-6.273244886659e-07
6,0.000000000000e+00
7,-1.449858579127e-05
8,0.000000000000e+00
9,0.000000000000e+00
10,-0.000000000000e+00
11,-6.405083659077e-07
