Local DOF,R_e Value
0,0.000000000000e+00
1,-2.471261180653e-05
2,0.000000000000e+00
3,0.000000000000e+00
4,-0.000000000000e+00
5,-8.183766579971e-07
6,0.000000000000e+00
7,-2.553622856133e-05
8,0.000000000000e+00
9,0.000000000000e+00
10,-0.000000000000e+00
11,-8.306025367736e-07
