Local DOF,R_e Value
0,0.000000000000e+00
1,-7.762369321754e-07
2,0.000000000000e+00
3,0.000000000000e+00
4,-0.000000000000e+00
5,-1.564273969065e-07
6,0.000000000000e+00
7,-9.392182523163e-07
8,0.000000000000e+00
9,0.000000000000e+00
10,-0.000000000000e+00
11,-1.717188706989e-07
