N,Vy,Vz,T,My,Mz
0.000000000000e+00,-1.080267765169e+03,0.000000000000e+00,0.000000000000e+00,0.000000000000e+00,-1.530914306637e+02
0.000000000000e+00,-3.328450520830e+02,0.000000000000e+00,0.000000000000e+00,0.000000000000e+00,-1.530914306637e+02
0.000000000000e+00,4.145776610033e+02,0.000000000000e+00,0.000000000000e+00,0.000000000000e+00,-1.530914306637e+02
