N,Vy,Vz,T,My,Mz
0.000000000000e+00,-7.432063483179e+02,0.000000000000e+00,0.000000000000e+00,0.000000000000e+00,-9.605407714816e+01
0.000000000000e+00,-2.742513020830e+02,0.000000000000e+00,0.000000000000e+00,0.000000000000e+00,-9.605407714816e+01
0.000000000000e+00,1.947037441520e+02,0.000000000000e+00,0.000000000000e+00,0.000000000000e+00,-9.605407714816e+01
