N,Vy,Vz,T,My,Mz
0.000000000000e+00,-1.458154743952e+03,0.000000000000e+00,0.000000000000e+00,0.000000000000e+00,-2.202911376949e+02
0.000000000000e+00,-3.826497395830e+02,0.000000000000e+00,0.000000000000e+00,0.000000000000e+00,-2.202911376949e+02
0.000000000000e+00,6.928552647859e+02,0.000000000000e+00,0.000000000000e+00,0.000000000000e+00,-2.202911376949e+02
