N,Vy,Vz,T,My,Mz
0.000000000000e+00,-4.550161081703e+02,0.000000000000e+00,0.000000000000e+00,0.000000000000e+00,-5.082702636699e+01
0.000000000000e+00,-2.068684895831e+02,0.000000000000e+00,0.000000000000e+00,0.000000000000e+00,-5.082702636699e+01
0.000000000000e+00,4.127912900413e+01,0.000000000000e+00,0.000000000000e+00,0.000000000000e+00,-5.082702636699e+01
