N,Vy,Vz,T,My,Mz
0.000000000000e+00,-2.304222928219e+03,0.000000000000e+00,0.000000000000e+00,0.000000000000e+00,-3.785858154291e+02
0.000000000000e+00,-4.558919270828e+02,0.000000000000e+00,0.000000000000e+00,0.000000000000e+00,-3.785858154291e+02
0.000000000000e+00,1.392439074053e+03,0.000000000000e+00,0.000000000000e+00,0.000000000000e+00,-3.785858154291e+02
