N,Vy,Vz,T,My,Mz
0.000000000000e+00,-1.328152887030e+03,0.000000000000e+00,0.000000000000e+00,0.000000000000e+00,-1.968638102210e+02
0.000000000000e+00,-3.670247395831e+02,0.000000000000e+00,0.000000000000e+00,0.000000000000e+00,-1.968638102210e+02
0.000000000000e+00,5.941034078640e+02,0.000000000000e+00,0.000000000000e+00,0.000000000000e+00,-1.968638102210e+02
