N,Vy,Vz,T,My,Mz
0.000000000000e+00,-1.051539431916e+02,0.000000000000e+00,0.000000000000e+00,0.000000000000e+00,-6.169637044241e+00
0.000000000000e+00,-7.503255208348e+01,0.000000000000e+00,0.000000000000e+00,0.000000000000e+00,-6.169637044241e+00
0.000000000000e+00,-4.491116097474e+01,0.000000000000e+00,0.000000000000e+00,0.000000000000e+00,-6.169637044241e+00
