N,Vy,Vz,T,My,Mz
0.000000000000e+00,-9.629804716949e+02,0.000000000000e+00,0.000000000000e+00,0.000000000000e+00,-1.328684488929e+02
0.000000000000e+00,-3.142903645833e+02,0.000000000000e+00,0.000000000000e+00,0.000000000000e+00,-1.328684488929e+02
0.000000000000e+00,3.343997425284e+02,0.000000000000e+00,0.000000000000e+00,0.000000000000e+00,-1.328684488929e+02
