N,Vy,Vz,T,My,Mz
0.000000000000e+00,-1.868821669893e+03,0.000000000000e+00,0.000000000000e+00,0.000000000000e+00,-2.960052490230e+02
0.000000000000e+00,-4.236653645831e+02,0.000000000000e+00,0.000000000000e+00,0.000000000000e+00,-2.960052490230e+02
0.000000000000e+00,1.021490940726e+03,0.000000000000e+00,0.000000000000e+00,0.000000000000e+00,-2.960052490230e+02
