N,Vy,Vz,T,My,Mz
0.000000000000e+00,-2.604258586442e+03,0.000000000000e+00,0.000000000000e+00,0.000000000000e+00,-4.366404215489e+02
0.000000000000e+00,-4.724934895828e+02,0.000000000000e+00,0.000000000000e+00,0.000000000000e+00,-4.366404215489e+02
0.000000000000e+00,1.659271607277e+03,0.000000000000e+00,0.000000000000e+00,0.000000000000e+00,-4.366404215489e+02
