N,Vy,Vz,T,My,Mz
0.000000000000e+00,-8.505273374998e+02,0.000000000000e+00,0.000000000000e+00,0.000000000000e+00,-1.138356526690e+02
0.000000000000e+00,-2.947591145829e+02,0.000000000000e+00,0.000000000000e+00,0.000000000000e+00,-1.138356526690e+02
0.000000000000e+00,2.610091083340e+02,0.000000000000e+00,0.000000000000e+00,0.000000000000e+00,-1.138356526690e+02
