N,Vy,Vz,T,My,Mz
0.000000000000e+00,-2.756312904159e+03,0.000000000000e+00,0.000000000000e+00,0.000000000000e+00,-4.663848876947e+02
0.000000000000e+00,-4.793294270828e+02,0.000000000000e+00,0.000000000000e+00,0.000000000000e+00,-4.663848876947e+02
0.000000000000e+00,1.797654049993e+03,0.000000000000e+00,0.000000000000e+00,0.000000000000e+00,-4.663848876947e+02
