N,Vy,Vz,T,My,Mz
0.000000000000e+00,-1.202091232192e+03,0.000000000000e+00,0.000000000000e+00,0.000000000000e+00,-1.744435628252e+02
0.000000000000e+00,-3.504231770834e+02,0.000000000000e+00,0.000000000000e+00,0.000000000000e+00,-1.744435628252e+02
0.000000000000e+00,5.012448780256e+02,0.000000000000e+00,0.000000000000e+00,0.000000000000e+00,-1.744435628252e+02
