N,Vy,Vz,T,My,Mz
0.000000000000e+00,-3.712035563612e+02,0.000000000000e+00,0.000000000000e+00,0.000000000000e+00,-3.866068522119e+01
0.000000000000e+00,-1.824544270826e+02,0.000000000000e+00,0.000000000000e+00,0.000000000000e+00,-3.866068522119e+01
0.000000000000e+00,6.294702196043e+00,0.000000000000e+00,0.000000000000e+00,0.000000000000e+00,-3.866068522119e+01
