N,Vy,Vz,T,My,Mz
0.000000000000e+00,-3.063004588139e+03,0.000000000000e+00,0.000000000000e+00,0.000000000000e+00,-5.270029703769e+02
0.000000000000e+00,-4.900716145829e+02,0.000000000000e+00,0.000000000000e+00,0.000000000000e+00,-5.270029703769e+02
0.000000000000e+00,2.082861358974e+03,0.000000000000e+00,0.000000000000e+00,0.000000000000e+00,-5.270029703769e+02
