N,Vy,Vz,T,My,Mz
0.000000000000e+00,-5.451527479208e+02,0.000000000000e+00,0.000000000000e+00,0.000000000000e+00,-6.448872884092e+01
0.000000000000e+00,-2.303059895832e+02,0.000000000000e+00,0.000000000000e+00,0.000000000000e+00,-6.448872884092e+01
0.000000000000e+00,8.454076875474e+01,0.000000000000e+00,0.000000000000e+00,0.000000000000e+00,-6.448872884092e+01
