N,Vy,Vz,T,My,Mz
0.000000000000e+00,-6.413154898807e+02,0.000000000000e+00,0.000000000000e+00,0.000000000000e+00,-7.958475748673e+01
0.000000000000e+00,-2.527669270828e+02,0.000000000000e+00,0.000000000000e+00,0.000000000000e+00,-7.958475748673e+01
0.000000000000e+00,1.357816357151e+02,0.000000000000e+00,0.000000000000e+00,0.000000000000e+00,-7.958475748673e+01
