N,Vy,Vz,T,My,Mz
0.000000000000e+00,-3.678376549788e+03,0.000000000000e+00,0.000000000000e+00,0.000000000000e+00,-6.510467529289e+02
0.000000000000e+00,-4.998372395829e+02,0.000000000000e+00,0.000000000000e+00,0.000000000000e+00,-6.510467529289e+02
0.000000000000e+00,2.678702070622e+03,0.000000000000e+00,0.000000000000e+00,0.000000000000e+00,-6.510467529289e+02
