N,Vy,Vz,T,My,Mz
0.000000000000e+00,-3.217045982939e+03,0.000000000000e+00,0.000000000000e+00,0.000000000000e+00,-5.577545166008e+02
0.000000000000e+00,-4.939778645829e+02,0.000000000000e+00,0.000000000000e+00,0.000000000000e+00,-5.577545166008e+02
0.000000000000e+00,2.229090253773e+03,0.000000000000e+00,0.000000000000e+00,0.000000000000e+00,-5.577545166008e+02
