N,Vy,Vz,T,My,Mz
0.000000000000e+00,-2.156837559177e+03,0.000000000000e+00,0.000000000000e+00,0.000000000000e+00,-3.503977457677e+02
0.000000000000e+00,-4.461263020829e+02,0.000000000000e+00,0.000000000000e+00,0.000000000000e+00,-3.503977457677e+02
0.000000000000e+00,1.264584955011e+03,0.000000000000e+00,0.000000000000e+00,0.000000000000e+00,-3.503977457677e+02
