Local DOF,R_e Value
0,0.000000000000e+00
1,-2.146401841631e-04
2,0.000000000000e+00
3,0.000000000000e+00
4,-0.000000000000e+00
5,-4.696749438160e-06
6,0.000000000000e+00
7,-2.193469602526e-04
8,0.000000000000e+00
9,0.000000000000e+00
10,-0.000000000000e+00
11,-4.720129117990e-06
