Local DOF,R_e Value
0,0.000000000000e+00
1,-1.190605390402e-06
2,0.000000000000e+00
3,0.000000000000e+00
4,-0.000000000000e+00
5,-4.861262481359e-07
6,0.000000000000e+00
7,-1.717123360075e-06
8,0.000000000000e+00
9,0.000000000000e+00
10,-0.000000000000e+00
11,-5.803577585005e-07
