Local DOF,R_e Value
0,0.000000000000e+00
1,-7.211656782555e-05
2,0.000000000000e+00
3,0.000000000000e+00
4,-0.000000000000e+00
5,-3.249775373633e-06
6,0.000000000000e+00
7,-7.539133854729e-05
8,0.000000000000e+00
9,0.000000000000e+00
10,-0.000000000000e+00
11,-3.308082012645e-06
