Local DOF,R_e Value
0,0.000000000000e+00
1,-1.055720801634e-05
2,0.000000000000e+00
3,0.000000000000e+00
4,-0.000000000000e+00
5,-1.383535262824e-06
6,0.000000000000e+00
7,-1.197685823032e-05
8,0.000000000000e+00
9,0.000000000000e+00
10,-0.000000000000e+00
11,-1.467787642292e-06
