Local DOF,R_e Value
0,0.000000000000e+00
1,-1.690543243137e-04
2,0.000000000000e+00
3,0.000000000000e+00
4,-0.000000000000e+00
5,-4.408067416740e-06
6,0.000000000000e+00
7,-1.734766951523e-04
8,0.000000000000e+00
9,0.000000000000e+00
10,-0.000000000000e+00
11,-4.441426227998e-06
