ε_xx,ε_yy,ε_zz,γ_xy,γ_yz,γ_xz
0.000000000000e+00,0.000000000000e+00,-5.720995819266e-04,-1.145724995803e-05,0.000000000000e+00,0.000000000000e+00
0.000000000000e+00,0.000000000000e+00,-5.720995819266e-04,-4.533086979362e-06,0.000000000000e+00,0.000000000000e+00
0.000000000000e+00,0.000000000000e+00,-5.720995819266e-04,2.391075999307e-06,0.000000000000e+00,0.000000000000e+00
