ε_xx,ε_yy,ε_zz,γ_xy,γ_yz,γ_xz
0.000000000000e+00,0.000000000000e+00,-1.149792528856e-03,-1.941821766582e-05,0.000000000000e+00,0.000000000000e+00
0.000000000000e+00,0.000000000000e+00,-1.149792528856e-03,-5.502194803784e-06,0.000000000000e+00,0.000000000000e+00
0.000000000000e+00,0.000000000000e+00,-1.149792528856e-03,8.413828058255e-06,0.000000000000e+00,0.000000000000e+00
