ε_xx,ε_yy,ε_zz,γ_xy,γ_yz,γ_xz
0.000000000000e+00,0.000000000000e+00,-1.502811155495e-03,-2.384268236159e-05,0.000000000000e+00,0.000000000000e+00
0.000000000000e+00,0.000000000000e+00,-1.502811155495e-03,-5.654049306187e-06,0.000000000000e+00,0.000000000000e+00
0.000000000000e+00,0.000000000000e+00,-1.502811155495e-03,1.253458374922e-05,0.000000000000e+00,0.000000000000e+00
