ε_xx,ε_yy,ε_zz,γ_xy,γ_yz,γ_xz
0.000000000000e+00,0.000000000000e+00,-9.790477024148e-04,-1.717221616246e-05,0.000000000000e+00,0.000000000000e+00
0.000000000000e+00,0.000000000000e+00,-9.790477024148e-04,-5.322730391854e-06,0.000000000000e+00,0.000000000000e+00
0.000000000000e+00,0.000000000000e+00,-9.790477024148e-04,6.526755378757e-06,0.000000000000e+00,0.000000000000e+00
