ε_xx,ε_yy,ε_zz,γ_xy,γ_yz,γ_xz
0.000000000000e+00,0.000000000000e+00,-1.219491338508e-03,-2.031424627215e-05,0.000000000000e+00,0.000000000000e+00
0.000000000000e+00,0.000000000000e+00,-1.219491338508e-03,-5.554653631886e-06,0.000000000000e+00,0.000000000000e+00
0.000000000000e+00,0.000000000000e+00,-1.219491338508e-03,9.204939008379e-06,0.000000000000e+00,0.000000000000e+00
