ε_xx,ε_yy,ε_zz,γ_xy,γ_yz,γ_xz
0.000000000000e+00,0.000000000000e+00,-1.115208507954e-03,-1.896927383723e-05,0.000000000000e+00,0.000000000000e+00
0.000000000000e+00,0.000000000000e+00,-1.115208507954e-03,-5.471823903303e-06,0.000000000000e+00,0.000000000000e+00
0.000000000000e+00,0.000000000000e+00,-1.115208507954e-03,8.025626030620e-06,0.000000000000e+00,0.000000000000e+00
