ε_xx,ε_yy,ε_zz,γ_xy,γ_yz,γ_xz
0.000000000000e+00,0.000000000000e+00,-2.699795616939e-04,-6.657619056945e-06,0.000000000000e+00,0.000000000000e+00
0.000000000000e+00,0.000000000000e+00,-2.699795616939e-04,-3.390036724893e-06,0.000000000000e+00,0.000000000000e+00
0.000000000000e+00,0.000000000000e+00,-2.699795616939e-04,-1.224543928410e-07,0.000000000000e+00,0.000000000000e+00
