ε_xx,ε_yy,ε_zz,γ_xy,γ_yz,γ_xz
0.000000000000e+00,0.000000000000e+00,-4.102327903711e-04,-8.976337080451e-06,0.000000000000e+00,0.000000000000e+00
0.000000000000e+00,0.000000000000e+00,-4.102327903711e-04,-4.011259689279e-06,0.000000000000e+00,0.000000000000e+00
0.000000000000e+00,0.000000000000e+00,-4.102327903711e-04,9.538177018972e-07,0.000000000000e+00,0.000000000000e+00
