ε_xx,ε_yy,ε_zz,γ_xy,γ_yz,γ_xz
0.000000000000e+00,0.000000000000e+00,-1.396022404608e-03,-2.253364437291e-05,0.000000000000e+00,0.000000000000e+00
0.000000000000e+00,0.000000000000e+00,-1.396022404608e-03,-5.637483360470e-06,0.000000000000e+00,0.000000000000e+00
0.000000000000e+00,0.000000000000e+00,-1.396022404608e-03,1.125867765197e-05,0.000000000000e+00,0.000000000000e+00
