ε_xx,ε_yy,ε_zz,γ_xy,γ_yz,γ_xz
0.000000000000e+00,0.000000000000e+00,-8.150462379828e-04,-1.493880528765e-05,0.000000000000e+00,0.000000000000e+00
0.000000000000e+00,0.000000000000e+00,-8.150462379828e-04,-5.074241206099e-06,0.000000000000e+00,0.000000000000e+00
0.000000000000e+00,0.000000000000e+00,-8.150462379828e-04,4.790322875451e-06,0.000000000000e+00,0.000000000000e+00
