ε_xx,ε_yy,ε_zz,γ_xy,γ_yz,γ_xz
0.000000000000e+00,0.000000000000e+00,-4.358111600736e-04,-9.379787647475e-06,0.000000000000e+00,0.000000000000e+00
0.000000000000e+00,0.000000000000e+00,-4.358111600736e-04,-4.105133381675e-06,0.000000000000e+00,0.000000000000e+00
0.000000000000e+00,0.000000000000e+00,-4.358111600736e-04,1.169520884126e-06,0.000000000000e+00,0.000000000000e+00
