ε_xx,ε_yy,ε_zz,γ_xy,γ_yz,γ_xz
0.000000000000e+00,0.000000000000e+00,-8.145836288494e-05,-2.978871811728e-06,0.000000000000e+00,0.000000000000e+00
0.000000000000e+00,0.000000000000e+00,-8.145836288494e-05,-1.992975302775e-06,0.000000000000e+00,0.000000000000e+00
0.000000000000e+00,0.000000000000e+00,-8.145836288494e-05,-1.007078793830e-06,0.000000000000e+00,0.000000000000e+00
