ε_xx,ε_yy,ε_zz,γ_xy,γ_yz,γ_xz
0.000000000000e+00,0.000000000000e+00,-1.379126294776e-06,-2.785256415297e-07,0.000000000000e+00,0.000000000000e+00
0.000000000000e+00,0.000000000000e+00,-1.379126294776e-06,-2.618339753693e-07,0.000000000000e+00,0.000000000000e+00
0.000000000000e+00,0.000000000000e+00,-1.379126294776e-06,-2.451423092090e-07,0.000000000000e+00,0.000000000000e+00
