ε_xx,ε_yy,ε_zz,γ_xy,γ_yz,γ_xz
0.000000000000e+00,0.000000000000e+00,-6.934931497608e-05,-2.688743591890e-06,0.000000000000e+00,0.000000000000e+00
0.000000000000e+00,0.000000000000e+00,-6.934931497608e-05,-1.849403773228e-06,0.000000000000e+00,0.000000000000e+00
0.000000000000e+00,0.000000000000e+00,-6.934931497608e-05,-1.010063954560e-06,0.000000000000e+00,0.000000000000e+00
