ε_xx,ε_yy,ε_zz,γ_xy,γ_yz,γ_xz
0.000000000000e+00,0.000000000000e+00,-2.916946375486e-04,-7.030877842394e-06,0.000000000000e+00,0.000000000000e+00
0.000000000000e+00,0.000000000000e+00,-2.916946375486e-04,-3.500476363008e-06,0.000000000000e+00,0.000000000000e+00
0.000000000000e+00,0.000000000000e+00,-2.916946375486e-04,2.992511638142e-08,0.000000000000e+00,0.000000000000e+00
