ε_xx,ε_yy,ε_zz,γ_xy,γ_yz,γ_xz
0.000000000000e+00,0.000000000000e+00,-2.286811824905e-04,-5.928619511365e-06,0.000000000000e+00,0.000000000000e+00
0.000000000000e+00,0.000000000000e+00,-2.286811824905e-04,-3.160874475810e-06,0.000000000000e+00,0.000000000000e+00
0.000000000000e+00,0.000000000000e+00,-2.286811824905e-04,-3.931294402584e-07,0.000000000000e+00,0.000000000000e+00
