ε_xx,ε_yy,ε_zz,γ_xy,γ_yz,γ_xz
0.000000000000e+00,0.000000000000e+00,-3.022331346950e-05,-1.613302713449e-06,0.000000000000e+00,0.000000000000e+00
0.000000000000e+00,0.000000000000e+00,-3.022331346950e-05,-1.247507745529e-06,0.000000000000e+00,0.000000000000e+00
0.000000000000e+00,0.000000000000e+00,-3.022331346950e-05,-8.817127776090e-07,0.000000000000e+00,0.000000000000e+00
