ε_xx,ε_yy,ε_zz,γ_xy,γ_yz,γ_xz
0.000000000000e+00,0.000000000000e+00,-1.467183001121e-03,-2.340871121893e-05,0.000000000000e+00,0.000000000000e+00
0.000000000000e+00,0.000000000000e+00,-1.467183001121e-03,-5.651288315234e-06,0.000000000000e+00,0.000000000000e+00
0.000000000000e+00,0.000000000000e+00,-1.467183001121e-03,1.210613458846e-05,0.000000000000e+00,0.000000000000e+00
