ε_xx,ε_yy,ε_zz,γ_xy,γ_yz,γ_xz
0.000000000000e+00,0.000000000000e+00,-2.285637174768e-05,-1.366763596009e-06,0.000000000000e+00,0.000000000000e+00
0.000000000000e+00,0.000000000000e+00,-2.285637174768e-05,-1.090131261219e-06,0.000000000000e+00,0.000000000000e+00
0.000000000000e+00,0.000000000000e+00,-2.285637174768e-05,-8.134989264233e-07,0.000000000000e+00,0.000000000000e+00
