ε_xx,ε_yy,ε_zz,γ_xy,γ_yz,γ_xz
0.000000000000e+00,0.000000000000e+00,-6.302085100352e-04,-1.231240105678e-05,0.000000000000e+00,0.000000000000e+00
0.000000000000e+00,0.000000000000e+00,-6.302085100352e-04,-4.684941481760e-06,0.000000000000e+00,0.000000000000e+00
0.000000000000e+00,0.000000000000e+00,-6.302085100352e-04,2.942518093255e-06,0.000000000000e+00,0.000000000000e+00
