ε_xx,ε_yy,ε_zz,γ_xy,γ_yz,γ_xz
0.000000000000e+00,0.000000000000e+00,-6.599634136272e-04,-1.274431259054e-05,0.000000000000e+00,0.000000000000e+00
0.000000000000e+00,0.000000000000e+00,-6.599634136272e-04,-4.756727246530e-06,0.000000000000e+00,0.000000000000e+00
0.000000000000e+00,0.000000000000e+00,-6.599634136272e-04,3.230858097482e-06,0.000000000000e+00,0.000000000000e+00
