ε_xx,ε_yy,ε_zz,γ_xy,γ_yz,γ_xz
0.000000000000e+00,0.000000000000e+00,-8.472026485612e-04,-1.538321648997e-05,0.000000000000e+00,0.000000000000e+00
0.000000000000e+00,0.000000000000e+00,-8.472026485612e-04,-5.129461025157e-06,0.000000000000e+00,0.000000000000e+00
0.000000000000e+00,0.000000000000e+00,-8.472026485612e-04,5.124294439657e-06,0.000000000000e+00,0.000000000000e+00
