ε_xx,ε_yy,ε_zz,γ_xy,γ_yz,γ_xz
0.000000000000e+00,0.000000000000e+00,-7.832465730074e-04,-1.449595081244e-05,0.000000000000e+00,0.000000000000e+00
0.000000000000e+00,0.000000000000e+00,-7.832465730074e-04,-5.016260396094e-06,0.000000000000e+00,0.000000000000e+00
0.000000000000e+00,0.000000000000e+00,-7.832465730074e-04,4.463430020255e-06,0.000000000000e+00,0.000000000000e+00
