ε_xx,ε_yy,ε_zz,γ_xy,γ_yz,γ_xz
0.000000000000e+00,0.000000000000e+00,-9.456383316695e-04,-1.672368425564e-05,0.000000000000e+00,0.000000000000e+00
0.000000000000e+00,0.000000000000e+00,-9.456383316695e-04,-5.278554536609e-06,0.000000000000e+00,0.000000000000e+00
0.000000000000e+00,0.000000000000e+00,-9.456383316695e-04,6.166575182427e-06,0.000000000000e+00,0.000000000000e+00
