ε_xx,ε_yy,ε_zz,γ_xy,γ_yz,γ_xz
0.000000000000e+00,0.000000000000e+00,-7.207870887639e-04,-1.361575452492e-05,0.000000000000e+00,0.000000000000e+00
0.000000000000e+00,0.000000000000e+00,-7.207870887639e-04,-4.892015803219e-06,0.000000000000e+00,0.000000000000e+00
0.000000000000e+00,0.000000000000e+00,-7.207870887639e-04,3.831722918481e-06,0.000000000000e+00,0.000000000000e+00
