ε_xx,ε_yy,ε_zz,γ_xy,γ_yz,γ_xz
0.000000000000e+00,0.000000000000e+00,-9.125160976291e-04,-1.627586659436e-05,0.000000000000e+00,0.000000000000e+00
0.000000000000e+00,0.000000000000e+00,-9.125160976291e-04,-5.231617690411e-06,0.000000000000e+00,0.000000000000e+00
0.000000000000e+00,0.000000000000e+00,-9.125160976291e-04,5.812631213538e-06,0.000000000000e+00,0.000000000000e+00
