ε_xx,ε_yy,ε_zz,γ_xy,γ_yz,γ_xz
0.000000000000e+00,0.000000000000e+00,-7.518210558596e-04,-1.405486368473e-05,0.000000000000e+00,0.000000000000e+00
0.000000000000e+00,0.000000000000e+00,-7.518210558596e-04,-4.955518595135e-06,0.000000000000e+00,0.000000000000e+00
0.000000000000e+00,0.000000000000e+00,-7.518210558596e-04,4.143826494468e-06,0.000000000000e+00,0.000000000000e+00
