ε_xx,ε_yy,ε_zz,γ_xy,γ_yz,γ_xz
0.000000000000e+00,0.000000000000e+00,-1.360524766918e-03,-2.209296991034e-05,0.000000000000e+00,0.000000000000e+00
0.000000000000e+00,0.000000000000e+00,-1.360524766918e-03,-5.626439396659e-06,0.000000000000e+00,0.000000000000e+00
0.000000000000e+00,0.000000000000e+00,-1.360524766918e-03,1.084009111702e-05,0.000000000000e+00,0.000000000000e+00
