ε_xx,ε_yy,ε_zz,γ_xy,γ_yz,γ_xz
0.000000000000e+00,0.000000000000e+00,-6.828922946532e-06,-6.840868151947e-07,0.000000000000e+00,0.000000000000e+00
0.000000000000e+00,0.000000000000e+00,-6.828922946532e-06,-6.014358625503e-07,0.000000000000e+00,0.000000000000e+00
0.000000000000e+00,0.000000000000e+00,-6.828922946532e-06,-5.187849099128e-07,0.000000000000e+00,0.000000000000e+00
