ε_xx,ε_yy,ε_zz,γ_xy,γ_yz,γ_xz
0.000000000000e+00,0.000000000000e+00,-1.649005793684e-05,-1.129574160222e-06,0.000000000000e+00,0.000000000000e+00
0.000000000000e+00,0.000000000000e+00,-1.649005793684e-05,-9.299937859530e-07,0.000000000000e+00,0.000000000000e+00
0.000000000000e+00,0.000000000000e+00,-1.649005793684e-05,-7.304134116773e-07,0.000000000000e+00,0.000000000000e+00
