ε_xx,ε_yy,ε_zz,γ_xy,γ_yz,γ_xz
0.000000000000e+00,0.000000000000e+00,-1.386826779129e-04,-4.218138080075e-06,0.000000000000e+00,0.000000000000e+00
0.000000000000e+00,0.000000000000e+00,-1.386826779129e-04,-2.539651511438e-06,0.000000000000e+00,0.000000000000e+00
0.000000000000e+00,0.000000000000e+00,-1.386826779129e-04,-8.611649427934e-07,0.000000000000e+00,0.000000000000e+00
