ε_xx,ε_yy,ε_zz,γ_xy,γ_yz,γ_xz
0.000000000000e+00,0.000000000000e+00,-1.550987763954e-04,-4.546589892442e-06,0.000000000000e+00,0.000000000000e+00
0.000000000000e+00,0.000000000000e+00,-1.550987763954e-04,-2.669418086208e-06,0.000000000000e+00,0.000000000000e+00
0.000000000000e+00,0.000000000000e+00,-1.550987763954e-04,-7.922462799681e-07,0.000000000000e+00,0.000000000000e+00
