ε_xx,ε_yy,ε_zz,γ_xy,γ_yz,γ_xz
0.000000000000e+00,0.000000000000e+00,-1.012726807640e-03,-1.762125169442e-05,0.000000000000e+00,0.000000000000e+00
0.000000000000e+00,0.000000000000e+00,-1.012726807640e-03,-5.364145256144e-06,0.000000000000e+00,0.000000000000e+00
0.000000000000e+00,0.000000000000e+00,-1.012726807640e-03,6.892961182135e-06,0.000000000000e+00,0.000000000000e+00
