ε_xx,ε_yy,ε_zz,γ_xy,γ_yz,γ_xz
0.000000000000e+00,0.000000000000e+00,-5.159745074155e-04,-1.061506562029e-05,0.000000000000e+00,0.000000000000e+00
0.000000000000e+00,0.000000000000e+00,-5.159745074155e-04,-4.370188513139e-06,0.000000000000e+00,0.000000000000e+00
0.000000000000e+00,0.000000000000e+00,-5.159745074155e-04,1.874688594007e-06,0.000000000000e+00,0.000000000000e+00
