ε_xx,ε_yy,ε_zz,γ_xy,γ_yz,γ_xz
0.000000000000e+00,0.000000000000e+00,-1.903411814589e-04,-5.224381468820e-06,0.000000000000e+00,0.000000000000e+00
0.000000000000e+00,0.000000000000e+00,-1.903411814589e-04,-2.920668262921e-06,0.000000000000e+00,0.000000000000e+00
0.000000000000e+00,0.000000000000e+00,-1.903411814589e-04,-6.169550570284e-07,0.000000000000e+00,0.000000000000e+00
