ε_xx,ε_yy,ε_zz,γ_xy,γ_yz,γ_xz
0.000000000000e+00,0.000000000000e+00,-4.886994208203e-04,-1.019936253779e-05,0.000000000000e+00,0.000000000000e+00
0.000000000000e+00,0.000000000000e+00,-4.886994208203e-04,-4.284597793607e-06,0.000000000000e+00,0.000000000000e+00
0.000000000000e+00,0.000000000000e+00,-4.886994208203e-04,1.630166950574e-06,0.000000000000e+00,0.000000000000e+00
