ε_xx,ε_yy,ε_zz,γ_xy,γ_yz,γ_xz
0.000000000000e+00,0.000000000000e+00,-1.184559273115e-03,-1.986661201760e-05,0.000000000000e+00,0.000000000000e+00
0.000000000000e+00,0.000000000000e+00,-1.184559273115e-03,-5.529804713312e-06,0.000000000000e+00,0.000000000000e+00
0.000000000000e+00,0.000000000000e+00,-1.184559273115e-03,8.807002590973e-06,0.000000000000e+00,0.000000000000e+00
