ε_xx,ε_yy,ε_zz,γ_xy,γ_yz,γ_xz
0.000000000000e+00,0.000000000000e+00,-8.796984025182e-04,-1.582897379900e-05,0.000000000000e+00,0.000000000000e+00
0.000000000000e+00,0.000000000000e+00,-8.796984025182e-04,-5.181919853260e-06,0.000000000000e+00,0.000000000000e+00
0.000000000000e+00,0.000000000000e+00,-8.796984025182e-04,5.465134092483e-06,0.000000000000e+00,0.000000000000e+00
