ε_xx,ε_yy,ε_zz,γ_xy,γ_yz,γ_xz
0.000000000000e+00,0.000000000000e+00,-1.431580950084e-03,-2.297229501590e-05,0.000000000000e+00,0.000000000000e+00
0.000000000000e+00,0.000000000000e+00,-1.431580950084e-03,-5.645766333329e-06,0.000000000000e+00,0.000000000000e+00
0.000000000000e+00,0.000000000000e+00,-1.431580950084e-03,1.168076234925e-05,0.000000000000e+00,0.000000000000e+00
