ε_xx,ε_yy,ε_zz,γ_xy,γ_yz,γ_xz
0.000000000000e+00,0.000000000000e+00,-2.769854072562e-07,-9.124391992660e-08,0.000000000000e+00,0.000000000000e+00
0.000000000000e+00,0.000000000000e+00,-2.769854072562e-07,-8.789154533340e-08,0.000000000000e+00,0.000000000000e+00
0.000000000000e+00,0.000000000000e+00,-2.769854072562e-07,-8.453917074019e-08,0.000000000000e+00,0.000000000000e+00
