ε_xx,ε_yy,ε_zz,γ_xy,γ_yz,γ_xz
0.000000000000e+00,0.000000000000e+00,-2.091326835909e-04,-5.573299992012e-06,0.000000000000e+00,0.000000000000e+00
0.000000000000e+00,0.000000000000e+00,-2.091326835909e-04,-3.042151864838e-06,0.000000000000e+00,0.000000000000e+00
0.000000000000e+00,0.000000000000e+00,-2.091326835909e-04,-5.110037376681e-07,0.000000000000e+00,0.000000000000e+00
