ε_xx,ε_yy,ε_zz,γ_xy,γ_yz,γ_xz
0.000000000000e+00,0.000000000000e+00,-1.325105439239e-03,-2.165048224858e-05,0.000000000000e+00,0.000000000000e+00
0.000000000000e+00,0.000000000000e+00,-1.325105439239e-03,-5.612634441895e-06,0.000000000000e+00,0.000000000000e+00
0.000000000000e+00,0.000000000000e+00,-1.325105439239e-03,1.042521336479e-05,0.000000000000e+00,0.000000000000e+00
