ε_xx,ε_yy,ε_zz,γ_xy,γ_yz,γ_xz
0.000000000000e+00,0.000000000000e+00,-1.723240783188e-04,-4.882074562167e-06,0.000000000000e+00,0.000000000000e+00
0.000000000000e+00,0.000000000000e+00,-1.723240783188e-04,-2.796423670036e-06,0.000000000000e+00,0.000000000000e+00
0.000000000000e+00,0.000000000000e+00,-1.723240783188e-04,-7.107727779121e-07,0.000000000000e+00,0.000000000000e+00
