ε_xx,ε_yy,ε_zz,γ_xy,γ_yz,γ_xz
0.000000000000e+00,0.000000000000e+00,-3.140971012726e-04,-7.409695142419e-06,0.000000000000e+00,0.000000000000e+00
0.000000000000e+00,0.000000000000e+00,-3.140971012726e-04,-3.608155010170e-06,0.000000000000e+00,0.000000000000e+00
0.000000000000e+00,0.000000000000e+00,-3.140971012726e-04,1.933851220826e-07,0.000000000000e+00,0.000000000000e+00
