ε_xx,ε_yy,ε_zz,γ_xy,γ_yz,γ_xz
0.000000000000e+00,0.000000000000e+00,-3.857348087778e-05,-1.868980892140e-06,0.000000000000e+00,0.000000000000e+00
0.000000000000e+00,0.000000000000e+00,-3.857348087778e-05,-1.402123238875e-06,0.000000000000e+00,0.000000000000e+00
0.000000000000e+00,0.000000000000e+00,-3.857348087778e-05,-9.352655856096e-07,0.000000000000e+00,0.000000000000e+00
