N,Vy,Vz,T,My,Mz
0.000000000000e+00,-1.014194278370e+04,0.000000000000e+00,0.000000000000e+00,0.000000000000e+00,-9.394531250007e+02
0.000000000000e+00,-9.687500000006e+02,0.000000000000e+00,0.000000000000e+00,0.000000000000e+00,-9.394531250007e+02
0.000000000000e+00,8.204442783700e+03,0.000000000000e+00,0.000000000000e+00,0.000000000000e+00,-9.394531250007e+02
