N,Vy,Vz,T,My,Mz
0.000000000000e+00,-1.507086298973e+03,0.000000000000e+00,0.000000000000e+00,0.000000000000e+00,-1.191406250001e+02
0.000000000000e+00,-3.437500000006e+02,0.000000000000e+00,0.000000000000e+00,0.000000000000e+00,-1.191406250001e+02
0.000000000000e+00,8.195862989716e+02,0.000000000000e+00,0.000000000000e+00,0.000000000000e+00,-1.191406250001e+02
