N,Vy,Vz,T,My,Mz
0.000000000000e+00,-1.891054343422e+02,0.000000000000e+00,0.000000000000e+00,0.000000000000e+00,-9.765625000007e+00
0.000000000000e+00,-9.374999999997e+01,0.000000000000e+00,0.000000000000e+00,0.000000000000e+00,-9.765625000007e+00
0.000000000000e+00,1.605434342066e+00,0.000000000000e+00,0.000000000000e+00,0.000000000000e+00,-9.765625000007e+00
