N,Vy,Vz,T,My,Mz
0.000000000000e+00,-2.027292383814e+03,0.000000000000e+00,0.000000000000e+00,0.000000000000e+00,-1.660156250001e+02
0.000000000000e+00,-4.062500000004e+02,0.000000000000e+00,0.000000000000e+00,0.000000000000e+00,-1.660156250001e+02
0.000000000000e+00,1.214792383813e+03,0.000000000000e+00,0.000000000000e+00,0.000000000000e+00,-1.660156250001e+02
