N,Vy,Vz,T,My,Mz
0.000000000000e+00,-4.870960197917e+03,0.000000000000e+00,0.000000000000e+00,0.000000000000e+00,-4.316406250003e+02
0.000000000000e+00,-6.562500000004e+02,0.000000000000e+00,0.000000000000e+00,0.000000000000e+00,-4.316406250003e+02
0.000000000000e+00,3.558460197916e+03,0.000000000000e+00,0.000000000000e+00,0.000000000000e+00,-4.316406250003e+02
