N,Vy,Vz,T,My,Mz
0.000000000000e+00,-4.041741292894e+02,0.000000000000e+00,0.000000000000e+00,0.000000000000e+00,-2.539062500001e+01
0.000000000000e+00,-1.562500000003e+02,0.000000000000e+00,0.000000000000e+00,0.000000000000e+00,-2.539062500001e+01
0.000000000000e+00,9.167412928889e+01,0.000000000000e+00,0.000000000000e+00,0.000000000000e+00,-2.539062500001e+01
