N,Vy,Vz,T,My,Mz
0.000000000000e+00,-7.804696706967e+03,0.000000000000e+00,0.000000000000e+00,0.000000000000e+00,-7.128906250005e+02
0.000000000000e+00,-8.437500000005e+02,0.000000000000e+00,0.000000000000e+00,0.000000000000e+00,-7.128906250005e+02
0.000000000000e+00,6.117196706965e+03,0.000000000000e+00,0.000000000000e+00,0.000000000000e+00,-7.128906250005e+02
