Local DOF,R_e Value
0,0.000000000000e+00
1,-2.675305973882e-04
2,0.000000000000e+00
3,0.000000000000e+00
4,0.000000000000e+00
5,-6.429074933500e-04
6,0.000000000000e+00
7,-3.521788847093e-04
8,0.000000000000e+00
9,0.000000000000e+00
10,0.000000000000e+00
11,-7.096183410480e-04
