Local DOF,R_e Value
0,0.000000000000e+00
1,-1.919202520607e-04
2,0.000000000000e+00
3,0.000000000000e+00
4,0.000000000000e+00
5,-5.649588691186e-04
6,0.000000000000e+00
7,-2.675305973882e-04
8,0.000000000000e+00
9,0.000000000000e+00
10,0.000000000000e+00
11,-6.429074933500e-04
