Local DOF,R_e Value
0,0.000000000000e+00
1,-5.431122251956e-04
2,0.000000000000e+00
3,0.000000000000e+00
4,0.000000000000e+00
5,-8.109323520944e-04
6,0.000000000000e+00
7,-6.468095675718e-04
8,0.000000000000e+00
9,0.000000000000e+00
10,0.000000000000e+00
11,-8.466602792223e-04
