Local DOF,R_e Value
0,0.000000000000e+00
1,-8.648353075499e-04
2,0.000000000000e+00
3,0.000000000000e+00
4,0.000000000000e+00
5,-8.922184329554e-04
6,0.000000000000e+00
7,-9.771739783036e-04
8,0.000000000000e+00
9,0.000000000000e+00
10,0.000000000000e+00
11,-9.041653501389e-04
