Local DOF,R_e Value
0,0.000000000000e+00
1,-8.664773041144e-06
2,0.000000000000e+00
3,0.000000000000e+00
4,0.000000000000e+00
5,-1.366564789008e-04
6,0.000000000000e+00
7,-3.366935272877e-05
8,0.000000000000e+00
9,0.000000000000e+00
10,0.000000000000e+00
11,-2.614385498871e-04
