Local DOF,R_e Value
0,0.000000000000e+00
1,-7.353059822186e-05
2,0.000000000000e+00
3,0.000000000000e+00
4,0.000000000000e+00
5,-3.743691258879e-04
6,0.000000000000e+00
7,-1.267702268004e-04
8,0.000000000000e+00
9,0.000000000000e+00
10,0.000000000000e+00
11,-4.755059242811e-04
