N,Vy,Vz,T,My,Mz
0.000000000000e+00,-5.000776500932e+03,0.000000000000e+00,0.000000000000e+00,0.000000000000e+00,-9.218749999986e+02
0.000000000000e+00,-4.999999999992e+02,0.000000000000e+00,0.000000000000e+00,0.000000000000e+00,-9.218749999986e+02
0.000000000000e+00,4.000776500933e+03,0.000000000000e+00,0.000000000000e+00,0.000000000000e+00,-9.218749999986e+02
