N,Vy,Vz,T,My,Mz
0.000000000000e+00,-2.254539991888e+03,0.000000000000e+00,0.000000000000e+00,0.000000000000e+00,-3.593749999995e+02
0.000000000000e+00,-4.999999999993e+02,0.000000000000e+00,0.000000000000e+00,0.000000000000e+00,-3.593749999995e+02
0.000000000000e+00,1.254539991889e+03,0.000000000000e+00,0.000000000000e+00,0.000000000000e+00,-3.593749999995e+02
