N,Vy,Vz,T,My,Mz
0.000000000000e+00,-2.101971296942e+03,0.000000000000e+00,0.000000000000e+00,0.000000000000e+00,-3.281249999995e+02
0.000000000000e+00,-4.999999999996e+02,0.000000000000e+00,0.000000000000e+00,0.000000000000e+00,-3.281249999995e+02
0.000000000000e+00,1.101971296942e+03,0.000000000000e+00,0.000000000000e+00,0.000000000000e+00,-3.281249999995e+02
