N,Vy,Vz,T,My,Mz
0.000000000000e+00,-1.033990432314e+03,0.000000000000e+00,0.000000000000e+00,0.000000000000e+00,-1.093749999999e+02
0.000000000000e+00,-5.000000000002e+02,0.000000000000e+00,0.000000000000e+00,0.000000000000e+00,-1.093749999999e+02
0.000000000000e+00,3.399043231429e+01,0.000000000000e+00,0.000000000000e+00,0.000000000000e+00,-1.093749999999e+02
