N,Vy,Vz,T,My,Mz
0.000000000000e+00,-4.543070416091e+03,0.000000000000e+00,0.000000000000e+00,0.000000000000e+00,-8.281249999988e+02
0.000000000000e+00,-4.999999999991e+02,0.000000000000e+00,0.000000000000e+00,0.000000000000e+00,-8.281249999988e+02
0.000000000000e+00,3.543070416093e+03,0.000000000000e+00,0.000000000000e+00,0.000000000000e+00,-8.281249999988e+02
