N,Vy,Vz,T,My,Mz
0.000000000000e+00,-1.339127822208e+03,0.000000000000e+00,0.000000000000e+00,0.000000000000e+00,-1.718749999998e+02
0.000000000000e+00,-4.999999999990e+02,0.000000000000e+00,0.000000000000e+00,0.000000000000e+00,-1.718749999998e+02
0.000000000000e+00,3.391278222089e+02,0.000000000000e+00,0.000000000000e+00,0.000000000000e+00,-1.718749999998e+02
