N,Vy,Vz,T,My,Mz
0.000000000000e+00,-5.305913890825e+03,0.000000000000e+00,0.000000000000e+00,0.000000000000e+00,-9.843749999985e+02
0.000000000000e+00,-4.999999999992e+02,0.000000000000e+00,0.000000000000e+00,0.000000000000e+00,-9.843749999985e+02
0.000000000000e+00,4.305913890827e+03,0.000000000000e+00,0.000000000000e+00,0.000000000000e+00,-9.843749999985e+02
