N,Vy,Vz,T,My,Mz
0.000000000000e+00,-3.322520856517e+03,0.000000000000e+00,0.000000000000e+00,0.000000000000e+00,-5.781249999992e+02
0.000000000000e+00,-4.999999999993e+02,0.000000000000e+00,0.000000000000e+00,0.000000000000e+00,-5.781249999992e+02
0.000000000000e+00,2.322520856518e+03,0.000000000000e+00,0.000000000000e+00,0.000000000000e+00,-5.781249999992e+02
