Local DOF,R_e Value
0,0.000000000000e+00
1,-1.523364432762e-04
2,0.000000000000e+00
3,0.000000000000e+00
4,0.000000000000e+00
5,-7.751646898851e-04
6,0.000000000000e+00
7,-2.046876970421e-04
8,0.000000000000e+00
9,0.000000000000e+00
10,0.000000000000e+00
11,-8.887664116786e-04
