Local DOF,R_e Value
0,0.000000000000e+00
1,-4.023930548637e-04
2,0.000000000000e+00
3,0.000000000000e+00
4,0.000000000000e+00
5,-1.202841760167e-03
6,0.000000000000e+00
7,-4.809172543368e-04
8,0.000000000000e+00
9,0.000000000000e+00
10,0.000000000000e+00
11,-1.298623604032e-03
