Local DOF,R_e Value
0,0.000000000000e+00
1,-8.507011707556e-04
2,0.000000000000e+00
3,0.000000000000e+00
4,0.000000000000e+00
5,-1.637201284671e-03
6,0.000000000000e+00
7,-9.556767515288e-04
8,0.000000000000e+00
9,0.000000000000e+00
10,0.000000000000e+00
11,-1.710708281126e-03
