Local DOF,R_e Value
0,0.000000000000e+00
1,-2.639998406237e-04
2,0.000000000000e+00
3,0.000000000000e+00
4,0.000000000000e+00
5,-9.979131639900e-04
6,0.000000000000e+00
7,-3.299944384284e-04
8,0.000000000000e+00
9,0.000000000000e+00
10,0.000000000000e+00
11,-1.102604946819e-03
