Local DOF,R_e Value
0,0.000000000000e+00
1,-4.402871021917e-07
2,0.000000000000e+00
3,0.000000000000e+00
4,-0.000000000000e+00
5,-5.896839695546e-08
6,0.000000000000e+00
7,-5.009129933231e-07
8,0.000000000000e+00
9,0.000000000000e+00
10,-0.000000000000e+00
11,-6.283575664647e-08
