Local DOF,R_e Value
0,0.000000000000e+00
1,-2.682930431732e-05
2,0.000000000000e+00
3,0.000000000000e+00
4,-0.000000000000e+00
5,-4.244813048428e-07
6,0.000000000000e+00
7,-2.725508044517e-05
8,0.000000000000e+00
9,0.000000000000e+00
10,-0.000000000000e+00
11,-4.275024318219e-07
