Local DOF,R_e Value
0,0.000000000000e+00
1,-4.808985667011e-06
2,0.000000000000e+00
3,0.000000000000e+00
4,-0.000000000000e+00
5,-1.895759051395e-07
6,0.000000000000e+00
7,-5.000099316390e-06
8,0.000000000000e+00
9,0.000000000000e+00
10,-0.000000000000e+00
11,-1.931638483138e-07
