Local DOF,R_e Value
0,0.000000000000e+00
1,-2.456117063017e-04
2,0.000000000000e+00
3,0.000000000000e+00
4,-0.000000000000e+00
5,-9.667722599814e-07
6,0.000000000000e+00
7,-2.465787777463e-04
8,0.000000000000e+00
9,0.000000000000e+00
10,-0.000000000000e+00
11,-9.674702306785e-07
