Local DOF,R_e Value
0,0.000000000000e+00
1,-5.000099316390e-06
2,0.000000000000e+00
3,0.000000000000e+00
4,-0.000000000000e+00
5,-1.931638483138e-07
6,0.000000000000e+00
7,-5.194797487519e-06
8,0.000000000000e+00
9,0.000000000000e+00
10,-0.000000000000e+00
11,-1.967438081610e-07
