Local DOF,R_e Value
0,0.000000000000e+00
1,-1.517058334473e-05
2,0.000000000000e+00
3,0.000000000000e+00
4,-0.000000000000e+00
5,-3.268666379143e-07
6,0.000000000000e+00
7,-1.549885086987e-05
8,0.000000000000e+00
9,0.000000000000e+00
10,-0.000000000000e+00
11,-3.301352480532e-07
