Local DOF,R_e Value
0,0.000000000000e+00
1,-1.200173725996e-04
2,0.000000000000e+00
3,0.000000000000e+00
4,-0.000000000000e+00
5,-7.884366209615e-07
6,0.000000000000e+00
7,-1.208065908295e-04
8,0.000000000000e+00
9,0.000000000000e+00
10,-0.000000000000e+00
11,-7.902602482985e-07
