Local DOF,R_e Value
0,0.000000000000e+00
1,-2.350220439156e-04
2,0.000000000000e+00
3,0.000000000000e+00
4,-0.000000000000e+00
5,-9.585676773851e-07
6,0.000000000000e+00
7,-2.359809484137e-04
8,0.000000000000e+00
9,0.000000000000e+00
10,-0.000000000000e+00
11,-9.593534655604e-07
