Local DOF,R_e Value
0,0.000000000000e+00
1,-2.234721870923e-05
2,0.000000000000e+00
3,0.000000000000e+00
4,-0.000000000000e+00
5,-3.907220084243e-07
6,0.000000000000e+00
7,-2.273927317635e-05
8,0.000000000000e+00
9,0.000000000000e+00
10,-0.000000000000e+00
11,-3.938309520095e-07
