Local DOF,R_e Value
0,0.000000000000e+00
1,-3.065815973590e-04
2,0.000000000000e+00
3,0.000000000000e+00
4,-0.000000000000e+00
5,-9.949499051387e-07
6,0.000000000000e+00
7,-3.075766343200e-04
8,0.000000000000e+00
9,0.000000000000e+00
10,-0.000000000000e+00
11,-9.951529087495e-07
