Local DOF,R_e Value
0,0.000000000000e+00
1,-6.286911580008e-05
2,0.000000000000e+00
3,0.000000000000e+00
4,-0.000000000000e+00
5,-6.142101744670e-07
6,0.000000000000e+00
7,-6.348438471905e-05
8,0.000000000000e+00
9,0.000000000000e+00
10,-0.000000000000e+00
11,-6.166804515989e-07
