Local DOF,R_e Value
0,0.000000000000e+00
1,-2.906946635271e-04
2,0.000000000000e+00
3,0.000000000000e+00
4,-0.000000000000e+00
5,-9.906161200671e-07
6,0.000000000000e+00
7,-2.916854214455e-04
8,0.000000000000e+00
9,0.000000000000e+00
10,-0.000000000000e+00
11,-9.909468563013e-07
