Local DOF,R_e Value
0,0.000000000000e+00
1,-9.564504046891e-06
2,0.000000000000e+00
3,0.000000000000e+00
4,-0.000000000000e+00
5,-2.632462132817e-07
6,0.000000000000e+00
7,-9.829216154481e-06
8,0.000000000000e+00
9,0.000000000000e+00
10,-0.000000000000e+00
11,-2.666665066142e-07
