Local DOF,R_e Value
0,0.000000000000e+00
1,-2.877244334936e-04
2,0.000000000000e+00
3,0.000000000000e+00
4,-0.000000000000e+00
5,-9.895760115600e-07
6,0.000000000000e+00
7,-2.887141615678e-04
8,0.000000000000e+00
9,0.000000000000e+00
10,-0.000000000000e+00
11,-9.899306976988e-07
