Local DOF,R_e Value
0,0.000000000000e+00
1,-2.433846643317e-05
2,0.000000000000e+00
3,0.000000000000e+00
4,-0.000000000000e+00
5,-4.061868930754e-07
6,0.000000000000e+00
7,-2.474596867782e-05
8,0.000000000000e+00
9,0.000000000000e+00
10,-0.000000000000e+00
11,-4.092559200228e-07
