Local DOF,R_e Value
0,0.000000000000e+00
1,-5.451884145214e-05
2,0.000000000000e+00
3,0.000000000000e+00
4,-0.000000000000e+00
5,-5.787880442375e-07
6,0.000000000000e+00
7,-5.509873614090e-05
8,0.000000000000e+00
9,0.000000000000e+00
10,-0.000000000000e+00
11,-5.813700880685e-07
