Local DOF,R_e Value
0,0.000000000000e+00
1,-1.810174048369e-04
2,0.000000000000e+00
3,0.000000000000e+00
4,-0.000000000000e+00
5,-8.993323494846e-07
6,0.000000000000e+00
7,-1.819172724516e-04
8,0.000000000000e+00
9,0.000000000000e+00
10,-0.000000000000e+00
11,-9.005811750759e-07
