Local DOF,R_e Value
0,0.000000000000e+00
1,-9.722681873595e-05
2,0.000000000000e+00
3,0.000000000000e+00
4,-0.000000000000e+00
5,-7.300155557302e-07
6,0.000000000000e+00
7,-9.795771854329e-05
8,0.000000000000e+00
9,0.000000000000e+00
10,-0.000000000000e+00
11,-7.320786827651e-07
