Local DOF,R_e Value
0,0.000000000000e+00
1,-1.031312418853e-04
2,0.000000000000e+00
3,0.000000000000e+00
4,-0.000000000000e+00
5,-7.462970388362e-07
6,0.000000000000e+00
7,-1.038783958044e-04
8,0.000000000000e+00
9,0.000000000000e+00
10,-0.000000000000e+00
11,-7.482962992594e-07
