Local DOF,R_e Value
0,0.000000000000e+00
1,-4.721849755170e-05
2,0.000000000000e+00
3,0.000000000000e+00
4,-0.000000000000e+00
5,-5.444949914514e-07
6,0.000000000000e+00
7,-4.776414366623e-05
8,0.000000000000e+00
9,0.000000000000e+00
10,-0.000000000000e+00
11,-5.471808185803e-07
