Local DOF,R_e Value
0,0.000000000000e+00
1,-4.886347512906e-05
2,0.000000000000e+00
3,0.000000000000e+00
4,-0.000000000000e+00
5,-5.525285228394e-07
6,0.000000000000e+00
7,-4.941714451069e-05
8,0.000000000000e+00
9,0.000000000000e+00
10,-0.000000000000e+00
11,-5.551903999684e-07
