Local DOF,R_e Value
0,0.000000000000e+00
1,-1.389032479785e-05
2,0.000000000000e+00
3,0.000000000000e+00
4,-0.000000000000e+00
5,-3.137123640865e-07
6,0.000000000000e+00
7,-1.420545173486e-05
8,0.000000000000e+00
9,0.000000000000e+00
10,-0.000000000000e+00
11,-3.170129075342e-07
