Local DOF,R_e Value
0,0.000000000000e+00
1,-2.504539291831e-04
2,0.000000000000e+00
3,0.000000000000e+00
4,-0.000000000000e+00
5,-9.701822795662e-07
6,0.000000000000e+00
7,-2.514243935401e-04
8,0.000000000000e+00
9,0.000000000000e+00
10,-0.000000000000e+00
11,-9.708403333403e-07
