Local DOF,R_e Value
0,0.000000000000e+00
1,-7.300497051937e-05
2,0.000000000000e+00
3,0.000000000000e+00
4,-0.000000000000e+00
5,-6.527766083235e-07
6,0.000000000000e+00
7,-7.365875112935e-05
8,0.000000000000e+00
9,0.000000000000e+00
10,-0.000000000000e+00
11,-6.551191521187e-07
