Local DOF,R_e Value
0,0.000000000000e+00
1,-1.091639096637e-04
2,0.000000000000e+00
3,0.000000000000e+00
4,-0.000000000000e+00
5,-7.620675892584e-07
6,0.000000000000e+00
7,-1.099268067618e-04
8,0.000000000000e+00
9,0.000000000000e+00
10,-0.000000000000e+00
11,-7.640029831244e-07
