Local DOF,R_e Value
0,0.000000000000e+00
1,-4.257231682638e-06
2,0.000000000000e+00
3,0.000000000000e+00
4,-0.000000000000e+00
5,-1.787641756493e-07
6,0.000000000000e+00
7,-4.437543866807e-06
8,0.000000000000e+00
9,0.000000000000e+00
10,-0.000000000000e+00
11,-1.823760688074e-07
