Local DOF,R_e Value
0,0.000000000000e+00
1,-3.986557521203e-05
2,0.000000000000e+00
3,0.000000000000e+00
4,-0.000000000000e+00
5,-5.060551619495e-07
6,0.000000000000e+00
7,-4.037282939704e-05
8,0.000000000000e+00
9,0.000000000000e+00
10,-0.000000000000e+00
11,-5.088527557029e-07
