Local DOF,R_e Value
0,0.000000000000e+00
1,-1.864351319198e-04
2,0.000000000000e+00
3,0.000000000000e+00
4,-0.000000000000e+00
5,-9.067055522309e-07
6,0.000000000000e+00
7,-1.873423522086e-04
8,0.000000000000e+00
9,0.000000000000e+00
10,-0.000000000000e+00
11,-9.079064774953e-07
