Local DOF,R_e Value
0,0.000000000000e+00
1,-3.738025793805e-06
2,0.000000000000e+00
3,0.000000000000e+00
4,-0.000000000000e+00
5,-1.678805962070e-07
6,0.000000000000e+00
7,-3.907464662809e-06
8,0.000000000000e+00
9,0.000000000000e+00
10,-0.000000000000e+00
11,-1.715164393491e-07
