Local DOF,R_e Value
0,0.000000000000e+00
1,-9.145472767884e-05
2,0.000000000000e+00
3,0.000000000000e+00
4,-0.000000000000e+00
5,-7.132231395073e-07
6,0.000000000000e+00
7,-9.216886244138e-05
8,0.000000000000e+00
9,0.000000000000e+00
10,-0.000000000000e+00
11,-7.153501332014e-07
