Local DOF,R_e Value
0,0.000000000000e+00
1,-7.964707912535e-05
2,0.000000000000e+00
3,0.000000000000e+00
4,-0.000000000000e+00
5,-6.758427961652e-07
6,0.000000000000e+00
7,-8.032389170886e-05
8,0.000000000000e+00
9,0.000000000000e+00
10,-0.000000000000e+00
11,-6.781055065928e-07
