ε_xx,ε_yy,ε_zz,γ_xy,γ_yz,γ_xz
0.000000000000e+00,0.000000000000e+00,-3.550749895106e-04,-6.610510631430e-06,0.000000000000e+00,0.000000000000e+00
0.000000000000e+00,0.000000000000e+00,-3.550749895106e-04,-4.461761379818e-06,0.000000000000e+00,0.000000000000e+00
0.000000000000e+00,0.000000000000e+00,-3.550749895106e-04,-2.313012128205e-06,0.000000000000e+00,0.000000000000e+00
