ε_xx,ε_yy,ε_zz,γ_xy,γ_yz,γ_xz
0.000000000000e+00,0.000000000000e+00,-2.540724782768e-05,-1.346500978633e-06,0.000000000000e+00,0.000000000000e+00
0.000000000000e+00,0.000000000000e+00,-2.540724782768e-05,-1.192748091600e-06,0.000000000000e+00,0.000000000000e+00
0.000000000000e+00,0.000000000000e+00,-2.540724782768e-05,-1.038995204539e-06,0.000000000000e+00,0.000000000000e+00
