ε_xx,ε_yy,ε_zz,γ_xy,γ_yz,γ_xz
0.000000000000e+00,0.000000000000e+00,-3.010584845388e-04,-5.930220939171e-06,0.000000000000e+00,0.000000000000e+00
0.000000000000e+00,0.000000000000e+00,-3.010584845388e-04,-4.108354537846e-06,0.000000000000e+00,0.000000000000e+00
0.000000000000e+00,0.000000000000e+00,-3.010584845388e-04,-2.286488136521e-06,0.000000000000e+00,0.000000000000e+00
