ε_xx,ε_yy,ε_zz,γ_xy,γ_yz,γ_xz
0.000000000000e+00,0.000000000000e+00,-4.444528147474e-04,-7.681494064118e-06,0.000000000000e+00,0.000000000000e+00
0.000000000000e+00,0.000000000000e+00,-4.444528147474e-04,-4.991871642726e-06,0.000000000000e+00,0.000000000000e+00
0.000000000000e+00,0.000000000000e+00,-4.444528147474e-04,-2.302249221341e-06,0.000000000000e+00,0.000000000000e+00
