ε_xx,ε_yy,ε_zz,γ_xy,γ_yz,γ_xz
0.000000000000e+00,0.000000000000e+00,-5.265913145753e-04,-8.620316744583e-06,0.000000000000e+00,0.000000000000e+00
0.000000000000e+00,0.000000000000e+00,-5.265913145753e-04,-5.433630195194e-06,0.000000000000e+00,0.000000000000e+00
0.000000000000e+00,0.000000000000e+00,-5.265913145753e-04,-2.246943645805e-06,0.000000000000e+00,0.000000000000e+00
