ε_xx,ε_yy,ε_zz,γ_xy,γ_yz,γ_xz
0.000000000000e+00,0.000000000000e+00,-5.096067434245e-04,-8.429182282207e-06,0.000000000000e+00,0.000000000000e+00
0.000000000000e+00,0.000000000000e+00,-5.096067434245e-04,-5.345278484704e-06,0.000000000000e+00,0.000000000000e+00
0.000000000000e+00,0.000000000000e+00,-5.096067434245e-04,-2.261374687215e-06,0.000000000000e+00,0.000000000000e+00
