ε_xx,ε_yy,ε_zz,γ_xy,γ_yz,γ_xz
0.000000000000e+00,0.000000000000e+00,-1.922110504863e-03,-2.201304781837e-05,0.000000000000e+00,0.000000000000e+00
0.000000000000e+00,0.000000000000e+00,-1.922110504863e-03,-1.038132598258e-05,0.000000000000e+00,0.000000000000e+00
0.000000000000e+00,0.000000000000e+00,-1.922110504863e-03,1.250395853211e-06,0.000000000000e+00,0.000000000000e+00
