ε_xx,ε_yy,ε_zz,γ_xy,γ_yz,γ_xz
0.000000000000e+00,0.000000000000e+00,-1.579077854738e-03,-1.896530440745e-05,0.000000000000e+00,0.000000000000e+00
0.000000000000e+00,0.000000000000e+00,-1.579077854738e-03,-9.409457167197e-06,0.000000000000e+00,0.000000000000e+00
0.000000000000e+00,0.000000000000e+00,-1.579077854738e-03,1.463900730593e-07,0.000000000000e+00,0.000000000000e+00
