ε_xx,ε_yy,ε_zz,γ_xy,γ_yz,γ_xz
0.000000000000e+00,0.000000000000e+00,-1.754840322592e-04,-4.198433745037e-06,0.000000000000e+00,0.000000000000e+00
0.000000000000e+00,0.000000000000e+00,-1.754840322592e-04,-3.136485722449e-06,0.000000000000e+00,0.000000000000e+00
0.000000000000e+00,0.000000000000e+00,-1.754840322592e-04,-2.074537699848e-06,0.000000000000e+00,0.000000000000e+00
