ε_xx,ε_yy,ε_zz,γ_xy,γ_yz,γ_xz
0.000000000000e+00,0.000000000000e+00,-2.063903830420e-04,-4.650519785709e-06,0.000000000000e+00,0.000000000000e+00
0.000000000000e+00,0.000000000000e+00,-2.063903830420e-04,-3.401540853917e-06,0.000000000000e+00,0.000000000000e+00
0.000000000000e+00,0.000000000000e+00,-2.063903830420e-04,-2.152561922153e-06,0.000000000000e+00,0.000000000000e+00
