ε_xx,ε_yy,ε_zz,γ_xy,γ_yz,γ_xz
0.000000000000e+00,0.000000000000e+00,-1.844635801194e-05,-1.127673479040e-06,0.000000000000e+00,0.000000000000e+00
0.000000000000e+00,0.000000000000e+00,-1.844635801194e-05,-1.016044670621e-06,0.000000000000e+00,0.000000000000e+00
0.000000000000e+00,0.000000000000e+00,-1.844635801194e-05,-9.044158622018e-07,0.000000000000e+00,0.000000000000e+00
