ε_xx,ε_yy,ε_zz,γ_xy,γ_yz,γ_xz
0.000000000000e+00,0.000000000000e+00,-6.156907042191e-04,-9.601263503668e-06,0.000000000000e+00,0.000000000000e+00
0.000000000000e+00,0.000000000000e+00,-6.156907042191e-04,-5.875388747641e-06,0.000000000000e+00,0.000000000000e+00
0.000000000000e+00,0.000000000000e+00,-6.156907042191e-04,-2.149513991613e-06,0.000000000000e+00,0.000000000000e+00
