ε_xx,ε_yy,ε_zz,γ_xy,γ_yz,γ_xz
0.000000000000e+00,0.000000000000e+00,-5.854108335136e-05,-2.165473566448e-06,0.000000000000e+00,0.000000000000e+00
0.000000000000e+00,0.000000000000e+00,-5.854108335136e-05,-1.811210065053e-06,0.000000000000e+00,0.000000000000e+00
0.000000000000e+00,0.000000000000e+00,-5.854108335136e-05,-1.456946563658e-06,0.000000000000e+00,0.000000000000e+00
