ε_xx,ε_yy,ε_zz,γ_xy,γ_yz,γ_xz
0.000000000000e+00,0.000000000000e+00,-4.929006078662e-04,-8.239732782966e-06,0.000000000000e+00,0.000000000000e+00
0.000000000000e+00,0.000000000000e+00,-4.929006078662e-04,-5.256926774208e-06,0.000000000000e+00,0.000000000000e+00
0.000000000000e+00,0.000000000000e+00,-4.929006078662e-04,-2.274120765457e-06,0.000000000000e+00,0.000000000000e+00
