ε_xx,ε_yy,ε_zz,γ_xy,γ_yz,γ_xz
0.000000000000e+00,0.000000000000e+00,-1.762010039099e-03,-2.060243545713e-05,0.000000000000e+00,0.000000000000e+00
0.000000000000e+00,0.000000000000e+00,-1.762010039099e-03,-9.939567430134e-06,0.000000000000e+00,0.000000000000e+00
0.000000000000e+00,0.000000000000e+00,-1.762010039099e-03,7.233005968645e-07,0.000000000000e+00,0.000000000000e+00
