ε_xx,ε_yy,ε_zz,γ_xy,γ_yz,γ_xz
0.000000000000e+00,0.000000000000e+00,-8.799260816307e-04,-1.234886576532e-05,0.000000000000e+00,0.000000000000e+00
0.000000000000e+00,0.000000000000e+00,-8.799260816307e-04,-7.023960983989e-06,0.000000000000e+00,0.000000000000e+00
0.000000000000e+00,0.000000000000e+00,-8.799260816307e-04,-1.699056202654e-06,0.000000000000e+00,0.000000000000e+00
