ε_xx,ε_yy,ε_zz,γ_xy,γ_yz,γ_xz
0.000000000000e+00,0.000000000000e+00,-5.973139551051e-04,-9.401704225552e-06,0.000000000000e+00,0.000000000000e+00
0.000000000000e+00,0.000000000000e+00,-5.973139551051e-04,-5.787037037144e-06,0.000000000000e+00,0.000000000000e+00
0.000000000000e+00,0.000000000000e+00,-5.973139551051e-04,-2.172369848744e-06,0.000000000000e+00,0.000000000000e+00
