ε_xx,ε_yy,ε_zz,γ_xy,γ_yz,γ_xz
0.000000000000e+00,0.000000000000e+00,-1.491370643058e-03,-1.816948588508e-05,0.000000000000e+00,0.000000000000e+00
0.000000000000e+00,0.000000000000e+00,-1.491370643058e-03,-9.144402035730e-06,0.000000000000e+00,0.000000000000e+00
0.000000000000e+00,0.000000000000e+00,-1.491370643058e-03,-1.193181863798e-07,0.000000000000e+00,0.000000000000e+00
