ε_xx,ε_yy,ε_zz,γ_xy,γ_yz,γ_xz
0.000000000000e+00,0.000000000000e+00,-1.323473980699e-03,-1.662334284527e-05,0.000000000000e+00,0.000000000000e+00
0.000000000000e+00,0.000000000000e+00,-1.323473980699e-03,-8.614291772796e-06,0.000000000000e+00,0.000000000000e+00
0.000000000000e+00,0.000000000000e+00,-1.323473980699e-03,-6.052407003181e-07,0.000000000000e+00,0.000000000000e+00
