ε_xx,ε_yy,ε_zz,γ_xy,γ_yz,γ_xz
0.000000000000e+00,0.000000000000e+00,-1.825214918627e-03,-2.116162551219e-05,0.000000000000e+00,0.000000000000e+00
0.000000000000e+00,0.000000000000e+00,-1.825214918627e-03,-1.011627085111e-05,0.000000000000e+00,0.000000000000e+00
0.000000000000e+00,0.000000000000e+00,-1.825214918627e-03,9.290838099666e-07,0.000000000000e+00,0.000000000000e+00
