ε_xx,ε_yy,ε_zz,γ_xy,γ_yz,γ_xz
0.000000000000e+00,0.000000000000e+00,-1.988099740318e-03,-2.258908750489e-05,0.000000000000e+00,0.000000000000e+00
0.000000000000e+00,0.000000000000e+00,-1.988099740318e-03,-1.055802940356e-05,0.000000000000e+00,0.000000000000e+00
0.000000000000e+00,0.000000000000e+00,-1.988099740318e-03,1.473028697770e-06,0.000000000000e+00,0.000000000000e+00
