ε_xx,ε_yy,ε_zz,γ_xy,γ_yz,γ_xz
0.000000000000e+00,0.000000000000e+00,-1.657387865169e-04,-4.051108324465e-06,0.000000000000e+00,0.000000000000e+00
0.000000000000e+00,0.000000000000e+00,-1.657387865169e-04,-3.048134011960e-06,0.000000000000e+00,0.000000000000e+00
0.000000000000e+00,0.000000000000e+00,-1.657387865169e-04,-2.045159699454e-06,0.000000000000e+00,0.000000000000e+00
