ε_xx,ε_yy,ε_zz,γ_xy,γ_yz,γ_xz
0.000000000000e+00,0.000000000000e+00,-1.350760668777e-03,-1.687682094404e-05,0.000000000000e+00,0.000000000000e+00
0.000000000000e+00,0.000000000000e+00,-1.350760668777e-03,-8.702643483285e-06,0.000000000000e+00,0.000000000000e+00
0.000000000000e+00,0.000000000000e+00,-1.350760668777e-03,-5.284660225258e-07,0.000000000000e+00,0.000000000000e+00
