ε_xx,ε_yy,ε_zz,γ_xy,γ_yz,γ_xz
0.000000000000e+00,0.000000000000e+00,-9.049156760588e-07,-2.263554064741e-07,0.000000000000e+00,0.000000000000e+00
0.000000000000e+00,0.000000000000e+00,-9.049156760588e-07,-2.208792762581e-07,0.000000000000e+00,0.000000000000e+00
0.000000000000e+00,0.000000000000e+00,-9.049156760588e-07,-2.154031460422e-07,0.000000000000e+00,0.000000000000e+00
