ε_xx,ε_yy,ε_zz,γ_xy,γ_yz,γ_xz
0.000000000000e+00,0.000000000000e+00,-9.475859306411e-04,-1.302336694120e-05,0.000000000000e+00,0.000000000000e+00
0.000000000000e+00,0.000000000000e+00,-9.475859306411e-04,-7.289016115460e-06,0.000000000000e+00,0.000000000000e+00
0.000000000000e+00,0.000000000000e+00,-9.475859306411e-04,-1.554665289720e-06,0.000000000000e+00,0.000000000000e+00
