ε_xx,ε_yy,ε_zz,γ_xy,γ_yz,γ_xz
0.000000000000e+00,0.000000000000e+00,-3.793684949621e-05,-1.687379451706e-06,0.000000000000e+00,0.000000000000e+00
0.000000000000e+00,0.000000000000e+00,-3.793684949621e-05,-1.457803223109e-06,0.000000000000e+00,0.000000000000e+00
0.000000000000e+00,0.000000000000e+00,-3.793684949621e-05,-1.228226994499e-06,0.000000000000e+00,0.000000000000e+00
