ε_xx,ε_yy,ε_zz,γ_xy,γ_yz,γ_xz
0.000000000000e+00,0.000000000000e+00,-1.406169351711e-03,-1.738883203102e-05,0.000000000000e+00,0.000000000000e+00
0.000000000000e+00,0.000000000000e+00,-1.406169351711e-03,-8.879346904264e-06,0.000000000000e+00,0.000000000000e+00
0.000000000000e+00,0.000000000000e+00,-1.406169351711e-03,-3.698617775053e-07,0.000000000000e+00,0.000000000000e+00
