ε_xx,ε_yy,ε_zz,γ_xy,γ_yz,γ_xz
0.000000000000e+00,0.000000000000e+00,-2.283867948604e-04,-4.960335295179e-06,0.000000000000e+00,0.000000000000e+00
0.000000000000e+00,0.000000000000e+00,-2.283867948604e-04,-3.578244274896e-06,0.000000000000e+00,0.000000000000e+00
0.000000000000e+00,0.000000000000e+00,-2.283867948604e-04,-2.196153254599e-06,0.000000000000e+00,0.000000000000e+00
