ε_xx,ε_yy,ε_zz,γ_xy,γ_yz,γ_xz
0.000000000000e+00,0.000000000000e+00,-1.191217074197e-03,-1.538122679861e-05,0.000000000000e+00,0.000000000000e+00
0.000000000000e+00,0.000000000000e+00,-1.191217074197e-03,-8.172533220351e-06,0.000000000000e+00,0.000000000000e+00
0.000000000000e+00,0.000000000000e+00,-1.191217074197e-03,-9.638396420951e-07,0.000000000000e+00,0.000000000000e+00
