ε_xx,ε_yy,ε_zz,γ_xy,γ_yz,γ_xz
0.000000000000e+00,0.000000000000e+00,-5.613957636550e-04,-9.007640558771e-06,0.000000000000e+00,0.000000000000e+00
0.000000000000e+00,0.000000000000e+00,-5.613957636550e-04,-5.610333616166e-06,0.000000000000e+00,0.000000000000e+00
0.000000000000e+00,0.000000000000e+00,-5.613957636550e-04,-2.213026673560e-06,0.000000000000e+00,0.000000000000e+00
