ε_xx,ε_yy,ε_zz,γ_xy,γ_yz,γ_xz
0.000000000000e+00,0.000000000000e+00,-2.882504472774e-04,-5.764360923949e-06,0.000000000000e+00,0.000000000000e+00
0.000000000000e+00,0.000000000000e+00,-2.882504472774e-04,-4.020002827315e-06,0.000000000000e+00,0.000000000000e+00
0.000000000000e+00,0.000000000000e+00,-2.882504472774e-04,-2.275644730695e-06,0.000000000000e+00,0.000000000000e+00
