ε_xx,ε_yy,ε_zz,γ_xy,γ_yz,γ_xz
0.000000000000e+00,0.000000000000e+00,-8.362116935869e-04,-1.190762313045e-05,0.000000000000e+00,0.000000000000e+00
0.000000000000e+00,0.000000000000e+00,-8.362116935869e-04,-6.847257563010e-06,0.000000000000e+00,0.000000000000e+00
0.000000000000e+00,0.000000000000e+00,-8.362116935869e-04,-1.786891995557e-06,0.000000000000e+00,0.000000000000e+00
