ε_xx,ε_yy,ε_zz,γ_xy,γ_yz,γ_xz
0.000000000000e+00,0.000000000000e+00,-6.438823079677e-05,-2.289209503029e-06,0.000000000000e+00,0.000000000000e+00
0.000000000000e+00,0.000000000000e+00,-6.438823079677e-05,-1.899561775584e-06,0.000000000000e+00,0.000000000000e+00
0.000000000000e+00,0.000000000000e+00,-6.438823079677e-05,-1.509914048139e-06,0.000000000000e+00,0.000000000000e+00
