ε_xx,ε_yy,ε_zz,γ_xy,γ_yz,γ_xz
0.000000000000e+00,0.000000000000e+00,-1.217111584312e-03,-1.562628008165e-05,0.000000000000e+00,0.000000000000e+00
0.000000000000e+00,0.000000000000e+00,-1.217111584312e-03,-8.260884930847e-06,0.000000000000e+00,0.000000000000e+00
0.000000000000e+00,0.000000000000e+00,-1.217111584312e-03,-8.954897800367e-07,0.000000000000e+00,0.000000000000e+00
