ε_xx,ε_yy,ε_zz,γ_xy,γ_yz,γ_xz
0.000000000000e+00,0.000000000000e+00,-4.768209523857e-05,-1.923056582809e-06,0.000000000000e+00,0.000000000000e+00
0.000000000000e+00,0.000000000000e+00,-4.768209523857e-05,-1.634506644102e-06,0.000000000000e+00,0.000000000000e+00
0.000000000000e+00,0.000000000000e+00,-4.768209523857e-05,-1.345956705395e-06,0.000000000000e+00,0.000000000000e+00
