ε_xx,ε_yy,ε_zz,γ_xy,γ_yz,γ_xz
0.000000000000e+00,0.000000000000e+00,-2.157945451825e-03,-2.405867357622e-05,0.000000000000e+00,0.000000000000e+00
0.000000000000e+00,0.000000000000e+00,-2.157945451825e-03,-1.099978795600e-05,0.000000000000e+00,0.000000000000e+00
0.000000000000e+00,0.000000000000e+00,-2.157945451825e-03,2.059097664217e-06,0.000000000000e+00,0.000000000000e+00
