ε_xx,ε_yy,ε_zz,γ_xy,γ_yz,γ_xz
0.000000000000e+00,0.000000000000e+00,-1.520327944692e-03,-1.843307376273e-05,0.000000000000e+00,0.000000000000e+00
0.000000000000e+00,0.000000000000e+00,-1.520327944692e-03,-9.232753746220e-06,0.000000000000e+00,0.000000000000e+00
0.000000000000e+00,0.000000000000e+00,-1.520327944692e-03,-3.243372971237e-08,0.000000000000e+00,0.000000000000e+00
