ε_xx,ε_yy,ε_zz,γ_xy,γ_yz,γ_xz
0.000000000000e+00,0.000000000000e+00,-6.532795092250e-04,-1.000543694931e-05,0.000000000000e+00,0.000000000000e+00
0.000000000000e+00,0.000000000000e+00,-6.532795092250e-04,-6.052092168612e-06,0.000000000000e+00,0.000000000000e+00
0.000000000000e+00,0.000000000000e+00,-6.532795092250e-04,-2.098747387907e-06,0.000000000000e+00,0.000000000000e+00
