ε_xx,ε_yy,ε_zz,γ_xy,γ_yz,γ_xz
0.000000000000e+00,0.000000000000e+00,-5.916756343621e-06,-6.100915850293e-07,0.000000000000e+00,0.000000000000e+00
0.000000000000e+00,0.000000000000e+00,-5.916756343621e-06,-5.742861181601e-07,0.000000000000e+00,0.000000000000e+00
0.000000000000e+00,0.000000000000e+00,-5.916756343621e-06,-5.384806513187e-07,0.000000000000e+00,0.000000000000e+00
