ε_xx,ε_yy,ε_zz,γ_xy,γ_yz,γ_xz
0.000000000000e+00,0.000000000000e+00,-1.857235011780e-03,-2.144374798444e-05,0.000000000000e+00,0.000000000000e+00
0.000000000000e+00,0.000000000000e+00,-1.857235011780e-03,-1.020462256160e-05,0.000000000000e+00,0.000000000000e+00
0.000000000000e+00,0.000000000000e+00,-1.857235011780e-03,1.034502861236e-06,0.000000000000e+00,0.000000000000e+00
