ε_xx,ε_yy,ε_zz,γ_xy,γ_yz,γ_xz
0.000000000000e+00,0.000000000000e+00,-1.470836018102e-04,-3.761512372691e-06,0.000000000000e+00,0.000000000000e+00
0.000000000000e+00,0.000000000000e+00,-1.470836018102e-04,-2.871430590939e-06,0.000000000000e+00,0.000000000000e+00
0.000000000000e+00,0.000000000000e+00,-1.470836018102e-04,-1.981348809216e-06,0.000000000000e+00,0.000000000000e+00
