ε_xx,ε_yy,ε_zz,γ_xy,γ_yz,γ_xz
0.000000000000e+00,0.000000000000e+00,-1.538356649305e-05,-1.020787173900e-06,0.000000000000e+00,0.000000000000e+00
0.000000000000e+00,0.000000000000e+00,-1.538356649305e-05,-9.276929601176e-07,0.000000000000e+00,0.000000000000e+00
0.000000000000e+00,0.000000000000e+00,-1.538356649305e-05,-8.345987463076e-07,0.000000000000e+00,0.000000000000e+00
