ε_xx,ε_yy,ε_zz,γ_xy,γ_yz,γ_xz
0.000000000000e+00,0.000000000000e+00,-3.141449573928e-04,-6.097765917507e-06,0.000000000000e+00,0.000000000000e+00
0.000000000000e+00,0.000000000000e+00,-3.141449573928e-04,-4.196706248322e-06,0.000000000000e+00,0.000000000000e+00
0.000000000000e+00,0.000000000000e+00,-3.141449573928e-04,-2.295646579137e-06,0.000000000000e+00,0.000000000000e+00
