ε_xx,ε_yy,ε_zz,γ_xy,γ_yz,γ_xz
0.000000000000e+00,0.000000000000e+00,-1.295421594740e-04,-3.478656273551e-06,0.000000000000e+00,0.000000000000e+00
0.000000000000e+00,0.000000000000e+00,-1.295421594740e-04,-2.694727170002e-06,0.000000000000e+00,0.000000000000e+00
0.000000000000e+00,0.000000000000e+00,-1.295421594740e-04,-1.910798066454e-06,0.000000000000e+00,0.000000000000e+00
