ε_xx,ε_yy,ε_zz,γ_xy,γ_yz,γ_xz
0.000000000000e+00,0.000000000000e+00,-2.930534612453e-05,-1.458442173169e-06,0.000000000000e+00,0.000000000000e+00
0.000000000000e+00,0.000000000000e+00,-2.930534612453e-05,-1.281099802089e-06,0.000000000000e+00,0.000000000000e+00
0.000000000000e+00,0.000000000000e+00,-2.930534612453e-05,-1.103757431009e-06,0.000000000000e+00,0.000000000000e+00
