ε_xx,ε_yy,ε_zz,γ_xy,γ_yz,γ_xz
0.000000000000e+00,0.000000000000e+00,-1.958098305217e-04,-4.498139475673e-06,0.000000000000e+00,0.000000000000e+00
0.000000000000e+00,0.000000000000e+00,-1.958098305217e-04,-3.313189143428e-06,0.000000000000e+00,0.000000000000e+00
0.000000000000e+00,0.000000000000e+00,-1.958098305217e-04,-2.128238811183e-06,0.000000000000e+00,0.000000000000e+00
