ε_xx,ε_yy,ε_zz,γ_xy,γ_yz,γ_xz
0.000000000000e+00,0.000000000000e+00,-1.793473261066e-03,-2.088118800309e-05,0.000000000000e+00,0.000000000000e+00
0.000000000000e+00,0.000000000000e+00,-1.793473261066e-03,-1.002791914062e-05,0.000000000000e+00,0.000000000000e+00
0.000000000000e+00,0.000000000000e+00,-1.793473261066e-03,8.253497218434e-07,0.000000000000e+00,0.000000000000e+00
