ε_xx,ε_yy,ε_zz,γ_xy,γ_yz,γ_xz
0.000000000000e+00,0.000000000000e+00,-9.780050191327e-05,-2.933163632965e-06,0.000000000000e+00,0.000000000000e+00
0.000000000000e+00,0.000000000000e+00,-9.780050191327e-05,-2.341320328031e-06,0.000000000000e+00,0.000000000000e+00
0.000000000000e+00,0.000000000000e+00,-9.780050191327e-05,-1.749477023083e-06,0.000000000000e+00,0.000000000000e+00
