ε_xx,ε_yy,ε_zz,γ_xy,γ_yz,γ_xz
0.000000000000e+00,0.000000000000e+00,-1.065921057511e-03,-1.418123483058e-05,0.000000000000e+00,0.000000000000e+00
0.000000000000e+00,0.000000000000e+00,-1.065921057511e-03,-7.730774667907e-06,0.000000000000e+00,0.000000000000e+00
0.000000000000e+00,0.000000000000e+00,-1.065921057511e-03,-1.280314505230e-06,0.000000000000e+00,0.000000000000e+00
