ε_xx,ε_yy,ε_zz,γ_xy,γ_yz,γ_xz
0.000000000000e+00,0.000000000000e+00,-4.603236435277e-04,-7.865888673929e-06,0.000000000000e+00,0.000000000000e+00
0.000000000000e+00,0.000000000000e+00,-4.603236435277e-04,-5.080223353229e-06,0.000000000000e+00,0.000000000000e+00
0.000000000000e+00,0.000000000000e+00,-4.603236435277e-04,-2.294558032530e-06,0.000000000000e+00,0.000000000000e+00
