ε_xx,ε_yy,ε_zz,γ_xy,γ_yz,γ_xz
0.000000000000e+00,0.000000000000e+00,-3.692752047352e-04,-6.784795462345e-06,0.000000000000e+00,0.000000000000e+00
0.000000000000e+00,0.000000000000e+00,-3.692752047352e-04,-4.550113090321e-06,0.000000000000e+00,0.000000000000e+00
0.000000000000e+00,0.000000000000e+00,-3.692752047352e-04,-2.315430718269e-06,0.000000000000e+00,0.000000000000e+00
