ε_xx,ε_yy,ε_zz,γ_xy,γ_yz,γ_xz
0.000000000000e+00,0.000000000000e+00,-4.764729079006e-04,-8.051968246874e-06,0.000000000000e+00,0.000000000000e+00
0.000000000000e+00,0.000000000000e+00,-4.764729079006e-04,-5.168575063726e-06,0.000000000000e+00,0.000000000000e+00
0.000000000000e+00,0.000000000000e+00,-4.764729079006e-04,-2.285181880571e-06,0.000000000000e+00,0.000000000000e+00
