ε_xx,ε_yy,ε_zz,γ_xy,γ_yz,γ_xz
0.000000000000e+00,0.000000000000e+00,-3.348188001402e-05,-1.572068330888e-06,0.000000000000e+00,0.000000000000e+00
0.000000000000e+00,0.000000000000e+00,-3.348188001402e-05,-1.369451512606e-06,0.000000000000e+00,0.000000000000e+00
0.000000000000e+00,0.000000000000e+00,-3.348188001402e-05,-1.166834694338e-06,0.000000000000e+00,0.000000000000e+00
