ε_xx,ε_yy,ε_zz,γ_xy,γ_yz,γ_xz
0.000000000000e+00,0.000000000000e+00,-1.855077135941e-04,-4.347444128791e-06,0.000000000000e+00,0.000000000000e+00
0.000000000000e+00,0.000000000000e+00,-1.855077135941e-04,-3.224837432952e-06,0.000000000000e+00,0.000000000000e+00
0.000000000000e+00,0.000000000000e+00,-1.855077135941e-04,-2.102230737086e-06,0.000000000000e+00,0.000000000000e+00
