ε_xx,ε_yy,ε_zz,γ_xy,γ_yz,γ_xz
0.000000000000e+00,0.000000000000e+00,-2.021512011434e-03,-2.287963479286e-05,0.000000000000e+00,0.000000000000e+00
0.000000000000e+00,0.000000000000e+00,-2.021512011434e-03,-1.064638111405e-05,0.000000000000e+00,0.000000000000e+00
0.000000000000e+00,0.000000000000e+00,-2.021512011434e-03,1.586872564768e-06,0.000000000000e+00,0.000000000000e+00
