ε_xx,ε_yy,ε_zz,γ_xy,γ_yz,γ_xz
0.000000000000e+00,0.000000000000e+00,-6.724915651169e-04,-1.021005111686e-05,0.000000000000e+00,0.000000000000e+00
0.000000000000e+00,0.000000000000e+00,-6.724915651169e-04,-6.140443879102e-06,0.000000000000e+00,0.000000000000e+00
0.000000000000e+00,0.000000000000e+00,-6.724915651169e-04,-2.070836641346e-06,0.000000000000e+00,0.000000000000e+00
