ε_xx,ε_yy,ε_zz,γ_xy,γ_yz,γ_xz
0.000000000000e+00,0.000000000000e+00,-6.919820566015e-04,-1.041635024755e-05,0.000000000000e+00,0.000000000000e+00
0.000000000000e+00,0.000000000000e+00,-6.919820566015e-04,-6.228795589591e-06,0.000000000000e+00,0.000000000000e+00
0.000000000000e+00,0.000000000000e+00,-6.919820566015e-04,-2.041240931637e-06,0.000000000000e+00,0.000000000000e+00
