ε_xx,ε_yy,ε_zz,γ_xy,γ_yz,γ_xz
0.000000000000e+00,0.000000000000e+00,-1.730825252724e-03,-2.032536787432e-05,0.000000000000e+00,0.000000000000e+00
0.000000000000e+00,0.000000000000e+00,-1.730825252724e-03,-9.851215719643e-06,0.000000000000e+00,0.000000000000e+00
0.000000000000e+00,0.000000000000e+00,-1.730825252724e-03,6.229364350333e-07,0.000000000000e+00,0.000000000000e+00
