ε_xx,ε_yy,ε_zz,γ_xy,γ_yz,γ_xz
0.000000000000e+00,0.000000000000e+00,-1.243284530020e-03,-1.587301832784e-05,0.000000000000e+00,0.000000000000e+00
0.000000000000e+00,0.000000000000e+00,-1.243284530020e-03,-8.349236641329e-06,0.000000000000e+00,0.000000000000e+00
0.000000000000e+00,0.000000000000e+00,-1.243284530020e-03,-8.254549548198e-07,0.000000000000e+00,0.000000000000e+00
