ε_xx,ε_yy,ε_zz,γ_xy,γ_yz,γ_xz
0.000000000000e+00,0.000000000000e+00,-2.178758512347e-05,-1.236244747238e-06,0.000000000000e+00,0.000000000000e+00
0.000000000000e+00,0.000000000000e+00,-2.178758512347e-05,-1.104396381096e-06,0.000000000000e+00,0.000000000000e+00
0.000000000000e+00,0.000000000000e+00,-2.178758512347e-05,-9.725480149547e-07,0.000000000000e+00,0.000000000000e+00
