ε_xx,ε_yy,ε_zz,γ_xy,γ_yz,γ_xz
0.000000000000e+00,0.000000000000e+00,-4.288604215597e-04,-7.498784417484e-06,0.000000000000e+00,0.000000000000e+00
0.000000000000e+00,0.000000000000e+00,-4.288604215597e-04,-4.903519932251e-06,0.000000000000e+00,0.000000000000e+00
0.000000000000e+00,0.000000000000e+00,-4.288604215597e-04,-2.308255447017e-06,0.000000000000e+00,0.000000000000e+00
