ε_xx,ε_yy,ε_zz,γ_xy,γ_yz,γ_xz
0.000000000000e+00,0.000000000000e+00,-1.053182629145e-04,-3.067009348393e-06,0.000000000000e+00,0.000000000000e+00
0.000000000000e+00,0.000000000000e+00,-1.053182629145e-04,-2.429672038520e-06,0.000000000000e+00,0.000000000000e+00
0.000000000000e+00,0.000000000000e+00,-1.053182629145e-04,-1.792334728634e-06,0.000000000000e+00,0.000000000000e+00
