ε_xx,ε_yy,ε_zz,γ_xy,γ_yz,γ_xz
0.000000000000e+00,0.000000000000e+00,-3.837538555524e-04,-6.960765256400e-06,0.000000000000e+00,0.000000000000e+00
0.000000000000e+00,0.000000000000e+00,-3.837538555524e-04,-4.638464800782e-06,0.000000000000e+00,0.000000000000e+00
0.000000000000e+00,0.000000000000e+00,-3.837538555524e-04,-2.316164345165e-06,0.000000000000e+00,0.000000000000e+00
