ε_xx,ε_yy,ε_zz,γ_xy,γ_yz,γ_xz
0.000000000000e+00,0.000000000000e+00,-2.634696795327e-04,-5.437695783025e-06,0.000000000000e+00,0.000000000000e+00
0.000000000000e+00,0.000000000000e+00,-2.634696795327e-04,-3.843299406350e-06,0.000000000000e+00,0.000000000000e+00
0.000000000000e+00,0.000000000000e+00,-2.634696795327e-04,-2.248903029703e-06,0.000000000000e+00,0.000000000000e+00
