ε_xx,ε_yy,ε_zz,γ_xy,γ_yz,γ_xz
0.000000000000e+00,0.000000000000e+00,-2.757208456087e-04,-5.600185871937e-06,0.000000000000e+00,0.000000000000e+00
0.000000000000e+00,0.000000000000e+00,-2.757208456087e-04,-3.931651116854e-06,0.000000000000e+00,0.000000000000e+00
0.000000000000e+00,0.000000000000e+00,-2.757208456087e-04,-2.263116361784e-06,0.000000000000e+00,0.000000000000e+00
