ε_xx,ε_yy,ε_zz,γ_xy,γ_yz,γ_xz
0.000000000000e+00,0.000000000000e+00,-4.135464639647e-04,-7.317759733991e-06,0.000000000000e+00,0.000000000000e+00
0.000000000000e+00,0.000000000000e+00,-4.135464639647e-04,-4.815168221761e-06,0.000000000000e+00,0.000000000000e+00
0.000000000000e+00,0.000000000000e+00,-4.135464639647e-04,-2.312576709546e-06,0.000000000000e+00,0.000000000000e+00
