ε_xx,ε_yy,ε_zz,γ_xy,γ_yz,γ_xz
0.000000000000e+00,0.000000000000e+00,-3.480444907833e-07,-1.346337696329e-07,0.000000000000e+00,0.000000000000e+00
0.000000000000e+00,0.000000000000e+00,-3.480444907833e-07,-1.325275656994e-07,0.000000000000e+00,0.000000000000e+00
0.000000000000e+00,0.000000000000e+00,-3.480444907833e-07,-1.304213617659e-07,0.000000000000e+00,0.000000000000e+00
