ε_xx,ε_yy,ε_zz,γ_xy,γ_yz,γ_xz
0.000000000000e+00,0.000000000000e+00,-3.985109419622e-04,-7.138420013611e-06,0.000000000000e+00,0.000000000000e+00
0.000000000000e+00,0.000000000000e+00,-3.985109419622e-04,-4.726816511258e-06,0.000000000000e+00,0.000000000000e+00
0.000000000000e+00,0.000000000000e+00,-3.985109419622e-04,-2.315213008919e-06,0.000000000000e+00,0.000000000000e+00
