ε_xx,ε_yy,ε_zz,γ_xy,γ_yz,γ_xz
0.000000000000e+00,0.000000000000e+00,-1.131144595083e-04,-3.202540026975e-06,0.000000000000e+00,0.000000000000e+00
0.000000000000e+00,0.000000000000e+00,-1.131144595083e-04,-2.518023749024e-06,0.000000000000e+00,0.000000000000e+00
0.000000000000e+00,0.000000000000e+00,-1.131144595083e-04,-1.833507471072e-06,0.000000000000e+00,0.000000000000e+00
