ε_xx,ε_yy,ε_zz,γ_xy,γ_yz,γ_xz
0.000000000000e+00,0.000000000000e+00,-5.438543213188e-04,-8.813136170106e-06,0.000000000000e+00,0.000000000000e+00
0.000000000000e+00,0.000000000000e+00,-5.438543213188e-04,-5.521981905690e-06,0.000000000000e+00,0.000000000000e+00
0.000000000000e+00,0.000000000000e+00,-5.438543213188e-04,-2.230827641260e-06,0.000000000000e+00,0.000000000000e+00
