ε_xx,ε_yy,ε_zz,γ_xy,γ_yz,γ_xz
0.000000000000e+00,0.000000000000e+00,-9.247542120450e-04,-1.279684825276e-05,0.000000000000e+00,0.000000000000e+00
0.000000000000e+00,0.000000000000e+00,-9.247542120450e-04,-7.200664404971e-06,0.000000000000e+00,0.000000000000e+00
0.000000000000e+00,0.000000000000e+00,-9.247542120450e-04,-1.604480557183e-06,0.000000000000e+00,0.000000000000e+00
