ε_xx,ε_yy,ε_zz,γ_xy,γ_yz,γ_xz
0.000000000000e+00,0.000000000000e+00,-1.140263360745e-03,-1.489617512197e-05,0.000000000000e+00,0.000000000000e+00
0.000000000000e+00,0.000000000000e+00,-1.140263360745e-03,-7.995829799379e-06,0.000000000000e+00,0.000000000000e+00
0.000000000000e+00,0.000000000000e+00,-1.140263360745e-03,-1.095484476792e-06,0.000000000000e+00,0.000000000000e+00
