ε_xx,ε_yy,ε_zz,γ_xy,γ_yz,γ_xz
0.000000000000e+00,0.000000000000e+00,-8.360028668877e-05,-2.670527091506e-06,0.000000000000e+00,0.000000000000e+00
0.000000000000e+00,0.000000000000e+00,-8.360028668877e-05,-2.164616907011e-06,0.000000000000e+00,0.000000000000e+00
0.000000000000e+00,0.000000000000e+00,-8.360028668877e-05,-1.658706722488e-06,0.000000000000e+00,0.000000000000e+00
