ε_xx,ε_yy,ε_zz,γ_xy,γ_yz,γ_xz
0.000000000000e+00,0.000000000000e+00,-2.398026541586e-04,-5.117770494653e-06,0.000000000000e+00,0.000000000000e+00
0.000000000000e+00,0.000000000000e+00,-2.398026541586e-04,-3.666595985385e-06,0.000000000000e+00,0.000000000000e+00
0.000000000000e+00,0.000000000000e+00,-2.398026541586e-04,-2.215421476104e-06,0.000000000000e+00,0.000000000000e+00
