ε_xx,ε_yy,ε_zz,γ_xy,γ_yz,γ_xz
0.000000000000e+00,0.000000000000e+00,-1.669290986751e-03,-1.977628759814e-05,0.000000000000e+00,0.000000000000e+00
0.000000000000e+00,0.000000000000e+00,-1.669290986751e-03,-9.674512298666e-06,0.000000000000e+00,0.000000000000e+00
0.000000000000e+00,0.000000000000e+00,-1.669290986751e-03,4.272630008051e-07,0.000000000000e+00,0.000000000000e+00
