ε_xx,ε_yy,ε_zz,γ_xy,γ_yz,γ_xz
0.000000000000e+00,0.000000000000e+00,-1.269735911320e-03,-1.612144153717e-05,0.000000000000e+00,0.000000000000e+00
0.000000000000e+00,0.000000000000e+00,-1.269735911320e-03,-8.437588351819e-06,0.000000000000e+00,0.000000000000e+00
0.000000000000e+00,0.000000000000e+00,-1.269735911320e-03,-7.537351664685e-07,0.000000000000e+00,0.000000000000e+00
