ε_xx,ε_yy,ε_zz,γ_xy,γ_yz,γ_xz
0.000000000000e+00,0.000000000000e+00,-1.378325792448e-03,-1.713198400596e-05,0.000000000000e+00,0.000000000000e+00
0.000000000000e+00,0.000000000000e+00,-1.378325792448e-03,-8.790995193776e-06,0.000000000000e+00,0.000000000000e+00
0.000000000000e+00,0.000000000000e+00,-1.378325792448e-03,-4.500063815905e-07,0.000000000000e+00,0.000000000000e+00
