ε_xx,ε_yy,ε_zz,γ_xy,γ_yz,γ_xz
0.000000000000e+00,0.000000000000e+00,-9.706960848299e-04,-1.325157059279e-05,0.000000000000e+00,0.000000000000e+00
0.000000000000e+00,0.000000000000e+00,-9.706960848299e-04,-7.377367825953e-06,0.000000000000e+00,0.000000000000e+00
0.000000000000e+00,0.000000000000e+00,-9.706960848299e-04,-1.503165059116e-06,0.000000000000e+00,0.000000000000e+00
