ε_xx,ε_yy,ε_zz,γ_xy,γ_yz,γ_xz
0.000000000000e+00,0.000000000000e+00,-7.317983463485e-04,-1.083400339836e-05,0.000000000000e+00,0.000000000000e+00
0.000000000000e+00,0.000000000000e+00,-7.317983463485e-04,-6.405499010563e-06,0.000000000000e+00,0.000000000000e+00
0.000000000000e+00,0.000000000000e+00,-7.317983463485e-04,-1.976994622760e-06,0.000000000000e+00,0.000000000000e+00
