ε_xx,ε_yy,ε_zz,γ_xy,γ_yz,γ_xz
0.000000000000e+00,0.000000000000e+00,-1.211890916949e-04,-3.339755668672e-06,0.000000000000e+00,0.000000000000e+00
0.000000000000e+00,0.000000000000e+00,-1.211890916949e-04,-2.606375459485e-06,0.000000000000e+00,0.000000000000e+00
0.000000000000e+00,0.000000000000e+00,-1.211890916949e-04,-1.872995250299e-06,0.000000000000e+00,0.000000000000e+00
