ε_xx,ε_yy,ε_zz,γ_xy,γ_yz,γ_xz
0.000000000000e+00,0.000000000000e+00,-1.041697160952e-03,-1.394629132641e-05,0.000000000000e+00,0.000000000000e+00
0.000000000000e+00,0.000000000000e+00,-1.041697160952e-03,-7.642422957414e-06,0.000000000000e+00,0.000000000000e+00
0.000000000000e+00,0.000000000000e+00,-1.041697160952e-03,-1.338554588417e-06,0.000000000000e+00,0.000000000000e+00
