ε_xx,ε_yy,ε_zz,γ_xy,γ_yz,γ_xz
0.000000000000e+00,0.000000000000e+00,-7.936110479136e-04,-1.147312034817e-05,0.000000000000e+00,0.000000000000e+00
0.000000000000e+00,0.000000000000e+00,-7.936110479136e-04,-6.670554142031e-06,0.000000000000e+00,0.000000000000e+00
0.000000000000e+00,0.000000000000e+00,-7.936110479136e-04,-1.867987935882e-06,0.000000000000e+00,0.000000000000e+00
