ε_xx,ε_yy,ε_zz,γ_xy,γ_yz,γ_xz
0.000000000000e+00,0.000000000000e+00,-7.691783246550e-05,-2.541736265543e-06,0.000000000000e+00,0.000000000000e+00
0.000000000000e+00,0.000000000000e+00,-7.691783246550e-05,-2.076265196549e-06,0.000000000000e+00,0.000000000000e+00
0.000000000000e+00,0.000000000000e+00,-7.691783246550e-05,-1.610794127541e-06,0.000000000000e+00,0.000000000000e+00
