ε_xx,ε_yy,ε_zz,γ_xy,γ_yz,γ_xz
0.000000000000e+00,0.000000000000e+00,-2.263194105841e-03,-2.496064477678e-05,0.000000000000e+00,0.000000000000e+00
0.000000000000e+00,0.000000000000e+00,-2.263194105841e-03,-1.126484308747e-05,0.000000000000e+00,0.000000000000e+00
0.000000000000e+00,0.000000000000e+00,-2.263194105841e-03,2.430958601833e-06,0.000000000000e+00,0.000000000000e+00
