ε_xx,ε_yy,ε_zz,γ_xy,γ_yz,γ_xz
0.000000000000e+00,0.000000000000e+00,-1.259921056679e-05,-9.155858319287e-07,0.000000000000e+00,0.000000000000e+00
0.000000000000e+00,0.000000000000e+00,-1.259921056679e-05,-8.393412495866e-07,0.000000000000e+00,0.000000000000e+00
0.000000000000e+00,0.000000000000e+00,-1.259921056679e-05,-7.630966672445e-07,0.000000000000e+00,0.000000000000e+00
