ε_xx,ε_yy,ε_zz,γ_xy,γ_yz,γ_xz
0.000000000000e+00,0.000000000000e+00,-5.297237149864e-05,-2.043422593023e-06,0.000000000000e+00,0.000000000000e+00
0.000000000000e+00,0.000000000000e+00,-5.297237149864e-05,-1.722858354550e-06,0.000000000000e+00,0.000000000000e+00
0.000000000000e+00,0.000000000000e+00,-5.297237149864e-05,-1.402294116090e-06,0.000000000000e+00,0.000000000000e+00
