ε_xx,ε_yy,ε_zz,γ_xy,γ_yz,γ_xz
0.000000000000e+00,0.000000000000e+00,-2.853964824634e-06,-4.148535694692e-07,0.000000000000e+00,0.000000000000e+00
0.000000000000e+00,0.000000000000e+00,-2.853964824634e-06,-3.975826972369e-07,0.000000000000e+00,0.000000000000e+00
0.000000000000e+00,0.000000000000e+00,-2.853964824634e-06,-3.803118250045e-07,0.000000000000e+00,0.000000000000e+00
