ε_xx,ε_yy,ε_zz,γ_xy,γ_yz,γ_xz
0.000000000000e+00,0.000000000000e+00,-7.865805492085e-06,-7.102380375490e-07,0.000000000000e+00,0.000000000000e+00
0.000000000000e+00,0.000000000000e+00,-7.865805492085e-06,-6.626378286634e-07,0.000000000000e+00,0.000000000000e+00
0.000000000000e+00,0.000000000000e+00,-7.865805492085e-06,-6.150376198055e-07,0.000000000000e+00,0.000000000000e+00
