ε_xx,ε_yy,ε_zz,γ_xy,γ_yz,γ_xz
0.000000000000e+00,0.000000000000e+00,-6.960889817331e-08,-4.459709604387e-08,0.000000000000e+00,0.000000000000e+00
0.000000000000e+00,0.000000000000e+00,-6.960889817331e-08,-4.417585525163e-08,0.000000000000e+00,0.000000000000e+00
0.000000000000e+00,0.000000000000e+00,-6.960889817331e-08,-4.375461445938e-08,0.000000000000e+00,0.000000000000e+00
