ε_xx,ε_yy,ε_zz,γ_xy,γ_yz,γ_xz
0.000000000000e+00,0.000000000000e+00,-1.889533540525e-03,-2.172755541983e-05,0.000000000000e+00,0.000000000000e+00
0.000000000000e+00,0.000000000000e+00,-1.889533540525e-03,-1.029297427209e-05,0.000000000000e+00,0.000000000000e+00
0.000000000000e+00,0.000000000000e+00,-1.889533540525e-03,1.141606875651e-06,0.000000000000e+00,0.000000000000e+00
