element_id,total_strain_energy
0,1.187991861895e-02
1,2.635464312912e-31
2,6.427612582822e-32
3,1.467328039508e-31
