Local DOF,R_e Value
0,0.000000000000e+00
1,-1.397540314324e-06
2,0.000000000000e+00
3,0.000000000000e+00
4,0.000000000000e+00
5,-3.341227111577e-05
6,0.000000000000e+00
7,-4.744129777068e-06
8,0.000000000000e+00
9,0.000000000000e+00
10,0.000000000000e+00
11,-6.236957274943e-05
