Local DOF,R_e Value
0,0.000000000000e+00
1,-4.744129777068e-06
2,0.000000000000e+00
3,0.000000000000e+00
4,0.000000000000e+00
5,-6.236957274943e-05
6,0.000000000000e+00
7,-9.761332795600e-06
8,0.000000000000e+00
9,0.000000000000e+00
10,0.000000000000e+00
11,-8.687190490098e-05
