ε_xx,ε_yy,ε_zz,γ_xy,γ_yz,γ_xz
0.000000000000e+00,0.000000000000e+00,-9.444535302129e-04,-1.708529945193e-05,0.000000000000e+00,0.000000000000e+00
0.000000000000e+00,0.000000000000e+00,-9.444535302129e-04,-5.654509471362e-06,0.000000000000e+00,0.000000000000e+00
0.000000000000e+00,0.000000000000e+00,-9.444535302129e-04,5.776280509205e-06,0.000000000000e+00,0.000000000000e+00
