ε_xx,ε_yy,ε_zz,γ_xy,γ_yz,γ_xz
0.000000000000e+00,0.000000000000e+00,-1.585969135644e-03,-2.484960962747e-05,0.000000000000e+00,0.000000000000e+00
0.000000000000e+00,0.000000000000e+00,-1.585969135644e-03,-5.654509471377e-06,0.000000000000e+00,0.000000000000e+00
0.000000000000e+00,0.000000000000e+00,-1.585969135644e-03,1.354059068471e-05,0.000000000000e+00,0.000000000000e+00
