ε_xx,ε_yy,ε_zz,γ_xy,γ_yz,γ_xz
0.000000000000e+00,0.000000000000e+00,-8.375342626412e-04,-1.579124775603e-05,0.000000000000e+00,0.000000000000e+00
0.000000000000e+00,0.000000000000e+00,-8.375342626412e-04,-5.654509471376e-06,0.000000000000e+00,0.000000000000e+00
0.000000000000e+00,0.000000000000e+00,-8.375342626412e-04,4.482228813274e-06,0.000000000000e+00,0.000000000000e+00
