ε_xx,ε_yy,ε_zz,γ_xy,γ_yz,γ_xz
0.000000000000e+00,0.000000000000e+00,-5.167764599266e-04,-1.190909266825e-05,0.000000000000e+00,0.000000000000e+00
0.000000000000e+00,0.000000000000e+00,-5.167764599266e-04,-5.654509471362e-06,0.000000000000e+00,0.000000000000e+00
0.000000000000e+00,0.000000000000e+00,-5.167764599266e-04,6.000737255429e-07,0.000000000000e+00,0.000000000000e+00
