ε_xx,ε_yy,ε_zz,γ_xy,γ_yz,γ_xz
0.000000000000e+00,0.000000000000e+00,-1.960186572132e-04,-8.026937580508e-06,0.000000000000e+00,0.000000000000e+00
0.000000000000e+00,0.000000000000e+00,-1.960186572132e-04,-5.654509471348e-06,0.000000000000e+00,0.000000000000e+00
0.000000000000e+00,0.000000000000e+00,-1.960186572132e-04,-3.282081362188e-06,0.000000000000e+00,0.000000000000e+00
