ε_xx,ε_yy,ε_zz,γ_xy,γ_yz,γ_xz
0.000000000000e+00,0.000000000000e+00,-2.120565473504e-03,-3.131986810707e-05,0.000000000000e+00,0.000000000000e+00
0.000000000000e+00,0.000000000000e+00,-2.120565473504e-03,-5.654509471378e-06,0.000000000000e+00,0.000000000000e+00
0.000000000000e+00,0.000000000000e+00,-2.120565473504e-03,2.001084916432e-05,0.000000000000e+00,0.000000000000e+00
