ε_xx,ε_yy,ε_zz,γ_xy,γ_yz,γ_xz
0.000000000000e+00,0.000000000000e+00,-1.158292065356e-03,-1.967340284379e-05,0.000000000000e+00,0.000000000000e+00
0.000000000000e+00,0.000000000000e+00,-1.158292065356e-03,-5.654509471379e-06,0.000000000000e+00,0.000000000000e+00
0.000000000000e+00,0.000000000000e+00,-1.158292065356e-03,8.364383901026e-06,0.000000000000e+00,0.000000000000e+00
