ε_xx,ε_yy,ε_zz,γ_xy,γ_yz,γ_xz
0.000000000000e+00,0.000000000000e+00,-6.949752392124e-04,-1.406584549478e-05,0.000000000000e+00,0.000000000000e+00
0.000000000000e+00,0.000000000000e+00,-6.949752392124e-04,-5.654509471355e-06,0.000000000000e+00,0.000000000000e+00
0.000000000000e+00,0.000000000000e+00,-6.949752392124e-04,2.756826552069e-06,0.000000000000e+00,0.000000000000e+00
