ε_xx,ε_yy,ε_zz,γ_xy,γ_yz,γ_xz
0.000000000000e+00,0.000000000000e+00,-7.306149950695e-04,-1.449719606010e-05,0.000000000000e+00,0.000000000000e+00
0.000000000000e+00,0.000000000000e+00,-7.306149950695e-04,-5.654509471369e-06,0.000000000000e+00,0.000000000000e+00
0.000000000000e+00,0.000000000000e+00,-7.306149950695e-04,3.188177117364e-06,0.000000000000e+00,0.000000000000e+00
