ε_xx,ε_yy,ε_zz,γ_xy,γ_yz,γ_xz
0.000000000000e+00,0.000000000000e+00,-7.662547509268e-04,-1.492854662540e-05,0.000000000000e+00,0.000000000000e+00
0.000000000000e+00,0.000000000000e+00,-7.662547509268e-04,-5.654509471362e-06,0.000000000000e+00,0.000000000000e+00
0.000000000000e+00,0.000000000000e+00,-7.662547509268e-04,3.619527682672e-06,0.000000000000e+00,0.000000000000e+00
