ε_xx,ε_yy,ε_zz,γ_xy,γ_yz,γ_xz
0.000000000000e+00,0.000000000000e+00,-3.742174364983e-04,-1.018369040701e-05,0.000000000000e+00,0.000000000000e+00
0.000000000000e+00,0.000000000000e+00,-3.742174364983e-04,-5.654509471320e-06,0.000000000000e+00,0.000000000000e+00
0.000000000000e+00,0.000000000000e+00,-3.742174364983e-04,-1.125328535634e-06,0.000000000000e+00,0.000000000000e+00
