ε_xx,ε_yy,ε_zz,γ_xy,γ_yz,γ_xz
0.000000000000e+00,0.000000000000e+00,-1.479049868072e-03,-2.355555793154e-05,0.000000000000e+00,0.000000000000e+00
0.000000000000e+00,0.000000000000e+00,-1.479049868072e-03,-5.654509471372e-06,0.000000000000e+00,0.000000000000e+00
0.000000000000e+00,0.000000000000e+00,-1.479049868072e-03,1.224653898880e-05,0.000000000000e+00,0.000000000000e+00
