ε_xx,ε_yy,ε_zz,γ_xy,γ_yz,γ_xz
0.000000000000e+00,0.000000000000e+00,-4.098571923553e-04,-1.061504097230e-05,0.000000000000e+00,0.000000000000e+00
0.000000000000e+00,0.000000000000e+00,-4.098571923553e-04,-5.654509471320e-06,0.000000000000e+00,0.000000000000e+00
0.000000000000e+00,0.000000000000e+00,-4.098571923553e-04,-6.939779703258e-07,0.000000000000e+00,0.000000000000e+00
