ε_xx,ε_yy,ε_zz,γ_xy,γ_yz,γ_xz
0.000000000000e+00,0.000000000000e+00,-1.051372797785e-03,-1.837935114786e-05,0.000000000000e+00,0.000000000000e+00
0.000000000000e+00,0.000000000000e+00,-1.051372797785e-03,-5.654509471369e-06,0.000000000000e+00,0.000000000000e+00
0.000000000000e+00,0.000000000000e+00,-1.051372797785e-03,7.070332205115e-06,0.000000000000e+00,0.000000000000e+00
