ε_xx,ε_yy,ε_zz,γ_xy,γ_yz,γ_xz
0.000000000000e+00,0.000000000000e+00,-2.316584130703e-04,-8.458288145829e-06,0.000000000000e+00,0.000000000000e+00
0.000000000000e+00,0.000000000000e+00,-2.316584130703e-04,-5.654509471348e-06,0.000000000000e+00,0.000000000000e+00
0.000000000000e+00,0.000000000000e+00,-2.316584130703e-04,-2.850730796880e-06,0.000000000000e+00,0.000000000000e+00
