ε_xx,ε_yy,ε_zz,γ_xy,γ_yz,γ_xz
0.000000000000e+00,0.000000000000e+00,-2.227484741076e-03,-3.261391980299e-05,0.000000000000e+00,0.000000000000e+00
0.000000000000e+00,0.000000000000e+00,-2.227484741076e-03,-5.654509471378e-06,0.000000000000e+00,0.000000000000e+00
0.000000000000e+00,0.000000000000e+00,-2.227484741076e-03,2.130490086024e-05,0.000000000000e+00,0.000000000000e+00
