ε_xx,ε_yy,ε_zz,γ_xy,γ_yz,γ_xz
0.000000000000e+00,0.000000000000e+00,-1.728528159073e-03,-2.657501188870e-05,0.000000000000e+00,0.000000000000e+00
0.000000000000e+00,0.000000000000e+00,-1.728528159073e-03,-5.654509471376e-06,0.000000000000e+00,0.000000000000e+00
0.000000000000e+00,0.000000000000e+00,-1.728528159073e-03,1.526599294594e-05,0.000000000000e+00,0.000000000000e+00
