ε_xx,ε_yy,ε_zz,γ_xy,γ_yz,γ_xz
0.000000000000e+00,0.000000000000e+00,-1.229571577071e-03,-2.053610397441e-05,0.000000000000e+00,0.000000000000e+00
0.000000000000e+00,0.000000000000e+00,-1.229571577071e-03,-5.654509471389e-06,0.000000000000e+00,0.000000000000e+00
0.000000000000e+00,0.000000000000e+00,-1.229571577071e-03,9.227085031635e-06,0.000000000000e+00,0.000000000000e+00
