ε_xx,ε_yy,ε_zz,γ_xy,γ_yz,γ_xz
0.000000000000e+00,0.000000000000e+00,-1.514689623930e-03,-2.398690849686e-05,0.000000000000e+00,0.000000000000e+00
0.000000000000e+00,0.000000000000e+00,-1.514689623930e-03,-5.654509471379e-06,0.000000000000e+00,0.000000000000e+00
0.000000000000e+00,0.000000000000e+00,-1.514689623930e-03,1.267788955410e-05,0.000000000000e+00,0.000000000000e+00
