ε_xx,ε_yy,ε_zz,γ_xy,γ_yz,γ_xz
0.000000000000e+00,0.000000000000e+00,-1.247391454993e-04,-7.164236449864e-06,0.000000000000e+00,0.000000000000e+00
0.000000000000e+00,0.000000000000e+00,-1.247391454993e-04,-5.654509471320e-06,0.000000000000e+00,0.000000000000e+00
0.000000000000e+00,0.000000000000e+00,-1.247391454993e-04,-4.144782492749e-06,0.000000000000e+00,0.000000000000e+00
