ε_xx,ε_yy,ε_zz,γ_xy,γ_yz,γ_xz
0.000000000000e+00,0.000000000000e+00,-1.871087182503e-03,-2.830041414992e-05,0.000000000000e+00,0.000000000000e+00
0.000000000000e+00,0.000000000000e+00,-1.871087182503e-03,-5.654509471378e-06,0.000000000000e+00,0.000000000000e+00
0.000000000000e+00,0.000000000000e+00,-1.871087182503e-03,1.699139520717e-05,0.000000000000e+00,0.000000000000e+00
