ε_xx,ε_yy,ε_zz,γ_xy,γ_yz,γ_xz
0.000000000000e+00,0.000000000000e+00,-4.454969482124e-04,-1.104639153762e-05,0.000000000000e+00,0.000000000000e+00
0.000000000000e+00,0.000000000000e+00,-4.454969482124e-04,-5.654509471334e-06,0.000000000000e+00,0.000000000000e+00
0.000000000000e+00,0.000000000000e+00,-4.454969482124e-04,-2.626274050455e-07,0.000000000000e+00,0.000000000000e+00
