ε_xx,ε_yy,ε_zz,γ_xy,γ_yz,γ_xz
0.000000000000e+00,0.000000000000e+00,-2.049285961789e-03,-3.045716697646e-05,0.000000000000e+00,0.000000000000e+00
0.000000000000e+00,0.000000000000e+00,-2.049285961789e-03,-5.654509471378e-06,0.000000000000e+00,0.000000000000e+00
0.000000000000e+00,0.000000000000e+00,-2.049285961789e-03,1.914814803370e-05,0.000000000000e+00,0.000000000000e+00
