ε_xx,ε_yy,ε_zz,γ_xy,γ_yz,γ_xz
0.000000000000e+00,0.000000000000e+00,-2.013646205932e-03,-3.002581641115e-05,0.000000000000e+00,0.000000000000e+00
0.000000000000e+00,0.000000000000e+00,-2.013646205932e-03,-5.654509471377e-06,0.000000000000e+00,0.000000000000e+00
0.000000000000e+00,0.000000000000e+00,-2.013646205932e-03,1.871679746840e-05,0.000000000000e+00,0.000000000000e+00
