N,Vy,Vz,T,My,Mz
0.000000000000e+00,-7.097819555588e+02,0.000000000000e+00,0.000000000000e+00,0.000000000000e+00,-8.593750000173e+01
0.000000000000e+00,-5.000000000024e+02,0.000000000000e+00,0.000000000000e+00,0.000000000000e+00,-8.593750000173e+01
0.000000000000e+00,-2.902180444458e+02,0.000000000000e+00,0.000000000000e+00,0.000000000000e+00,-8.593750000173e+01
