N,Vy,Vz,T,My,Mz
0.000000000000e+00,-1.434483256561e+03,0.000000000000e+00,0.000000000000e+00,0.000000000000e+00,-3.828125000030e+02
0.000000000000e+00,-5.000000000022e+02,0.000000000000e+00,0.000000000000e+00,0.000000000000e+00,-3.828125000030e+02
0.000000000000e+00,4.344832565560e+02,0.000000000000e+00,0.000000000000e+00,0.000000000000e+00,-3.828125000030e+02
