N,Vy,Vz,T,My,Mz
0.000000000000e+00,-6.716397818218e+02,0.000000000000e+00,0.000000000000e+00,0.000000000000e+00,-7.031250000166e+01
0.000000000000e+00,-5.000000000024e+02,0.000000000000e+00,0.000000000000e+00,0.000000000000e+00,-7.031250000166e+01
0.000000000000e+00,-3.283602181829e+02,0.000000000000e+00,0.000000000000e+00,0.000000000000e+00,-7.031250000166e+01
