N,Vy,Vz,T,My,Mz
0.000000000000e+00,-5.190710868740e+02,0.000000000000e+00,0.000000000000e+00,0.000000000000e+00,-7.812500001357e+00
0.000000000000e+00,-5.000000000022e+02,0.000000000000e+00,0.000000000000e+00,0.000000000000e+00,-7.812500001357e+00
0.000000000000e+00,-4.809289131305e+02,0.000000000000e+00,0.000000000000e+00,0.000000000000e+00,-7.812500001357e+00
