N,Vy,Vz,T,My,Mz
0.000000000000e+00,-3.988216007444e-09,0.000000000000e+00,0.000000000000e+00,0.000000000000e+00,-7.437969896246e-10
0.000000000000e+00,-2.147500927085e-09,0.000000000000e+00,0.000000000000e+00,0.000000000000e+00,-7.437969896246e-10
0.000000000000e+00,-3.067858467265e-10,0.000000000000e+00,0.000000000000e+00,0.000000000000e+00,-7.437969896246e-10
