N,Vy,Vz,T,My,Mz
0.000000000000e+00,-4.601787700897e-09,0.000000000000e+00,0.000000000000e+00,0.000000000000e+00,-1.087555925525e-09
0.000000000000e+00,-1.994108003722e-09,0.000000000000e+00,0.000000000000e+00,0.000000000000e+00,-1.087555925525e-09
0.000000000000e+00,6.135716934530e-10,0.000000000000e+00,0.000000000000e+00,0.000000000000e+00,-1.087555925525e-09
