N,Vy,Vz,T,My,Mz
0.000000000000e+00,-7.860663030325e+02,0.000000000000e+00,0.000000000000e+00,0.000000000000e+00,-1.171875000019e+02
0.000000000000e+00,-5.000000000021e+02,0.000000000000e+00,0.000000000000e+00,0.000000000000e+00,-1.171875000019e+02
0.000000000000e+00,-2.139336969718e+02,0.000000000000e+00,0.000000000000e+00,0.000000000000e+00,-1.171875000019e+02
