N,Vy,Vz,T,My,Mz
0.000000000000e+00,-9.203575401795e-10,0.000000000000e+00,0.000000000000e+00,0.000000000000e+00,-2.890008753142e-11
0.000000000000e+00,-9.203575401795e-10,0.000000000000e+00,0.000000000000e+00,0.000000000000e+00,-2.890008753142e-11
0.000000000000e+00,-9.203575401795e-10,0.000000000000e+00,0.000000000000e+00,0.000000000000e+00,-2.890008753142e-11
