N,Vy,Vz,T,My,Mz
0.000000000000e+00,-3.988216007444e-09,0.000000000000e+00,0.000000000000e+00,0.000000000000e+00,-9.719555753990e-10
0.000000000000e+00,-1.840715080359e-09,0.000000000000e+00,0.000000000000e+00,0.000000000000e+00,-9.719555753990e-10
0.000000000000e+00,6.135716934530e-10,0.000000000000e+00,0.000000000000e+00,0.000000000000e+00,-9.719555753990e-10
