N,Vy,Vz,T,My,Mz
0.000000000000e+00,-3.988216007444e-09,0.000000000000e+00,0.000000000000e+00,0.000000000000e+00,-9.156764575746e-10
0.000000000000e+00,-1.840715080359e-09,0.000000000000e+00,0.000000000000e+00,0.000000000000e+00,-9.156764575746e-10
0.000000000000e+00,3.067858467265e-10,0.000000000000e+00,0.000000000000e+00,0.000000000000e+00,-9.156764575746e-10
