N,Vy,Vz,T,My,Mz
0.000000000000e+00,-1.396341082824e+03,0.000000000000e+00,0.000000000000e+00,0.000000000000e+00,-3.671875000030e+02
0.000000000000e+00,-5.000000000022e+02,0.000000000000e+00,0.000000000000e+00,0.000000000000e+00,-3.671875000030e+02
0.000000000000e+00,3.963410828191e+02,0.000000000000e+00,0.000000000000e+00,0.000000000000e+00,-3.671875000030e+02
