N,Vy,Vz,T,My,Mz
0.000000000000e+00,-2.147500927085e-09,0.000000000000e+00,0.000000000000e+00,0.000000000000e+00,-2.692271312138e-10
0.000000000000e+00,-1.533929233632e-09,0.000000000000e+00,0.000000000000e+00,0.000000000000e+00,-2.692271312138e-10
0.000000000000e+00,-6.135716934530e-10,0.000000000000e+00,0.000000000000e+00,0.000000000000e+00,-2.692271312138e-10
