N,Vy,Vz,T,My,Mz
0.000000000000e+00,-2.454286773812e-09,0.000000000000e+00,0.000000000000e+00,0.000000000000e+00,-5.369332051891e-10
0.000000000000e+00,-1.227143386906e-09,0.000000000000e+00,0.000000000000e+00,0.000000000000e+00,-5.369332051891e-10
0.000000000000e+00,0.000000000000e+00,0.000000000000e+00,0.000000000000e+00,0.000000000000e+00,-5.369332051891e-10
