N,Vy,Vz,T,My,Mz
0.000000000000e+00,-1.281914561613e+03,0.000000000000e+00,0.000000000000e+00,0.000000000000e+00,-3.203125000028e+02
0.000000000000e+00,-5.000000000022e+02,0.000000000000e+00,0.000000000000e+00,0.000000000000e+00,-3.203125000028e+02
0.000000000000e+00,2.819145616083e+02,0.000000000000e+00,0.000000000000e+00,0.000000000000e+00,-3.203125000028e+02
