N,Vy,Vz,T,My,Mz
0.000000000000e+00,-1.320056735350e+03,0.000000000000e+00,0.000000000000e+00,0.000000000000e+00,-3.359375000028e+02
0.000000000000e+00,-5.000000000022e+02,0.000000000000e+00,0.000000000000e+00,0.000000000000e+00,-3.359375000028e+02
0.000000000000e+00,3.200567353452e+02,0.000000000000e+00,0.000000000000e+00,0.000000000000e+00,-3.359375000028e+02
