N,Vy,Vz,T,My,Mz
0.000000000000e+00,-1.358198909087e+03,0.000000000000e+00,0.000000000000e+00,0.000000000000e+00,-3.515625000029e+02
0.000000000000e+00,-5.000000000022e+02,0.000000000000e+00,0.000000000000e+00,0.000000000000e+00,-3.515625000029e+02
0.000000000000e+00,3.581989090822e+02,0.000000000000e+00,0.000000000000e+00,0.000000000000e+00,-3.515625000029e+02
