N,Vy,Vz,T,My,Mz
0.000000000000e+00,-3.374644313991e-09,0.000000000000e+00,0.000000000000e+00,0.000000000000e+00,-8.015971646874e-10
0.000000000000e+00,-1.533929233632e-09,0.000000000000e+00,0.000000000000e+00,0.000000000000e+00,-8.015971646874e-10
0.000000000000e+00,6.135716934530e-10,0.000000000000e+00,0.000000000000e+00,0.000000000000e+00,-8.015971646874e-10
