N,Vy,Vz,T,My,Mz
0.000000000000e+00,-1.701478472719e+03,0.000000000000e+00,0.000000000000e+00,0.000000000000e+00,-4.921875000035e+02
0.000000000000e+00,-5.000000000022e+02,0.000000000000e+00,0.000000000000e+00,0.000000000000e+00,-4.921875000035e+02
0.000000000000e+00,7.014784727146e+02,0.000000000000e+00,0.000000000000e+00,0.000000000000e+00,-4.921875000035e+02
