N,Vy,Vz,T,My,Mz
0.000000000000e+00,-8.623506505064e+02,0.000000000000e+00,0.000000000000e+00,0.000000000000e+00,-1.484375000020e+02
0.000000000000e+00,-5.000000000022e+02,0.000000000000e+00,0.000000000000e+00,0.000000000000e+00,-1.484375000020e+02
0.000000000000e+00,-1.376493494979e+02,0.000000000000e+00,0.000000000000e+00,0.000000000000e+00,-1.484375000020e+02
