N,Vy,Vz,T,My,Mz
0.000000000000e+00,-1.533929233632e-09,0.000000000000e+00,0.000000000000e+00,0.000000000000e+00,-1.156003501257e-10
0.000000000000e+00,-1.227143386906e-09,0.000000000000e+00,0.000000000000e+00,0.000000000000e+00,-1.156003501257e-10
0.000000000000e+00,-9.203575401795e-10,0.000000000000e+00,0.000000000000e+00,0.000000000000e+00,-1.156003501257e-10
