N,Vy,Vz,T,My,Mz
0.000000000000e+00,-1.227143386906e-09,0.000000000000e+00,0.000000000000e+00,0.000000000000e+00,-2.053427271970e-10
0.000000000000e+00,-3.067858467265e-10,0.000000000000e+00,0.000000000000e+00,0.000000000000e+00,-2.053427271970e-10
0.000000000000e+00,0.000000000000e+00,0.000000000000e+00,0.000000000000e+00,0.000000000000e+00,-2.053427271970e-10
