N,Vy,Vz,T,My,Mz
0.000000000000e+00,-9.767771717173e+02,0.000000000000e+00,0.000000000000e+00,0.000000000000e+00,-1.953125000022e+02
0.000000000000e+00,-5.000000000023e+02,0.000000000000e+00,0.000000000000e+00,0.000000000000e+00,-1.953125000022e+02
0.000000000000e+00,-2.322282828723e+01,0.000000000000e+00,0.000000000000e+00,0.000000000000e+00,-1.953125000022e+02
