N,Vy,Vz,T,My,Mz
0.000000000000e+00,-1.014919345454e+03,0.000000000000e+00,0.000000000000e+00,0.000000000000e+00,-2.109375000023e+02
0.000000000000e+00,-5.000000000022e+02,0.000000000000e+00,0.000000000000e+00,0.000000000000e+00,-2.109375000023e+02
0.000000000000e+00,1.491934544975e+01,0.000000000000e+00,0.000000000000e+00,0.000000000000e+00,-2.109375000023e+02
