N,Vy,Vz,T,My,Mz
0.000000000000e+00,-1.472625430297e+03,0.000000000000e+00,0.000000000000e+00,0.000000000000e+00,-3.984375000031e+02
0.000000000000e+00,-5.000000000022e+02,0.000000000000e+00,0.000000000000e+00,0.000000000000e+00,-3.984375000031e+02
0.000000000000e+00,4.726254302930e+02,0.000000000000e+00,0.000000000000e+00,0.000000000000e+00,-3.984375000031e+02
