sigma1,sigma2,sigma3
2.684376158857e-10,5.570872135992e-11,-2.684376158857e-10
5.570872135992e-11,0.000000000000e+00,0.000000000000e+00
2.684376158857e-10,5.570872135992e-11,-2.684376158857e-10
