sigma1,sigma2,sigma3
1.917411542041e-10,3.593497725947e-11,-1.917411542041e-10
3.593497725947e-11,0.000000000000e+00,0.000000000000e+00
1.917411542041e-10,3.593497725947e-11,-1.917411542041e-10
