Local DOF,R_e Value
0,0.000000000000e+00
1,-2.264818677737e-07
2,0.000000000000e+00
3,0.000000000000e+00
4,0.000000000000e+00
5,-1.768066013233e-05
6,0.000000000000e+00
7,-7.270487720475e-07
8,0.000000000000e+00
9,0.000000000000e+00
10,0.000000000000e+00
11,-3.508288467202e-05
