Local DOF,R_e Value
0,0.000000000000e+00
1,-1.083581890031e-04
2,0.000000000000e+00
3,0.000000000000e+00
4,0.000000000000e+00
5,-4.093003211741e-04
6,0.000000000000e+00
7,-1.149147300472e-04
8,0.000000000000e+00
9,0.000000000000e+00
10,0.000000000000e+00
11,-4.186279135274e-04
