Local DOF,R_e Value
0,0.000000000000e+00
1,-5.383155631447e-06
2,0.000000000000e+00
3,0.000000000000e+00
4,0.000000000000e+00
5,-1.019074269045e-04
6,0.000000000000e+00
7,-7.188889376198e-06
8,0.000000000000e+00
9,0.000000000000e+00
10,0.000000000000e+00
11,-1.179174734810e-04
