Local DOF,R_e Value
0,0.000000000000e+00
1,-2.533035465556e-06
2,0.000000000000e+00
3,0.000000000000e+00
4,0.000000000000e+00
5,-6.905202697351e-05
6,0.000000000000e+00
7,-3.829754142521e-06
8,0.000000000000e+00
9,0.000000000000e+00
10,0.000000000000e+00
11,-8.561894473530e-05
