Local DOF,R_e Value
0,0.000000000000e+00
1,-3.053359417311e-04
2,0.000000000000e+00
3,0.000000000000e+00
4,0.000000000000e+00
5,-5.589594522168e-04
6,0.000000000000e+00
7,-3.141765247460e-04
8,0.000000000000e+00
9,0.000000000000e+00
10,0.000000000000e+00
11,-5.613261547542e-04
