Local DOF,R_e Value
0,0.000000000000e+00
1,-1.019495668676e-04
2,0.000000000000e+00
3,0.000000000000e+00
4,0.000000000000e+00
5,-3.996942932282e-04
6,0.000000000000e+00
7,-1.083581890031e-04
8,0.000000000000e+00
9,0.000000000000e+00
10,0.000000000000e+00
11,-4.093003211741e-04
