Local DOF,R_e Value
0,0.000000000000e+00
1,-2.035472950131e-04
2,0.000000000000e+00
3,0.000000000000e+00
4,0.000000000000e+00
5,-5.088410455417e-04
6,0.000000000000e+00
7,-2.116308812605e-04
8,0.000000000000e+00
9,0.000000000000e+00
10,0.000000000000e+00
11,-5.145489751908e-04
