Local DOF,R_e Value
0,0.000000000000e+00
1,-2.790665249421e-04
2,0.000000000000e+00
3,0.000000000000e+00
4,0.000000000000e+00
5,-5.501887310486e-04
6,0.000000000000e+00
7,-2.877765912730e-04
8,0.000000000000e+00
9,0.000000000000e+00
10,0.000000000000e+00
11,-5.533907403639e-04
