Local DOF,R_e Value
0,0.000000000000e+00
1,-7.227750928357e-05
2,0.000000000000e+00
3,0.000000000000e+00
4,0.000000000000e+00
5,-3.474876196089e-04
6,0.000000000000e+00
7,-7.788127853411e-05
8,0.000000000000e+00
9,0.000000000000e+00
10,0.000000000000e+00
11,-3.584858255180e-04
