Local DOF,R_e Value
0,0.000000000000e+00
1,-1.407657858406e-05
2,0.000000000000e+00
3,0.000000000000e+00
4,0.000000000000e+00
5,-1.642769996548e-04
6,0.000000000000e+00
7,-1.684813579076e-05
8,0.000000000000e+00
9,0.000000000000e+00
10,0.000000000000e+00
11,-1.791733038607e-04
