Local DOF,R_e Value
0,0.000000000000e+00
1,-3.408896982608e-04
2,0.000000000000e+00
3,0.000000000000e+00
4,0.000000000000e+00
5,-5.667556488108e-04
6,0.000000000000e+00
7,-3.498433957353e-04
8,0.000000000000e+00
9,0.000000000000e+00
10,0.000000000000e+00
11,-5.680086089778e-04
