Local DOF,R_e Value
0,0.000000000000e+00
1,-1.571166422485e-04
2,0.000000000000e+00
3,0.000000000000e+00
4,0.000000000000e+00
5,-4.687463202020e-04
6,0.000000000000e+00
7,-1.645868000810e-04
8,0.000000000000e+00
9,0.000000000000e+00
10,0.000000000000e+00
11,-4.761248634069e-04
