Local DOF,R_e Value
0,0.000000000000e+00
1,-5.652773722886e-05
2,0.000000000000e+00
3,0.000000000000e+00
4,0.000000000000e+00
5,-3.128223883258e-04
6,0.000000000000e+00
7,-6.159638807481e-05
8,0.000000000000e+00
9,0.000000000000e+00
10,0.000000000000e+00
11,-3.246559010128e-04
