Local DOF,R_e Value
0,0.000000000000e+00
1,-2.363863045146e-04
2,0.000000000000e+00
3,0.000000000000e+00
4,0.000000000000e+00
5,-5.300021505822e-04
6,0.000000000000e+00
7,-2.447918319160e-04
8,0.000000000000e+00
9,0.000000000000e+00
10,0.000000000000e+00
11,-5.345963378607e-04
