Local DOF,R_e Value
0,0.000000000000e+00
1,-1.579497905553e-04
2,0.000000000000e+00
3,0.000000000000e+00
4,0.000000000000e+00
5,-6.207257478400e-04
6,0.000000000000e+00
7,-5.605694957845e-04
8,0.000000000000e+00
9,0.000000000000e+00
10,0.000000000000e+00
11,-9.800932860632e-04
