Local DOF,R_e Value
0,0.000000000000e+00
1,-1.789484917776e-04
2,0.000000000000e+00
3,0.000000000000e+00
4,0.000000000000e+00
5,-4.900466430319e-04
6,0.000000000000e+00
7,-2.436954917668e-04
8,0.000000000000e+00
9,0.000000000000e+00
10,0.000000000000e+00
11,-5.345963378529e-04
