Local DOF,R_e Value
0,0.000000000000e+00
1,-8.120039857329e-04
2,0.000000000000e+00
3,0.000000000000e+00
4,0.000000000000e+00
5,-5.702360937099e-04
6,-0.000000000000e+00
7,-8.832834974466e-04
8,-0.000000000000e+00
9,-0.000000000000e+00
10,-0.000000000000e+00
11,-5.702360937099e-04
