Local DOF,R_e Value
0,0.000000000000e+00
1,-3.371215611311e-05
2,0.000000000000e+00
3,0.000000000000e+00
4,0.000000000000e+00
5,-2.494782909980e-04
6,0.000000000000e+00
7,-7.172933920967e-05
8,0.000000000000e+00
9,0.000000000000e+00
10,0.000000000000e+00
11,-3.474876196044e-04
