Local DOF,R_e Value
0,0.000000000000e+00
1,-2.542473500780e-04
2,0.000000000000e+00
3,0.000000000000e+00
4,0.000000000000e+00
5,-7.313067334896e-04
6,0.000000000000e+00
7,-3.018303603602e-04
8,0.000000000000e+00
9,0.000000000000e+00
10,0.000000000000e+00
11,-7.812590939374e-04
