Local DOF,R_e Value
0,0.000000000000e+00
1,-9.889048112161e-05
2,0.000000000000e+00
3,0.000000000000e+00
4,0.000000000000e+00
5,-4.905295547619e-04
6,0.000000000000e+00
7,-1.319651053340e-04
8,0.000000000000e+00
9,0.000000000000e+00
10,0.000000000000e+00
11,-5.570169288929e-04
