Local DOF,R_e Value
0,0.000000000000e+00
1,-4.057284973594e-04
2,0.000000000000e+00
3,0.000000000000e+00
4,0.000000000000e+00
5,-8.694825716109e-04
6,0.000000000000e+00
7,-4.615641355891e-04
8,0.000000000000e+00
9,0.000000000000e+00
10,0.000000000000e+00
11,-9.079625155311e-04
