Local DOF,R_e Value
0,0.000000000000e+00
1,-8.370509152407e-04
2,0.000000000000e+00
3,0.000000000000e+00
4,0.000000000000e+00
5,-1.067945516278e-03
6,0.000000000000e+00
7,-9.045129841423e-04
8,0.000000000000e+00
9,0.000000000000e+00
10,0.000000000000e+00
11,-1.084173815754e-03
