Local DOF,R_e Value
0,0.000000000000e+00
1,-6.418888610022e-04
2,0.000000000000e+00
3,0.000000000000e+00
4,0.000000000000e+00
5,-1.002310851150e-03
6,0.000000000000e+00
7,-7.055581138445e-04
8,0.000000000000e+00
9,0.000000000000e+00
10,0.000000000000e+00
11,-1.027179355109e-03
