Local DOF,R_e Value
0,0.000000000000e+00
1,-4.586876715040e-05
2,0.000000000000e+00
3,0.000000000000e+00
4,0.000000000000e+00
5,-3.446162525547e-04
6,0.000000000000e+00
7,-7.010145440837e-05
8,0.000000000000e+00
9,0.000000000000e+00
10,0.000000000000e+00
11,-4.197452813550e-04
