Local DOF,R_e Value
0,0.000000000000e+00
1,-5.196825815237e-04
2,0.000000000000e+00
3,0.000000000000e+00
4,0.000000000000e+00
5,-9.428416491569e-04
6,0.000000000000e+00
7,-5.798620369637e-04
8,0.000000000000e+00
9,0.000000000000e+00
10,0.000000000000e+00
11,-9.742461386164e-04
