Local DOF,R_e Value
0,0.000000000000e+00
1,-1.319651053340e-04
2,0.000000000000e+00
3,0.000000000000e+00
4,0.000000000000e+00
5,-5.570169288929e-04
6,0.000000000000e+00
7,-1.690578480064e-04
8,0.000000000000e+00
9,0.000000000000e+00
10,0.000000000000e+00
11,-6.192639609778e-04
