element_id,total_strain_energy
0,4.705566767047e-02
1,1.647844469521e-29
2,1.892582167061e-30
3,1.513110948589e-31
