Local DOF,R_e Value
0,0.000000000000e+00
1,-2.480346818866e-04
2,0.000000000000e+00
3,0.000000000000e+00
4,-0.000000000000e+00
5,-4.839451020510e-06
6,0.000000000000e+00
7,-2.528811658189e-04
8,0.000000000000e+00
9,0.000000000000e+00
10,-0.000000000000e+00
11,-4.855845308171e-06
