Local DOF,R_e Value
0,0.000000000000e+00
1,-1.838536122167e-07
2,-0.000000000000e+00
3,0.000000000000e+00
4,0.000000000000e+00
5,-1.974442385180e-07
6,0.000000000000e+00
7,-4.229726033849e-07
8,-0.000000000000e+00
9,0.000000000000e+00
10,-0.000000000000e+00
11,-2.946694881448e-07
