Local DOF,R_e Value
0,0.000000000000e+00
1,-2.337445163076e-06
2,0.000000000000e+00
3,0.000000000000e+00
4,-0.000000000000e+00
5,-6.735913557777e-07
6,0.000000000000e+00
7,-3.050572886317e-06
8,0.000000000000e+00
9,0.000000000000e+00
10,-0.000000000000e+00
11,-7.658270399674e-07
