Local DOF,R_e Value
0,0.000000000000e+00
1,-3.020595130512e-04
2,0.000000000000e+00
3,0.000000000000e+00
4,-0.000000000000e+00
5,-4.964902960468e-06
6,0.000000000000e+00
7,-3.070267444757e-04
8,0.000000000000e+00
9,0.000000000000e+00
10,-0.000000000000e+00
11,-4.970320203308e-06
