Local DOF,R_e Value
0,0.000000000000e+00
1,-3.855508616709e-06
2,0.000000000000e+00
3,0.000000000000e+00
4,-0.000000000000e+00
5,-8.570648110697e-07
6,0.000000000000e+00
7,-4.751254441167e-06
8,0.000000000000e+00
9,0.000000000000e+00
10,-0.000000000000e+00
11,-9.473046690844e-07
