Local DOF,R_e Value
0,0.000000000000e+00
1,-7.588891671423e-07
2,0.000000000000e+00
3,0.000000000000e+00
4,-0.000000000000e+00
5,-3.908968246840e-07
6,0.000000000000e+00
7,-1.190605390402e-06
8,0.000000000000e+00
9,0.000000000000e+00
10,-0.000000000000e+00
11,-4.861262481359e-07
