Local DOF,R_e Value
0,0.000000000000e+00
1,-3.769711856660e-05
2,0.000000000000e+00
3,0.000000000000e+00
4,-0.000000000000e+00
5,-2.472258483834e-06
6,0.000000000000e+00
7,-4.019950452303e-05
8,0.000000000000e+00
9,0.000000000000e+00
10,-0.000000000000e+00
11,-2.542540079999e-06
