Local DOF,R_e Value
0,0.000000000000e+00
1,-9.261341832336e-05
2,0.000000000000e+00
3,0.000000000000e+00
4,-0.000000000000e+00
5,-3.584646511129e-06
6,0.000000000000e+00
7,-9.622049412032e-05
8,0.000000000000e+00
9,0.000000000000e+00
10,-0.000000000000e+00
11,-3.636965671508e-06
