Local DOF,R_e Value
0,0.000000000000e+00
1,-1.228671030982e-04
2,0.000000000000e+00
3,0.000000000000e+00
4,-0.000000000000e+00
5,-3.975258227117e-06
6,0.000000000000e+00
7,-1.268613691948e-04
8,0.000000000000e+00
9,0.000000000000e+00
10,-0.000000000000e+00
11,-4.019594082639e-06
