Local DOF,R_e Value
0,0.000000000000e+00
1,-3.169751781088e-04
2,-0.000000000000e+00
3,0.000000000000e+00
4,0.000000000000e+00
5,-4.978160949527e-06
6,0.000000000000e+00
7,-3.219543844912e-04
8,0.000000000000e+00
9,0.000000000000e+00
10,0.000000000000e+00
11,-4.980584452914e-06
