Local DOF,R_e Value
0,0.000000000000e+00
1,-1.444532967452e-04
2,0.000000000000e+00
3,0.000000000000e+00
4,-0.000000000000e+00
5,-8.396726905641e-07
6,0.000000000000e+00
7,-1.452936484016e-04
8,0.000000000000e+00
9,0.000000000000e+00
10,-0.000000000000e+00
11,-8.412568176128e-07
