Local DOF,R_e Value
0,0.000000000000e+00
1,-8.791618686687e-05
2,0.000000000000e+00
3,0.000000000000e+00
4,-0.000000000000e+00
5,-7.024684209854e-07
6,0.000000000000e+00
7,-8.861958401804e-05
8,0.000000000000e+00
9,0.000000000000e+00
10,-0.000000000000e+00
11,-7.046353313661e-07
