Local DOF,R_e Value
0,0.000000000000e+00
1,-1.279905061656e-04
2,-0.000000000000e+00
3,0.000000000000e+00
4,-0.000000000000e+00
5,-8.063136448151e-07
6,0.000000000000e+00
7,-1.287975672050e-04
8,0.000000000000e+00
9,0.000000000000e+00
10,-0.000000000000e+00
11,-8.080574388942e-07
