Local DOF,R_e Value
0,0.000000000000e+00
1,-3.410077254255e-06
2,0.000000000000e+00
3,0.000000000000e+00
4,-0.000000000000e+00
5,-1.605849599384e-07
6,0.000000000000e+00
7,-3.572227329844e-06
8,0.000000000000e+00
9,0.000000000000e+00
10,-0.000000000000e+00
11,-1.642367697368e-07
