Local DOF,R_e Value
0,0.000000000000e+00
1,-1.788770176343e-05
2,0.000000000000e+00
3,0.000000000000e+00
4,-0.000000000000e+00
5,-3.527919858413e-07
6,0.000000000000e+00
7,-1.824186726508e-05
8,0.000000000000e+00
9,0.000000000000e+00
10,-0.000000000000e+00
11,-3.559967293562e-07
