Local DOF,R_e Value
0,0.000000000000e+00
1,-8.932514465816e-05
2,0.000000000000e+00
3,0.000000000000e+00
4,-0.000000000000e+00
5,-7.067942584084e-07
6,0.000000000000e+00
7,-9.003286080389e-05
8,0.000000000000e+00
9,0.000000000000e+00
10,-0.000000000000e+00
11,-7.089452021122e-07
