Local DOF,R_e Value
0,0.000000000000e+00
1,-9.942568929147e-05
2,0.000000000000e+00
3,0.000000000000e+00
4,-0.000000000000e+00
5,-7.361809868467e-07
6,0.000000000000e+00
7,-1.001627442656e-04
8,0.000000000000e+00
9,0.000000000000e+00
10,-0.000000000000e+00
11,-7.382201638948e-07
