Local DOF,R_e Value
0,0.000000000000e+00
1,-5.053245065772e-05
2,0.000000000000e+00
3,0.000000000000e+00
4,-0.000000000000e+00
5,-5.604902042274e-07
6,0.000000000000e+00
7,-5.109407145646e-05
8,0.000000000000e+00
9,0.000000000000e+00
10,-0.000000000000e+00
11,-5.631281313600e-07
