Local DOF,R_e Value
0,0.000000000000e+00
1,-1.869503287343e-06
2,0.000000000000e+00
3,0.000000000000e+00
4,-0.000000000000e+00
5,-1.198881524516e-07
6,0.000000000000e+00
7,-1.990994191139e-06
8,0.000000000000e+00
9,0.000000000000e+00
10,-0.000000000000e+00
11,-1.236277788692e-07
