Local DOF,R_e Value
0,-0.000000000000e+00
1,-3.269355866999e-04
2,-0.000000000000e+00
3,-0.000000000000e+00
4,-0.000000000000e+00
5,-4.982010043149e-06
6,0.000000000000e+00
7,-3.319177868217e-04
8,0.000000000000e+00
9,0.000000000000e+00
10,-0.000000000000e+00
11,-4.982437720219e-06
