Local DOF,U_e Value
0,0.000000000000e+00
1,3.333335775481e+02
2,0.000000000000e+00
3,0.000000000000e+00
4,0.000000000000e+00
5,5.000081373445e+02
6,0.000000000000e+00
7,1.017248974112e-03
8,0.000000000000e+00
9,0.000000000000e+00
10,0.000000000000e+00
11,0.000000000000e+00
