sigma1,sigma2,sigma3
8.671184222263e+02,-3.007812500047e+02,-8.671184222263e+02
5.000000000041e+02,-3.007812500047e+02,-5.000000000041e+02
1.328815777820e+02,-1.328815777820e+02,-3.007812500047e+02
