sigma1,sigma2,sigma3
0.000000000000e+00,0.000000000000e+00,-2.737903029293e-11
0.000000000000e+00,0.000000000000e+00,-2.737903029293e-11
0.000000000000e+00,0.000000000000e+00,-2.737903029293e-11
