Local DOF,R_e Value
0,0.000000000000e+00
1,-3.306187538119e-05
2,0.000000000000e+00
3,0.000000000000e+00
4,-0.000000000000e+00
5,-4.660505996894e-07
6,0.000000000000e+00
7,-3.352917290393e-05
8,0.000000000000e+00
9,0.000000000000e+00
10,-0.000000000000e+00
11,-4.689599600707e-07
