Local DOF,R_e Value
0,0.000000000000e+00
1,-6.337486070481e-07
2,0.000000000000e+00
3,0.000000000000e+00
4,-0.000000000000e+00
5,-7.054652603925e-08
6,0.000000000000e+00
7,-7.059423629822e-07
8,0.000000000000e+00
9,0.000000000000e+00
10,-0.000000000000e+00
11,-7.438993574104e-08
