Local DOF,R_e Value
0,0.000000000000e+00
1,-3.096754201507e-06
2,0.000000000000e+00
3,0.000000000000e+00
4,-0.000000000000e+00
5,-1.532573903559e-07
6,0.000000000000e+00
7,-3.251583550366e-06
8,0.000000000000e+00
9,0.000000000000e+00
10,-0.000000000000e+00
11,-1.569251668116e-07
