Local DOF,R_e Value
0,0.000000000000e+00
1,-5.922975332290e-05
2,0.000000000000e+00
3,0.000000000000e+00
4,-0.000000000000e+00
5,-5.992208615722e-07
6,0.000000000000e+00
7,-5.983005345757e-05
8,0.000000000000e+00
9,0.000000000000e+00
10,-0.000000000000e+00
11,-6.017390387323e-07
