Local DOF,R_e Value
0,0.000000000000e+00
1,-1.882507700012e-04
2,0.000000000000e+00
3,0.000000000000e+00
4,-0.000000000000e+00
5,-9.090994193654e-07
6,0.000000000000e+00
7,-1.891603773142e-04
8,0.000000000000e+00
9,0.000000000000e+00
10,-0.000000000000e+00
11,-9.102843778467e-07
