Local DOF,R_e Value
0,0.000000000000e+00
1,-2.640970957693e-04
2,0.000000000000e+00
3,0.000000000000e+00
4,-0.000000000000e+00
5,-9.786685444644e-07
6,0.000000000000e+00
7,-2.650759984909e-04
8,0.000000000000e+00
9,0.000000000000e+00
10,-0.000000000000e+00
11,-9.792148309168e-07
