Local DOF,R_e Value
0,0.000000000000e+00
1,-7.107067257408e-06
2,0.000000000000e+00
3,0.000000000000e+00
4,-0.000000000000e+00
5,-2.286041970807e-07
6,0.000000000000e+00
7,-7.337171563047e-06
8,0.000000000000e+00
9,0.000000000000e+00
10,-0.000000000000e+00
11,-2.321043236638e-07
