Local DOF,R_e Value
0,0.000000000000e+00
1,-1.215976292652e-04
2,0.000000000000e+00
3,0.000000000000e+00
4,-0.000000000000e+00
5,-7.920758923146e-07
6,0.000000000000e+00
7,-1.223904799236e-04
8,0.000000000000e+00
9,0.000000000000e+00
10,-0.000000000000e+00
11,-7.938835530121e-07
