Local DOF,R_e Value
0,0.000000000000e+00
1,-1.946425540513e-04
2,0.000000000000e+00
3,0.000000000000e+00
4,-0.000000000000e+00
5,-9.172264775659e-07
6,0.000000000000e+00
7,-1.955602644724e-04
8,0.000000000000e+00
9,0.000000000000e+00
10,-0.000000000000e+00
11,-9.183555523205e-07
