Local DOF,R_e Value
0,0.000000000000e+00
1,-2.515653652799e-05
2,0.000000000000e+00
3,0.000000000000e+00
4,-0.000000000000e+00
5,-4.123169636425e-07
6,0.000000000000e+00
7,-2.557016200035e-05
8,0.000000000000e+00
9,0.000000000000e+00
10,-0.000000000000e+00
11,-4.153700239344e-07
