Local DOF,R_e Value
0,0.000000000000e+00
1,-3.494846917253e-05
2,0.000000000000e+00
3,0.000000000000e+00
4,-0.000000000000e+00
5,-4.776401412371e-07
6,0.000000000000e+00
7,-3.542734255110e-05
8,0.000000000000e+00
9,0.000000000000e+00
10,-0.000000000000e+00
11,-4.805175682987e-07
