Local DOF,R_e Value
0,0.000000000000e+00
1,-1.192299825590e-04
2,0.000000000000e+00
3,0.000000000000e+00
4,-0.000000000000e+00
5,-7.866050103028e-07
6,0.000000000000e+00
7,-1.200173725996e-04
8,0.000000000000e+00
9,0.000000000000e+00
10,-0.000000000000e+00
11,-7.884366209615e-07
