Local DOF,R_e Value
0,0.000000000000e+00
1,-1.615515629105e-04
2,0.000000000000e+00
3,0.000000000000e+00
4,-0.000000000000e+00
5,-8.698383929495e-07
6,0.000000000000e+00
7,-1.624220118405e-04
8,0.000000000000e+00
9,0.000000000000e+00
10,-0.000000000000e+00
11,-8.712628527133e-07
