Local DOF,R_e Value
0,0.000000000000e+00
1,-3.135507678973e-04
2,0.000000000000e+00
3,0.000000000000e+00
4,-0.000000000000e+00
5,-9.962032814546e-07
6,0.000000000000e+00
7,-3.145470342848e-04
8,0.000000000000e+00
9,0.000000000000e+00
10,-0.000000000000e+00
11,-9.963504020923e-07
