N,Vy,Vz,T,My,Mz
0.000000000000e+00,-1.637630217633e+03,0.000000000000e+00,0.000000000000e+00,0.000000000000e+00,-4.738496144658e+02
0.000000000000e+00,-4.809163411496e+02,0.000000000000e+00,0.000000000000e+00,0.000000000000e+00,-4.738496144658e+02
0.000000000000e+00,6.757975353340e+02,0.000000000000e+00,0.000000000000e+00,0.000000000000e+00,-4.738496144658e+02
