N,Vy,Vz,T,My,Mz
0.000000000000e+00,-2.634067399520e+02,0.000000000000e+00,0.000000000000e+00,0.000000000000e+00,-3.571256001837e+01
0.000000000000e+00,-1.762288411479e+02,0.000000000000e+00,0.000000000000e+00,0.000000000000e+00,-3.571256001837e+01
0.000000000000e+00,-8.905094234441e+01,0.000000000000e+00,0.000000000000e+00,0.000000000000e+00,-3.571256001837e+01
