N,Vy,Vz,T,My,Mz
0.000000000000e+00,-8.294077227280e+02,0.000000000000e+00,0.000000000000e+00,0.000000000000e+00,-1.910661061625e+02
0.000000000000e+00,-3.629964192746e+02,0.000000000000e+00,0.000000000000e+00,0.000000000000e+00,-1.910661061625e+02
0.000000000000e+00,1.034148841789e+02,0.000000000000e+00,0.000000000000e+00,0.000000000000e+00,-1.910661061625e+02
