N,Vy,Vz,T,My,Mz
0.000000000000e+00,-8.068243619509e+00,0.000000000000e+00,0.000000000000e+00,0.000000000000e+00,-1.214345296237e-01
0.000000000000e+00,-7.771809896106e+00,0.000000000000e+00,0.000000000000e+00,0.000000000000e+00,-1.214345296237e-01
0.000000000000e+00,-7.475376172702e+00,0.000000000000e+00,0.000000000000e+00,0.000000000000e+00,-1.214345296237e-01
