N,Vy,Vz,T,My,Mz
0.000000000000e+00,-1.320963857561e+03,0.000000000000e+00,0.000000000000e+00,0.000000000000e+00,-3.573284149206e+02
0.000000000000e+00,-4.486897786493e+02,0.000000000000e+00,0.000000000000e+00,0.000000000000e+00,-3.573284149206e+02
0.000000000000e+00,4.235843002618e+02,0.000000000000e+00,0.000000000000e+00,0.000000000000e+00,-3.573284149206e+02
