N,Vy,Vz,T,My,Mz
0.000000000000e+00,-1.208560709771e+02,0.000000000000e+00,0.000000000000e+00,0.000000000000e+00,-1.002057393412e+01
0.000000000000e+00,-9.639485677332e+01,0.000000000000e+00,0.000000000000e+00,0.000000000000e+00,-1.002057393412e+01
0.000000000000e+00,-7.193364256898e+01,0.000000000000e+00,0.000000000000e+00,0.000000000000e+00,-1.002057393412e+01
