N,Vy,Vz,T,My,Mz
0.000000000000e+00,-1.242801321323e+03,0.000000000000e+00,0.000000000000e+00,0.000000000000e+00,-3.296095530226e+02
0.000000000000e+00,-4.381917317748e+02,0.000000000000e+00,0.000000000000e+00,0.000000000000e+00,-3.296095530226e+02
0.000000000000e+00,3.664178577734e+02,0.000000000000e+00,0.000000000000e+00,0.000000000000e+00,-3.296095530226e+02
