N,Vy,Vz,T,My,Mz
0.000000000000e+00,-1.203973093866e+03,0.000000000000e+00,0.000000000000e+00,0.000000000000e+00,-3.160037994417e+02
0.000000000000e+00,-4.325764973997e+02,0.000000000000e+00,0.000000000000e+00,0.000000000000e+00,-3.160037994417e+02
0.000000000000e+00,3.388200990667e+02,0.000000000000e+00,0.000000000000e+00,0.000000000000e+00,-3.160037994417e+02
