N,Vy,Vz,T,My,Mz
0.000000000000e+00,-5.886999651103e+02,0.000000000000e+00,0.000000000000e+00,0.000000000000e+00,-1.183630625421e+02
0.000000000000e+00,-2.997639973987e+02,0.000000000000e+00,0.000000000000e+00,0.000000000000e+00,-1.183630625421e+02
0.000000000000e+00,-1.082802968697e+01,0.000000000000e+00,0.000000000000e+00,0.000000000000e+00,-1.183630625421e+02
