N,Vy,Vz,T,My,Mz
0.000000000000e+00,-1.013107327539e+03,0.000000000000e+00,0.000000000000e+00,0.000000000000e+00,-2.508169810004e+02
0.000000000000e+00,-4.008382161501e+02,0.000000000000e+00,0.000000000000e+00,0.000000000000e+00,-2.508169810004e+02
0.000000000000e+00,2.114308952387e+02,0.000000000000e+00,0.000000000000e+00,0.000000000000e+00,-2.508169810004e+02
