N,Vy,Vz,T,My,Mz
0.000000000000e+00,-1.717055897100e+03,0.000000000000e+00,0.000000000000e+00,0.000000000000e+00,-5.040861765591e+02
0.000000000000e+00,-4.865315755246e+02,0.000000000000e+00,0.000000000000e+00,0.000000000000e+00,-5.040861765591e+02
0.000000000000e+00,7.439927460512e+02,0.000000000000e+00,0.000000000000e+00,0.000000000000e+00,-5.040861765591e+02
