N,Vy,Vz,T,My,Mz
0.000000000000e+00,-7.937326063389e+02,0.000000000000e+00,0.000000000000e+00,0.000000000000e+00,-1.798521677673e+02
0.000000000000e+00,-3.546956380245e+02,0.000000000000e+00,0.000000000000e+00,0.000000000000e+00,-1.798521677673e+02
0.000000000000e+00,8.434133029026e+01,0.000000000000e+00,0.000000000000e+00,0.000000000000e+00,-1.798521677673e+02
