N,Vy,Vz,T,My,Mz
0.000000000000e+00,-6.217053732137e+02,0.000000000000e+00,0.000000000000e+00,0.000000000000e+00,-1.278832753514e+02
0.000000000000e+00,-3.095296223990e+02,0.000000000000e+00,0.000000000000e+00,0.000000000000e+00,-1.278832753514e+02
0.000000000000e+00,2.646128416027e+00,0.000000000000e+00,0.000000000000e+00,0.000000000000e+00,-1.278832753514e+02
