N,Vy,Vz,T,My,Mz
0.000000000000e+00,-1.992537503674e+03,0.000000000000e+00,0.000000000000e+00,0.000000000000e+00,-6.120370229141e+02
0.000000000000e+00,-4.984944661496e+02,0.000000000000e+00,0.000000000000e+00,0.000000000000e+00,-6.120370229141e+02
0.000000000000e+00,9.955485713752e+02,0.000000000000e+00,0.000000000000e+00,0.000000000000e+00,-6.120370229141e+02
