N,Vy,Vz,T,My,Mz
0.000000000000e+00,-9.386371774744e+02,0.000000000000e+00,0.000000000000e+00,0.000000000000e+00,-2.262109120711e+02
0.000000000000e+00,-3.864339192743e+02,0.000000000000e+00,0.000000000000e+00,0.000000000000e+00,-2.262109120711e+02
0.000000000000e+00,1.657693389251e+02,0.000000000000e+00,0.000000000000e+00,0.000000000000e+00,-2.262109120711e+02
