N,Vy,Vz,T,My,Mz
0.000000000000e+00,-2.069915289534e+03,0.000000000000e+00,0.000000000000e+00,0.000000000000e+00,-6.432348887183e+02
0.000000000000e+00,-4.997151692746e+02,0.000000000000e+00,0.000000000000e+00,0.000000000000e+00,-6.432348887183e+02
0.000000000000e+00,1.070484950985e+03,0.000000000000e+00,0.000000000000e+00,0.000000000000e+00,-6.432348887183e+02
