N,Vy,Vz,T,My,Mz
0.000000000000e+00,-1.126915840819e+03,0.000000000000e+00,0.000000000000e+00,0.000000000000e+00,-2.893377939890e+02
0.000000000000e+00,-4.206136067744e+02,0.000000000000e+00,0.000000000000e+00,0.000000000000e+00,-2.893377939890e+02
0.000000000000e+00,2.856886272698e+02,0.000000000000e+00,0.000000000000e+00,0.000000000000e+00,-2.893377939890e+02
