N,Vy,Vz,T,My,Mz
0.000000000000e+00,-1.914443892831e+03,0.000000000000e+00,0.000000000000e+00,0.000000000000e+00,-5.809459686332e+02
0.000000000000e+00,-4.962972005246e+02,0.000000000000e+00,0.000000000000e+00,0.000000000000e+00,-5.809459686332e+02
0.000000000000e+00,9.218494917817e+02,0.000000000000e+00,0.000000000000e+00,0.000000000000e+00,-5.809459686332e+02
