N,Vy,Vz,T,My,Mz
0.000000000000e+00,-4.020322112391e+02,0.000000000000e+00,0.000000000000e+00,0.000000000000e+00,-6.799761454349e+01
0.000000000000e+00,-2.360432942730e+02,0.000000000000e+00,0.000000000000e+00,0.000000000000e+00,-6.799761454349e+01
0.000000000000e+00,-7.005437730618e+01,0.000000000000e+00,0.000000000000e+00,0.000000000000e+00,-6.799761454349e+01
