N,Vy,Vz,T,My,Mz
0.000000000000e+00,-1.478791780305e+03,0.000000000000e+00,0.000000000000e+00,0.000000000000e+00,-4.145819346151e+02
0.000000000000e+00,-4.667561848996e+02,0.000000000000e+00,0.000000000000e+00,0.000000000000e+00,-4.145819346151e+02
0.000000000000e+00,5.452794105061e+02,0.000000000000e+00,0.000000000000e+00,0.000000000000e+00,-4.145819346151e+02
