N,Vy,Vz,T,My,Mz
0.000000000000e+00,-1.756705167656e+03,0.000000000000e+00,0.000000000000e+00,0.000000000000e+00,-5.193284352669e+02
0.000000000000e+00,-4.889729817746e+02,0.000000000000e+00,0.000000000000e+00,0.000000000000e+00,-5.193284352669e+02
0.000000000000e+00,7.787592041067e+02,0.000000000000e+00,0.000000000000e+00,0.000000000000e+00,-5.193284352669e+02
