N,Vy,Vz,T,My,Mz
0.000000000000e+00,-1.281804450590e+03,0.000000000000e+00,0.000000000000e+00,0.000000000000e+00,-3.433869679804e+02
0.000000000000e+00,-4.435628255246e+02,0.000000000000e+00,0.000000000000e+00,0.000000000000e+00,-3.433869679804e+02
0.000000000000e+00,3.946787995411e+02,0.000000000000e+00,0.000000000000e+00,0.000000000000e+00,-3.433869679804e+02
