N,Vy,Vz,T,My,Mz
0.000000000000e+00,-4.619659313804e+02,0.000000000000e+00,0.000000000000e+00,0.000000000000e+00,-8.344841003516e+01
0.000000000000e+00,-2.582600911488e+02,0.000000000000e+00,0.000000000000e+00,0.000000000000e+00,-8.344841003516e+01
0.000000000000e+00,-5.455425091774e+01,0.000000000000e+00,0.000000000000e+00,0.000000000000e+00,-8.344841003516e+01
