N,Vy,Vz,T,My,Mz
0.000000000000e+00,-2.108289187824e+03,0.000000000000e+00,0.000000000000e+00,0.000000000000e+00,-6.588548024554e+02
0.000000000000e+00,-4.999593098996e+02,0.000000000000e+00,0.000000000000e+00,0.000000000000e+00,-6.588548024554e+02
0.000000000000e+00,1.108370568024e+03,0.000000000000e+00,0.000000000000e+00,0.000000000000e+00,-6.588548024554e+02
