N,Vy,Vz,T,My,Mz
0.000000000000e+00,-6.552022929684e+02,0.000000000000e+00,0.000000000000e+00,0.000000000000e+00,-1.377048492447e+02
0.000000000000e+00,-3.190511067743e+02,0.000000000000e+00,0.000000000000e+00,0.000000000000e+00,-1.377048492447e+02
0.000000000000e+00,1.710007942015e+01,0.000000000000e+00,0.000000000000e+00,0.000000000000e+00,-1.377048492447e+02
