N,Vy,Vz,T,My,Mz
0.000000000000e+00,-3.729888597307e+02,0.000000000000e+00,0.000000000000e+00,0.000000000000e+00,-6.080055236893e+01
0.000000000000e+00,-2.245686848989e+02,0.000000000000e+00,0.000000000000e+00,0.000000000000e+00,-6.080055236893e+01
0.000000000000e+00,-7.614851006650e+01,0.000000000000e+00,0.000000000000e+00,0.000000000000e+00,-6.080055236893e+01
