N,Vy,Vz,T,My,Mz
0.000000000000e+00,-6.891721002660e+02,0.000000000000e+00,0.000000000000e+00,0.000000000000e+00,-1.478201548275e+02
0.000000000000e+00,-3.283284505236e+02,0.000000000000e+00,0.000000000000e+00,0.000000000000e+00,-1.478201548275e+02
0.000000000000e+00,3.251519921902e+01,0.000000000000e+00,0.000000000000e+00,0.000000000000e+00,-1.478201548275e+02
