N,Vy,Vz,T,My,Mz
0.000000000000e+00,-7.235961709997e+02,0.000000000000e+00,0.000000000000e+00,0.000000000000e+00,-1.582215627052e+02
0.000000000000e+00,-3.373616536492e+02,0.000000000000e+00,0.000000000000e+00,0.000000000000e+00,-1.582215627052e+02
0.000000000000e+00,4.887286370197e+01,0.000000000000e+00,0.000000000000e+00,0.000000000000e+00,-1.582215627052e+02
