N,Vy,Vz,T,My,Mz
0.000000000000e+00,-1.953570864322e+03,0.000000000000e+00,0.000000000000e+00,0.000000000000e+00,-5.964743296360e+02
0.000000000000e+00,-4.975179036496e+02,0.000000000000e+00,0.000000000000e+00,0.000000000000e+00,-5.964743296360e+02
0.000000000000e+00,9.585350570224e+02,0.000000000000e+00,0.000000000000e+00,0.000000000000e+00,-5.964743296360e+02
