N,Vy,Vz,T,My,Mz
0.000000000000e+00,-9.757196172223e+02,0.000000000000e+00,0.000000000000e+00,0.000000000000e+00,-2.384014129664e+02
0.000000000000e+00,-3.937581380249e+02,0.000000000000e+00,0.000000000000e+00,0.000000000000e+00,-2.384014129664e+02
0.000000000000e+00,1.882033411719e+02,0.000000000000e+00,0.000000000000e+00,0.000000000000e+00,-2.384014129664e+02
