N,Vy,Vz,T,My,Mz
0.000000000000e+00,-1.165338392329e+03,0.000000000000e+00,0.000000000000e+00,0.000000000000e+00,-3.025773366324e+02
0.000000000000e+00,-4.267171223995e+02,0.000000000000e+00,0.000000000000e+00,0.000000000000e+00,-3.025773366324e+02
0.000000000000e+00,3.119041475295e+02,0.000000000000e+00,0.000000000000e+00,0.000000000000e+00,-3.025773366324e+02
