N,Vy,Vz,T,My,Mz
0.000000000000e+00,-4.210888222728e+01,0.000000000000e+00,0.000000000000e+00,0.000000000000e+00,-1.564661661837e+00
0.000000000000e+00,-3.828938802261e+01,0.000000000000e+00,0.000000000000e+00,0.000000000000e+00,-1.564661661837e+00
0.000000000000e+00,-3.446989381794e+01,0.000000000000e+00,0.000000000000e+00,0.000000000000e+00,-1.564661661837e+00
