N,Vy,Vz,T,My,Mz
0.000000000000e+00,-9.988259511762e+01,0.000000000000e+00,0.000000000000e+00,0.000000000000e+00,-7.229487101376e+00
0.000000000000e+00,-8.223470052290e+01,0.000000000000e+00,0.000000000000e+00,0.000000000000e+00,-7.229487101376e+00
0.000000000000e+00,-6.458680592756e+01,0.000000000000e+00,0.000000000000e+00,0.000000000000e+00,-7.229487101376e+00
