N,Vy,Vz,T,My,Mz
0.000000000000e+00,-1.835783449869e+03,0.000000000000e+00,0.000000000000e+00,0.000000000000e+00,-5.500227610321e+02
0.000000000000e+00,-4.931233723996e+02,0.000000000000e+00,0.000000000000e+00,0.000000000000e+00,-5.500227610321e+02
0.000000000000e+00,8.495367050702e+02,0.000000000000e+00,0.000000000000e+00,0.000000000000e+00,-5.500227610321e+02
