N,Vy,Vz,T,My,Mz
0.000000000000e+00,-1.652646353875e+02,0.000000000000e+00,0.000000000000e+00,0.000000000000e+00,-1.691118876168e+01
0.000000000000e+00,-1.239827473975e+02,0.000000000000e+00,0.000000000000e+00,0.000000000000e+00,-1.691118876168e+01
0.000000000000e+00,-8.270085940753e+01,0.000000000000e+00,0.000000000000e+00,0.000000000000e+00,-1.691118876168e+01
