N,Vy,Vz,T,My,Mz
0.000000000000e+00,-1.426562924367e+02,0.000000000000e+00,0.000000000000e+00,0.000000000000e+00,-1.325035095240e+01
0.000000000000e+00,-1.103108723984e+02,0.000000000000e+00,0.000000000000e+00,0.000000000000e+00,-1.325035095240e+01
0.000000000000e+00,-7.796545236007e+01,0.000000000000e+00,0.000000000000e+00,0.000000000000e+00,-1.325035095240e+01
