Local DOF,R_e Value
0,0.000000000000e+00
1,-2.196556569645e-06
2,0.000000000000e+00
3,0.000000000000e+00
4,0.000000000000e+00
5,-6.979481681831e-05
6,0.000000000000e+00
7,-3.420034873436e-06
8,0.000000000000e+00
9,0.000000000000e+00
10,0.000000000000e+00
11,-8.677947013314e-05
