Local DOF,R_e Value
0,0.000000000000e+00
1,-4.806068631595e-04
2,0.000000000000e+00
3,0.000000000000e+00
4,0.000000000000e+00
5,-7.832811291411e-04
6,0.000000000000e+00
7,-4.928907577232e-04
8,0.000000000000e+00
9,0.000000000000e+00
10,0.000000000000e+00
11,-7.890309748150e-04
