Local DOF,R_e Value
0,0.000000000000e+00
1,-1.921217235572e-05
2,0.000000000000e+00
3,0.000000000000e+00
4,0.000000000000e+00
5,-2.004756082029e-04
6,0.000000000000e+00
7,-2.246594050742e-05
8,0.000000000000e+00
9,0.000000000000e+00
10,0.000000000000e+00
11,-2.159758067664e-04
