Local DOF,R_e Value
0,0.000000000000e+00
1,-9.343604960737e-04
2,0.000000000000e+00
3,0.000000000000e+00
4,0.000000000000e+00
5,-8.995609013161e-04
6,0.000000000000e+00
7,-9.484266315828e-04
8,0.000000000000e+00
9,0.000000000000e+00
10,0.000000000000e+00
11,-9.008889326766e-04
