Local DOF,R_e Value
0,0.000000000000e+00
1,-4.206037585232e-04
2,0.000000000000e+00
3,0.000000000000e+00
4,0.000000000000e+00
5,-7.521239783734e-04
6,0.000000000000e+00
7,-4.324071297709e-04
8,0.000000000000e+00
9,0.000000000000e+00
10,0.000000000000e+00
11,-7.586802057597e-04
