Local DOF,R_e Value
0,0.000000000000e+00
1,-4.228798358214e-05
2,0.000000000000e+00
3,0.000000000000e+00
4,0.000000000000e+00
5,-2.906964607467e-04
6,0.000000000000e+00
7,-4.694276700884e-05
8,0.000000000000e+00
9,0.000000000000e+00
10,0.000000000000e+00
11,-3.050849740285e-04
