Local DOF,R_e Value
0,0.000000000000e+00
1,-5.530062912455e-07
2,0.000000000000e+00
3,0.000000000000e+00
4,0.000000000000e+00
5,-3.526865359968e-05
6,0.000000000000e+00
7,-1.239913606952e-06
8,0.000000000000e+00
9,0.000000000000e+00
10,0.000000000000e+00
11,-5.262454575870e-05
