Local DOF,R_e Value
0,0.000000000000e+00
1,-9.625127976904e-04
2,0.000000000000e+00
3,0.000000000000e+00
4,0.000000000000e+00
5,-9.021252783851e-04
6,0.000000000000e+00
7,-9.766175835336e-04
8,0.000000000000e+00
9,0.000000000000e+00
10,0.000000000000e+00
11,-9.032727283402e-04
