Local DOF,R_e Value
0,0.000000000000e+00
1,-2.878017390468e-04
2,0.000000000000e+00
3,0.000000000000e+00
4,0.000000000000e+00
5,-6.603516035541e-04
6,0.000000000000e+00
7,-2.981870686244e-04
8,0.000000000000e+00
9,0.000000000000e+00
10,0.000000000000e+00
11,-6.689415450842e-04
