Local DOF,R_e Value
0,0.000000000000e+00
1,-6.223580839851e-05
2,0.000000000000e+00
3,0.000000000000e+00
4,0.000000000000e+00
5,-3.471408381307e-04
6,0.000000000000e+00
7,-6.776675799039e-05
8,0.000000000000e+00
9,0.000000000000e+00
10,0.000000000000e+00
11,-3.607899404271e-04
