Local DOF,R_e Value
0,0.000000000000e+00
1,-5.812229105262e-04
2,0.000000000000e+00
3,0.000000000000e+00
4,0.000000000000e+00
5,-8.249342271145e-04
6,0.000000000000e+00
7,-5.941480477888e-04
8,0.000000000000e+00
9,0.000000000000e+00
10,0.000000000000e+00
11,-8.294587541972e-04
