Local DOF,R_e Value
0,0.000000000000e+00
1,-1.275125971845e-03
2,0.000000000000e+00
3,0.000000000000e+00
4,0.000000000000e+00
5,-9.123789900378e-04
6,0.000000000000e+00
7,-1.289382016394e-03
8,0.000000000000e+00
9,0.000000000000e+00
10,0.000000000000e+00
11,-9.123929349547e-04
