Local DOF,R_e Value
0,0.000000000000e+00
1,-2.574701746126e-04
2,0.000000000000e+00
3,0.000000000000e+00
4,0.000000000000e+00
5,-6.335318677998e-04
6,0.000000000000e+00
7,-2.674405545080e-04
8,0.000000000000e+00
9,0.000000000000e+00
10,0.000000000000e+00
11,-6.426474026341e-04
