Local DOF,R_e Value
0,0.000000000000e+00
1,-3.193535919323e-04
2,0.000000000000e+00
3,0.000000000000e+00
4,0.000000000000e+00
5,-6.856004972517e-04
6,0.000000000000e+00
7,-3.301293741173e-04
8,0.000000000000e+00
9,0.000000000000e+00
10,0.000000000000e+00
11,-6.936709442489e-04
