Local DOF,R_e Value
0,0.000000000000e+00
1,-1.161116184856e-03
2,0.000000000000e+00
3,0.000000000000e+00
4,0.000000000000e+00
5,-9.114713428658e-04
6,0.000000000000e+00
7,-1.175359756256e-03
8,0.000000000000e+00
9,0.000000000000e+00
10,0.000000000000e+00
11,-9.116987905123e-04
