Local DOF,R_e Value
0,0.000000000000e+00
1,-1.203856005512e-03
2,0.000000000000e+00
3,0.000000000000e+00
4,0.000000000000e+00
5,-9.120368572362e-04
6,0.000000000000e+00
7,-1.218107544418e-03
8,0.000000000000e+00
9,0.000000000000e+00
10,0.000000000000e+00
11,-9.121549971854e-04
