Local DOF,R_e Value
0,0.000000000000e+00
1,-9.854127459925e-05
2,0.000000000000e+00
3,0.000000000000e+00
4,0.000000000000e+00
5,-4.262704066676e-04
6,0.000000000000e+00
7,-1.052999910493e-04
8,0.000000000000e+00
9,0.000000000000e+00
10,0.000000000000e+00
11,-4.388147032115e-04
