Local DOF,R_e Value
0,0.000000000000e+00
1,-8.783259705462e-04
2,0.000000000000e+00
3,0.000000000000e+00
4,0.000000000000e+00
5,-8.932780061638e-04
6,0.000000000000e+00
7,-8.922970242482e-04
8,0.000000000000e+00
9,0.000000000000e+00
10,0.000000000000e+00
11,-8.949996036935e-04
