Local DOF,R_e Value
0,0.000000000000e+00
1,-8.561903131541e-05
2,0.000000000000e+00
3,0.000000000000e+00
4,0.000000000000e+00
5,-4.006305772381e-04
6,0.000000000000e+00
7,-9.197999749967e-05
8,0.000000000000e+00
9,0.000000000000e+00
10,0.000000000000e+00
11,-4.135424316479e-04
