Local DOF,R_e Value
0,0.000000000000e+00
1,-1.342519379986e-04
2,0.000000000000e+00
3,0.000000000000e+00
4,0.000000000000e+00
5,-4.871596545139e-04
6,0.000000000000e+00
7,-1.419549000966e-04
8,0.000000000000e+00
9,0.000000000000e+00
10,0.000000000000e+00
11,-4.987891114289e-04
