Local DOF,R_e Value
0,0.000000000000e+00
1,-6.465213812040e-04
2,0.000000000000e+00
3,0.000000000000e+00
4,0.000000000000e+00
5,-8.461049793956e-04
6,0.000000000000e+00
7,-6.597716926524e-04
8,0.000000000000e+00
9,0.000000000000e+00
10,0.000000000000e+00
11,-8.499116444465e-04
