Local DOF,R_e Value
0,0.000000000000e+00
1,-7.814000820088e-04
2,0.000000000000e+00
3,0.000000000000e+00
4,0.000000000000e+00
5,-8.781565528172e-04
6,0.000000000000e+00
7,-7.951410093706e-04
8,0.000000000000e+00
9,0.000000000000e+00
10,0.000000000000e+00
11,-8.806621468880e-04
