Local DOF,R_e Value
0,0.000000000000e+00
1,-2.981870686244e-04
2,0.000000000000e+00
3,0.000000000000e+00
4,0.000000000000e+00
5,-6.689415450842e-04
6,0.000000000000e+00
7,-3.087052567139e-04
8,0.000000000000e+00
9,0.000000000000e+00
10,0.000000000000e+00
11,-6.773576081927e-04
