Local DOF,R_e Value
0,0.000000000000e+00
1,-4.907448280755e-06
2,0.000000000000e+00
3,0.000000000000e+00
4,0.000000000000e+00
5,-1.035785111821e-04
6,0.000000000000e+00
7,-6.655896659691e-06
8,0.000000000000e+00
9,0.000000000000e+00
10,0.000000000000e+00
11,-1.201919480994e-04
