Local DOF,R_e Value
0,0.000000000000e+00
1,-3.301293741173e-04
2,0.000000000000e+00
3,0.000000000000e+00
4,0.000000000000e+00
5,-6.936709442489e-04
6,0.000000000000e+00
7,-3.410299147634e-04
8,0.000000000000e+00
9,0.000000000000e+00
10,0.000000000000e+00
11,-7.015697093190e-04
