Local DOF,R_e Value
0,0.000000000000e+00
1,-6.998644140380e-04
2,0.000000000000e+00
3,0.000000000000e+00
4,0.000000000000e+00
5,-8.605072693104e-04
6,0.000000000000e+00
7,-7.133355053282e-04
8,0.000000000000e+00
9,0.000000000000e+00
10,0.000000000000e+00
11,-8.637703794069e-04
