Local DOF,R_e Value
0,0.000000000000e+00
1,-1.218107544418e-03
2,0.000000000000e+00
3,0.000000000000e+00
4,0.000000000000e+00
5,-9.121549971854e-04
6,0.000000000000e+00
7,-1.232360699126e-03
8,0.000000000000e+00
9,0.000000000000e+00
10,0.000000000000e+00
11,-9.122443279680e-04
