Local DOF,R_e Value
0,0.000000000000e+00
1,-6.071427322048e-04
2,0.000000000000e+00
3,0.000000000000e+00
4,0.000000000000e+00
5,-8.338365183773e-04
6,0.000000000000e+00
7,-6.202046826922e-04
8,0.000000000000e+00
9,0.000000000000e+00
10,0.000000000000e+00
11,-8.380690737447e-04
