Local DOF,R_e Value
0,0.000000000000e+00
1,-1.572209132531e-04
2,0.000000000000e+00
3,0.000000000000e+00
4,-0.000000000000e+00
5,-8.625963435949e-07
6,0.000000000000e+00
7,-1.580841372410e-04
8,0.000000000000e+00
9,0.000000000000e+00
10,-0.000000000000e+00
11,-8.640607202131e-07
