Local DOF,R_e Value
0,0.000000000000e+00
1,-1.145444813553e-04
2,0.000000000000e+00
3,0.000000000000e+00
4,-0.000000000000e+00
5,-7.754476965760e-07
6,0.000000000000e+00
7,-1.153207346108e-04
8,0.000000000000e+00
9,0.000000000000e+00
10,-0.000000000000e+00
11,-7.773272071776e-07
