Local DOF,R_e Value
0,0.000000000000e+00
1,-7.497332173306e-05
2,0.000000000000e+00
3,0.000000000000e+00
4,-0.000000000000e+00
5,-6.597802897068e-07
6,0.000000000000e+00
7,-7.563409576013e-05
8,0.000000000000e+00
9,0.000000000000e+00
10,-0.000000000000e+00
11,-6.620988834993e-07
