Local DOF,R_e Value
0,0.000000000000e+00
1,-2.195827774759e-05
2,0.000000000000e+00
3,0.000000000000e+00
4,-0.000000000000e+00
5,-3.876050815113e-07
6,0.000000000000e+00
7,-2.234721870923e-05
8,0.000000000000e+00
9,0.000000000000e+00
10,-0.000000000000e+00
11,-3.907220084243e-07
