Local DOF,R_e Value
0,0.000000000000e+00
1,-9.869067805624e-05
2,0.000000000000e+00
3,0.000000000000e+00
4,-0.000000000000e+00
5,-7.341338264707e-07
6,0.000000000000e+00
7,-9.942568929147e-05
8,0.000000000000e+00
9,0.000000000000e+00
10,-0.000000000000e+00
11,-7.361809868467e-07
