Local DOF,R_e Value
0,0.000000000000e+00
1,-6.657380694906e-06
2,0.000000000000e+00
3,0.000000000000e+00
4,-0.000000000000e+00
5,-2.215799939385e-07
6,0.000000000000e+00
7,-6.880467640253e-06
8,0.000000000000e+00
9,0.000000000000e+00
10,-0.000000000000e+00
11,-2.250960871723e-07
