Local DOF,R_e Value
0,0.000000000000e+00
1,-2.562863751418e-04
2,0.000000000000e+00
3,0.000000000000e+00
4,-0.000000000000e+00
5,-9.740108514402e-07
6,0.000000000000e+00
7,-2.572606475419e-04
8,0.000000000000e+00
9,0.000000000000e+00
10,-0.000000000000e+00
11,-9.746210048970e-07
