Local DOF,R_e Value
0,0.000000000000e+00
1,-7.629718495956e-05
2,0.000000000000e+00
3,0.000000000000e+00
4,-0.000000000000e+00
5,-6.644094939567e-07
6,0.000000000000e+00
7,-7.696258134802e-05
8,0.000000000000e+00
9,0.000000000000e+00
10,-0.000000000000e+00
11,-6.667121210759e-07
