Local DOF,R_e Value
0,0.000000000000e+00
1,-2.572606475419e-04
2,0.000000000000e+00
3,0.000000000000e+00
4,-0.000000000000e+00
5,-9.746210048970e-07
6,0.000000000000e+00
7,-2.582355266740e-04
8,0.000000000000e+00
9,0.000000000000e+00
10,-0.000000000000e+00
11,-9.752231749633e-07
