Local DOF,R_e Value
0,0.000000000000e+00
1,-6.472231514076e-05
2,0.000000000000e+00
3,0.000000000000e+00
4,-0.000000000000e+00
5,-6.215970558444e-07
6,0.000000000000e+00
7,-6.534496067682e-05
8,0.000000000000e+00
9,0.000000000000e+00
10,-0.000000000000e+00
11,-6.240433829592e-07
