Local DOF,R_e Value
0,0.000000000000e+00
1,-3.285062197345e-04
2,0.000000000000e+00
3,0.000000000000e+00
4,-0.000000000000e+00
5,-9.975718460341e-07
6,0.000000000000e+00
7,-3.295038033654e-04
8,-0.000000000000e+00
9,0.000000000000e+00
10,-0.000000000000e+00
11,-9.975992173375e-07
