Local DOF,R_e Value
0,0.000000000000e+00
1,-1.036888300206e-05
2,0.000000000000e+00
3,0.000000000000e+00
4,-0.000000000000e+00
5,-2.734831433021e-07
6,0.000000000000e+00
7,-1.064382177539e-05
8,0.000000000000e+00
9,0.000000000000e+00
10,-0.000000000000e+00
11,-2.768794866572e-07
