ε_xx,ε_yy,ε_zz,γ_xy,γ_yz,γ_xz
0.000000000000e+00,0.000000000000e+00,-1.907666319312e-05,0.000000000000e+00,0.000000000000e+00,0.000000000000e+00
0.000000000000e+00,0.000000000000e+00,-1.789226046833e-05,0.000000000000e+00,0.000000000000e+00,0.000000000000e+00
0.000000000000e+00,0.000000000000e+00,-1.670785774266e-05,0.000000000000e+00,0.000000000000e+00,0.000000000000e+00
