Local DOF,R_e Value
0,0.000000000000e+00
1,-1.186564612704e-04
2,0.000000000000e+00
3,0.000000000000e+00
4,0.000000000000e+00
5,-4.276770702820e-04
6,0.000000000000e+00
7,-2.403542646550e-04
8,0.000000000000e+00
9,0.000000000000e+00
10,0.000000000000e+00
11,-5.345963378525e-04
