ε_xx,ε_yy,ε_zz,γ_xy,γ_yz,γ_xz
0.000000000000e+00,0.000000000000e+00,-6.697768180751e-04,-6.850089159160e-05,0.000000000000e+00,0.000000000000e+00
0.000000000000e+00,0.000000000000e+00,-6.697768180751e-04,-3.650030039581e-06,0.000000000000e+00,0.000000000000e+00
0.000000000000e+00,0.000000000000e+00,-6.697768180751e-04,6.120083151244e-05,0.000000000000e+00,0.000000000000e+00
