ε_xx,ε_yy,ε_zz,γ_xy,γ_yz,γ_xz
0.000000000000e+00,0.000000000000e+00,-7.652338204157e-05,-9.145087585046e-06,0.000000000000e+00,0.000000000000e+00
0.000000000000e+00,0.000000000000e+00,-7.652338204157e-05,-1.735742978984e-06,0.000000000000e+00,0.000000000000e+00
0.000000000000e+00,0.000000000000e+00,-7.652338204157e-05,5.673601627077e-06,0.000000000000e+00,0.000000000000e+00
