ε_xx,ε_yy,ε_zz,γ_xy,γ_yz,γ_xz
0.000000000000e+00,0.000000000000e+00,-4.908355438773e-04,-5.097250454879e-05,0.000000000000e+00,0.000000000000e+00
0.000000000000e+00,0.000000000000e+00,-4.908355438773e-04,-3.447557369710e-06,0.000000000000e+00,0.000000000000e+00
0.000000000000e+00,0.000000000000e+00,-4.908355438773e-04,4.407738980937e-05,0.000000000000e+00,0.000000000000e+00
