ε_xx,ε_yy,ε_zz,γ_xy,γ_yz,γ_xz
0.000000000000e+00,0.000000000000e+00,-8.561430414098e-04,-8.663775660513e-05,0.000000000000e+00,0.000000000000e+00
0.000000000000e+00,0.000000000000e+00,-8.561430414098e-04,-3.742063071341e-06,0.000000000000e+00,0.000000000000e+00
0.000000000000e+00,0.000000000000e+00,-8.561430414098e-04,7.915363046245e-05,0.000000000000e+00,0.000000000000e+00
