ε_xx,ε_yy,ε_zz,γ_xy,γ_yz,γ_xz
0.000000000000e+00,0.000000000000e+00,-1.841851445258e-04,-2.036823962883e-05,0.000000000000e+00,0.000000000000e+00
0.000000000000e+00,0.000000000000e+00,-1.841851445258e-04,-2.534589694656e-06,0.000000000000e+00,0.000000000000e+00
0.000000000000e+00,0.000000000000e+00,-1.841851445258e-04,1.529906023952e-05,0.000000000000e+00,0.000000000000e+00
