ε_xx,ε_yy,ε_zz,γ_xy,γ_yz,γ_xz
0.000000000000e+00,0.000000000000e+00,-3.260016730394e-04,-3.465544546942e-05,0.000000000000e+00,0.000000000000e+00
0.000000000000e+00,0.000000000000e+00,-3.260016730394e-04,-3.090469206483e-06,0.000000000000e+00,0.000000000000e+00
0.000000000000e+00,0.000000000000e+00,-3.260016730394e-04,2.847450705645e-05,0.000000000000e+00,0.000000000000e+00
