Local DOF,R_e Value
0,0.000000000000e+00
1,-4.460074134636e-05
2,0.000000000000e+00
3,0.000000000000e+00
4,0.000000000000e+00
5,-3.449816992705e-04
6,0.000000000000e+00
7,-1.666715457492e-04
8,0.000000000000e+00
9,0.000000000000e+00
10,0.000000000000e+00
11,-6.201317519089e-04
