Local DOF,R_e Value
0,0.000000000000e+00
1,-3.491257490075e-04
2,0.000000000000e+00
3,0.000000000000e+00
4,0.000000000000e+00
5,-8.287913850270e-04
6,0.000000000000e+00
7,-5.759904292904e-04
8,0.000000000000e+00
9,0.000000000000e+00
10,0.000000000000e+00
11,-9.765293104772e-04
