Local DOF,R_e Value
0,0.000000000000e+00
1,-8.329632783232e-04
2,0.000000000000e+00
3,0.000000000000e+00
4,0.000000000000e+00
5,-1.071141724853e-03
6,0.000000000000e+00
7,-1.107969472572e-03
8,0.000000000000e+00
9,0.000000000000e+00
10,0.000000000000e+00
11,-1.122652309490e-03
