Local DOF,R_e Value
0,0.000000000000e+00
1,-1.067336438429e-06
2,0.000000000000e+00
3,0.000000000000e+00
4,0.000000000000e+00
5,-3.341227111604e-05
6,0.000000000000e+00
7,-4.083722025295e-06
8,0.000000000000e+00
9,0.000000000000e+00
10,0.000000000000e+00
11,-6.236957274997e-05
