Local DOF,R_e Value
0,0.000000000000e+00
1,-6.533955240494e-05
2,0.000000000000e+00
3,0.000000000000e+00
4,0.000000000000e+00
5,-1.425590234296e-04
6,0.000000000000e+00
7,-7.424949136930e-05
8,0.000000000000e+00
9,0.000000000000e+00
10,0.000000000000e+00
11,-1.425590234298e-04
