Local DOF,R_e Value
0,0.000000000000e+00
1,-1.484989827381e-05
2,0.000000000000e+00
3,0.000000000000e+00
4,0.000000000000e+00
5,-1.069192675715e-04
6,0.000000000000e+00
7,-2.204281775019e-05
8,0.000000000000e+00
9,0.000000000000e+00
10,0.000000000000e+00
11,-1.225116607591e-04
