Local DOF,R_e Value
0,0.000000000000e+00
1,-3.007104400448e-05
2,0.000000000000e+00
3,0.000000000000e+00
4,0.000000000000e+00
5,-1.336490844646e-04
6,0.000000000000e+00
7,-3.865614144405e-05
8,0.000000000000e+00
9,0.000000000000e+00
10,0.000000000000e+00
11,-1.403315386879e-04
