Local DOF,R_e Value
0,0.000000000000e+00
1,-7.424949136930e-05
2,0.000000000000e+00
3,0.000000000000e+00
4,0.000000000000e+00
5,-1.425590234298e-04
6,0.000000000000e+00
7,-8.315943033367e-05
8,0.000000000000e+00
9,0.000000000000e+00
10,0.000000000000e+00
11,-1.425590234300e-04
