Local DOF,R_e Value
0,0.000000000000e+00
1,-2.349300329479e-06
2,0.000000000000e+00
3,0.000000000000e+00
4,0.000000000000e+00
5,-4.844779348378e-05
6,0.000000000000e+00
7,-4.083722054142e-06
8,0.000000000000e+00
9,0.000000000000e+00
10,0.000000000000e+00
11,-6.236957315078e-05
