Local DOF,R_e Value
0,0.000000000000e+00
1,-5.197464391747e-05
2,0.000000000000e+00
3,0.000000000000e+00
4,0.000000000000e+00
5,-1.425590228566e-04
6,0.000000000000e+00
7,-5.642961338347e-05
8,0.000000000000e+00
9,0.000000000000e+00
10,0.000000000000e+00
11,-1.425590229719e-04
