Local DOF,R_e Value
0,0.000000000000e+00
1,-8.770721218971e-06
2,0.000000000000e+00
3,0.000000000000e+00
4,0.000000000000e+00
5,-8.687190516940e-05
6,0.000000000000e+00
7,-1.165368975814e-05
8,0.000000000000e+00
9,0.000000000000e+00
10,0.000000000000e+00
11,-9.745245760330e-05
