Local DOF,R_e Value
0,0.000000000000e+00
1,-2.168085148909e-04
2,0.000000000000e+00
3,0.000000000000e+00
4,0.000000000000e+00
5,-1.425590241049e-04
6,0.000000000000e+00
7,-2.212634843868e-04
8,0.000000000000e+00
9,0.000000000000e+00
10,0.000000000000e+00
11,-1.425590236258e-04
