Local DOF,R_e Value
0,0.000000000000e+00
1,-2.257184538682e-04
2,0.000000000000e+00
3,0.000000000000e+00
4,0.000000000000e+00
5,-1.425590231934e-04
6,0.000000000000e+00
7,-2.301734233371e-04
8,0.000000000000e+00
9,0.000000000000e+00
10,0.000000000000e+00
11,-1.425590228279e-04
