Local DOF,R_e Value
0,0.000000000000e+00
1,-8.761439975554e-05
2,0.000000000000e+00
3,0.000000000000e+00
4,0.000000000000e+00
5,-1.425590240672e-04
6,0.000000000000e+00
7,-9.206936925928e-05
8,0.000000000000e+00
9,0.000000000000e+00
10,0.000000000000e+00
11,-1.425590241494e-04
