Local DOF,R_e Value
0,0.000000000000e+00
1,-3.431138608389e-05
2,0.000000000000e+00
3,0.000000000000e+00
4,0.000000000000e+00
5,-1.375471823183e-04
6,0.000000000000e+00
7,-3.865614146165e-05
8,0.000000000000e+00
9,0.000000000000e+00
10,0.000000000000e+00
11,-1.403315381269e-04
