Local DOF,R_e Value
0,0.000000000000e+00
1,-6.528908268404e-05
2,0.000000000000e+00
3,0.000000000000e+00
4,-0.000000000000e+00
5,-1.247860805249e-06
6,0.000000000000e+00
7,-6.654111610205e-05
8,0.000000000000e+00
9,0.000000000000e+00
10,-0.000000000000e+00
11,-1.257595887956e-06
