Local DOF,R_e Value
0,0.000000000000e+00
1,-2.866036866251e-04
2,0.000000000000e+00
3,0.000000000000e+00
4,-0.000000000000e+00
5,-1.977900532422e-06
6,0.000000000000e+00
7,-2.885822014922e-04
8,0.000000000000e+00
9,0.000000000000e+00
10,-0.000000000000e+00
11,-1.979332966244e-06
