Local DOF,R_e Value
0,0.000000000000e+00
1,-3.263681380198e-04
2,-0.000000000000e+00
3,0.000000000000e+00
4,0.000000000000e+00
5,-1.994414574472e-06
6,0.000000000000e+00
7,-3.283626195020e-04
8,0.000000000000e+00
9,0.000000000000e+00
10,0.000000000000e+00
11,-1.994569678704e-06
