Local DOF,R_e Value
0,0.000000000000e+00
1,-1.640736029196e-04
2,0.000000000000e+00
3,0.000000000000e+00
4,-0.000000000000e+00
5,-1.747798727982e-06
6,0.000000000000e+00
7,-1.658237951204e-04
8,0.000000000000e+00
9,0.000000000000e+00
10,-0.000000000000e+00
11,-1.753382484129e-06
