Local DOF,R_e Value
0,0.000000000000e+00
1,-1.146655239995e-05
2,0.000000000000e+00
3,0.000000000000e+00
4,-0.000000000000e+00
5,-5.739503140546e-07
6,0.000000000000e+00
7,-1.204626286711e-05
8,0.000000000000e+00
9,0.000000000000e+00
10,-0.000000000000e+00
11,-5.873896575547e-07
