Local DOF,R_e Value
0,0.000000000000e+00
1,-2.826511275443e-04
2,0.000000000000e+00
3,0.000000000000e+00
4,-0.000000000000e+00
5,-1.974844065270e-06
6,0.000000000000e+00
7,-2.846266406870e-04
8,0.000000000000e+00
9,0.000000000000e+00
10,-0.000000000000e+00
11,-1.976404232095e-06
