Local DOF,R_e Value
0,0.000000000000e+00
1,-2.782300063879e-07
2,0.000000000000e+00
3,0.000000000000e+00
4,-0.000000000000e+00
5,-9.462283646747e-08
6,0.000000000000e+00
7,-3.795162515645e-07
8,0.000000000000e+00
9,0.000000000000e+00
10,-0.000000000000e+00
11,-1.101697763677e-07
