Local DOF,R_e Value
0,0.000000000000e+00
1,-2.513034924951e-04
2,0.000000000000e+00
3,0.000000000000e+00
4,-0.000000000000e+00
5,-1.941195555118e-06
6,0.000000000000e+00
7,-2.532457950691e-04
8,0.000000000000e+00
9,0.000000000000e+00
10,-0.000000000000e+00
11,-1.943777585477e-06
