Local DOF,R_e Value
0,0.000000000000e+00
1,-5.179865076350e-06
2,0.000000000000e+00
3,0.000000000000e+00
4,-0.000000000000e+00
5,-3.934269911295e-07
6,0.000000000000e+00
7,-5.579408048595e-06
8,0.000000000000e+00
9,0.000000000000e+00
10,-0.000000000000e+00
11,-4.076965999779e-07
