ε_xx,ε_yy,ε_zz,γ_xy,γ_yz,γ_xz
0.000000000000e+00,0.000000000000e+00,7.920775146886e-12,0.000000000000e+00,0.000000000000e+00,0.000000000000e+00
0.000000000000e+00,0.000000000000e+00,8.077000873685e-12,0.000000000000e+00,0.000000000000e+00,0.000000000000e+00
0.000000000000e+00,0.000000000000e+00,8.233302928318e-12,0.000000000000e+00,0.000000000000e+00,0.000000000000e+00
