element_id,total_strain_energy
0,1.812666725757e+00
1,4.906641666143e-01
2,7.281766705122e-02
3,2.940979229405e-03
