Local DOF,R_e Value
0,0.000000000000e+00
1,-1.448883292985e-04
2,0.000000000000e+00
3,0.000000000000e+00
4,0.000000000000e+00
5,-7.051381383385e-04
6,0.000000000000e+00
7,-1.923527418648e-04
8,0.000000000000e+00
9,0.000000000000e+00
10,0.000000000000e+00
11,-7.956993148418e-04
