Local DOF,R_e Value
0,0.000000000000e+00
1,-1.837142488762e-05
2,0.000000000000e+00
3,0.000000000000e+00
4,0.000000000000e+00
5,-2.677158223149e-04
6,0.000000000000e+00
7,-3.954241676256e-05
8,0.000000000000e+00
9,0.000000000000e+00
10,0.000000000000e+00
11,-3.889049140076e-04
