Local DOF,R_e Value
0,0.000000000000e+00
1,-5.013696683953e-06
2,0.000000000000e+00
3,0.000000000000e+00
4,0.000000000000e+00
5,-1.381736628432e-04
6,0.000000000000e+00
7,-1.837142488762e-05
8,0.000000000000e+00
9,0.000000000000e+00
10,0.000000000000e+00
11,-2.677158223149e-04
