Local DOF,R_e Value
0,0.000000000000e+00
1,-5.766555013175e-04
2,0.000000000000e+00
3,0.000000000000e+00
4,0.000000000000e+00
5,-1.202632933472e-03
6,0.000000000000e+00
7,-6.537187517967e-04
8,0.000000000000e+00
9,0.000000000000e+00
10,0.000000000000e+00
11,-1.250315028710e-03
