Local DOF,R_e Value
0,0.000000000000e+00
1,-1.911942497516e-03
2,0.000000000000e+00
3,0.000000000000e+00
4,0.000000000000e+00
5,-1.518309286617e-03
6,0.000000000000e+00
7,-2.006968517628e-03
8,0.000000000000e+00
9,0.000000000000e+00
10,0.000000000000e+00
11,-1.520049509071e-03
