Local DOF,R_e Value
0,0.000000000000e+00
1,-1.281179237598e-04
2,0.000000000000e+00
3,0.000000000000e+00
4,0.000000000000e+00
5,-4.753606157059e-04
6,0.000000000000e+00
7,-1.935872718474e-04
8,0.000000000000e+00
9,0.000000000000e+00
10,0.000000000000e+00
11,-5.647794086777e-04
