Local DOF,R_e Value
0,0.000000000000e+00
1,-3.544501922978e-04
2,0.000000000000e+00
3,0.000000000000e+00
4,0.000000000000e+00
5,-7.093752174689e-04
6,0.000000000000e+00
7,-4.470329984441e-04
8,0.000000000000e+00
9,0.000000000000e+00
10,0.000000000000e+00
11,-7.651903148549e-04
