Local DOF,R_e Value
0,0.000000000000e+00
1,-7.455051362907e-05
2,0.000000000000e+00
3,0.000000000000e+00
4,0.000000000000e+00
5,-3.742591293267e-04
6,0.000000000000e+00
7,-1.281179237598e-04
8,0.000000000000e+00
9,0.000000000000e+00
10,0.000000000000e+00
11,-4.753606157059e-04
