Local DOF,R_e Value
0,0.000000000000e+00
1,-2.695063540378e-04
2,0.000000000000e+00
3,0.000000000000e+00
4,0.000000000000e+00
5,-6.426953312288e-04
6,0.000000000000e+00
7,-3.544501922978e-04
8,0.000000000000e+00
9,0.000000000000e+00
10,0.000000000000e+00
11,-7.093752174689e-04
