Local DOF,R_e Value
0,0.000000000000e+00
1,-8.682624919893e-04
2,0.000000000000e+00
3,0.000000000000e+00
4,0.000000000000e+00
5,-8.918567567216e-04
6,0.000000000000e+00
7,-9.807365266690e-04
8,0.000000000000e+00
9,0.000000000000e+00
10,0.000000000000e+00
11,-9.037892445606e-04
