ε_xx,ε_yy,ε_zz,γ_xy,γ_yz,γ_xz
0.000000000000e+00,0.000000000000e+00,-2.593411596585e-16,-8.673617379884e-18,0.000000000000e+00,0.000000000000e+00
0.000000000000e+00,0.000000000000e+00,-2.593411596585e-16,-6.071532165919e-18,0.000000000000e+00,0.000000000000e+00
0.000000000000e+00,0.000000000000e+00,-2.593411596585e-16,-2.602085213965e-18,0.000000000000e+00,0.000000000000e+00
