ε_xx,ε_yy,ε_zz,γ_xy,γ_yz,γ_xz
0.000000000000e+00,0.000000000000e+00,-1.569924745759e-15,-2.623769257415e-17,0.000000000000e+00,0.000000000000e+00
0.000000000000e+00,0.000000000000e+00,-1.569924745759e-15,-7.155734338404e-18,0.000000000000e+00,0.000000000000e+00
0.000000000000e+00,0.000000000000e+00,-1.569924745759e-15,1.192622389734e-17,0.000000000000e+00,0.000000000000e+00
