ε_xx,ε_yy,ε_zz,γ_xy,γ_yz,γ_xz
0.000000000000e+00,0.000000000000e+00,-9.306791448616e-16,-1.951563910474e-17,0.000000000000e+00,0.000000000000e+00
0.000000000000e+00,0.000000000000e+00,-9.306791448616e-16,-8.673617379884e-18,0.000000000000e+00,0.000000000000e+00
0.000000000000e+00,0.000000000000e+00,-9.306791448616e-16,2.602085213965e-18,0.000000000000e+00,0.000000000000e+00
