ε_xx,ε_yy,ε_zz,γ_xy,γ_yz,γ_xz
0.000000000000e+00,0.000000000000e+00,-2.888314587501e-16,-7.806255641896e-18,0.000000000000e+00,0.000000000000e+00
0.000000000000e+00,0.000000000000e+00,-2.888314587501e-16,-5.204170427930e-18,0.000000000000e+00,0.000000000000e+00
0.000000000000e+00,0.000000000000e+00,-2.888314587501e-16,-8.673617379884e-19,0.000000000000e+00,0.000000000000e+00
