ε_xx,ε_yy,ε_zz,γ_xy,γ_yz,γ_xz
0.000000000000e+00,0.000000000000e+00,-1.170938346284e-15,-2.125036258072e-17,0.000000000000e+00,0.000000000000e+00
0.000000000000e+00,0.000000000000e+00,-1.170938346284e-15,-7.372574772901e-18,0.000000000000e+00,0.000000000000e+00
0.000000000000e+00,0.000000000000e+00,-1.170938346284e-15,6.505213034913e-18,0.000000000000e+00,0.000000000000e+00
