ε_xx,ε_yy,ε_zz,γ_xy,γ_yz,γ_xz
0.000000000000e+00,0.000000000000e+00,-1.307981500887e-15,-2.298508605669e-17,0.000000000000e+00,0.000000000000e+00
0.000000000000e+00,0.000000000000e+00,-1.307981500887e-15,-6.938893903907e-18,0.000000000000e+00,0.000000000000e+00
0.000000000000e+00,0.000000000000e+00,-1.307981500887e-15,8.673617379884e-18,0.000000000000e+00,0.000000000000e+00
