ε_xx,ε_yy,ε_zz,γ_xy,γ_yz,γ_xz
0.000000000000e+00,0.000000000000e+00,-1.525689297122e-15,-2.515349040166e-17,0.000000000000e+00,0.000000000000e+00
0.000000000000e+00,0.000000000000e+00,-1.525689297122e-15,-6.722053469410e-18,0.000000000000e+00,0.000000000000e+00
0.000000000000e+00,0.000000000000e+00,-1.525689297122e-15,1.170938346284e-17,0.000000000000e+00,0.000000000000e+00
