ε_xx,ε_yy,ε_zz,γ_xy,γ_yz,γ_xz
0.000000000000e+00,0.000000000000e+00,-1.439820485061e-15,-2.471980953267e-17,0.000000000000e+00,0.000000000000e+00
0.000000000000e+00,0.000000000000e+00,-1.439820485061e-15,-6.938893903907e-18,0.000000000000e+00,0.000000000000e+00
0.000000000000e+00,0.000000000000e+00,-1.439820485061e-15,9.974659986867e-18,0.000000000000e+00,0.000000000000e+00
