ε_xx,ε_yy,ε_zz,γ_xy,γ_yz,γ_xz
0.000000000000e+00,0.000000000000e+00,-3.434752482434e-16,-7.806255641896e-18,0.000000000000e+00,0.000000000000e+00
0.000000000000e+00,0.000000000000e+00,-3.434752482434e-16,-4.336808689942e-18,0.000000000000e+00,0.000000000000e+00
0.000000000000e+00,0.000000000000e+00,-3.434752482434e-16,0.000000000000e+00,0.000000000000e+00,0.000000000000e+00
