ε_xx,ε_yy,ε_zz,γ_xy,γ_yz,γ_xz
0.000000000000e+00,0.000000000000e+00,-3.165870343658e-16,-7.806255641896e-18,0.000000000000e+00,0.000000000000e+00
0.000000000000e+00,0.000000000000e+00,-3.165870343658e-16,-4.336808689942e-18,0.000000000000e+00,0.000000000000e+00
0.000000000000e+00,0.000000000000e+00,-3.165870343658e-16,8.673617379884e-19,0.000000000000e+00,0.000000000000e+00
