ε_xx,ε_yy,ε_zz,γ_xy,γ_yz,γ_xz
0.000000000000e+00,0.000000000000e+00,-8.803721640582e-16,-1.778091562876e-17,0.000000000000e+00,0.000000000000e+00
0.000000000000e+00,0.000000000000e+00,-8.803721640582e-16,-6.938893903907e-18,0.000000000000e+00,0.000000000000e+00
0.000000000000e+00,0.000000000000e+00,-8.803721640582e-16,3.903127820948e-18,0.000000000000e+00,0.000000000000e+00
