ε_xx,ε_yy,ε_zz,γ_xy,γ_yz,γ_xz
0.000000000000e+00,0.000000000000e+00,-4.414871246361e-16,-1.214306433184e-17,0.000000000000e+00,0.000000000000e+00
0.000000000000e+00,0.000000000000e+00,-4.414871246361e-16,-7.806255641896e-18,0.000000000000e+00,0.000000000000e+00
0.000000000000e+00,0.000000000000e+00,-4.414871246361e-16,-1.734723475977e-18,0.000000000000e+00,0.000000000000e+00
