ε_xx,ε_yy,ε_zz,γ_xy,γ_yz,γ_xz
0.000000000000e+00,0.000000000000e+00,-4.989565819959e-04,-2.981014112819e-05,0.000000000000e+00,0.000000000000e+00
0.000000000000e+00,0.000000000000e+00,-4.989565819959e-04,-5.654509471304e-06,0.000000000000e+00,0.000000000000e+00
0.000000000000e+00,0.000000000000e+00,-4.989565819959e-04,1.850112218558e-05,0.000000000000e+00,0.000000000000e+00
