ε_xx,ε_yy,ε_zz,γ_xy,γ_yz,γ_xz
0.000000000000e+00,0.000000000000e+00,-7.632783294298e-17,-4.445228907191e-18,0.000000000000e+00,0.000000000000e+00
0.000000000000e+00,0.000000000000e+00,-7.632783294298e-17,-8.673617379884e-19,0.000000000000e+00,0.000000000000e+00
0.000000000000e+00,0.000000000000e+00,-7.632783294298e-17,2.927345865711e-18,0.000000000000e+00,0.000000000000e+00
