ε_xx,ε_yy,ε_zz,γ_xy,γ_yz,γ_xz
0.000000000000e+00,0.000000000000e+00,-4.423544863741e-17,-2.602085213965e-18,0.000000000000e+00,0.000000000000e+00
0.000000000000e+00,0.000000000000e+00,-4.423544863741e-17,-4.336808689942e-19,0.000000000000e+00,0.000000000000e+00
0.000000000000e+00,0.000000000000e+00,-4.423544863741e-17,1.517883041480e-18,0.000000000000e+00,0.000000000000e+00
