ε_xx,ε_yy,ε_zz,γ_xy,γ_yz,γ_xz
0.000000000000e+00,0.000000000000e+00,-1.144917494145e-16,-6.396792817664e-18,0.000000000000e+00,0.000000000000e+00
0.000000000000e+00,0.000000000000e+00,-1.144917494145e-16,-8.131516293641e-19,0.000000000000e+00,0.000000000000e+00
0.000000000000e+00,0.000000000000e+00,-1.144917494145e-16,4.662069341688e-18,0.000000000000e+00,0.000000000000e+00
