ε_xx,ε_yy,ε_zz,γ_xy,γ_yz,γ_xz
0.000000000000e+00,0.000000000000e+00,-2.138385351412e-04,-1.600692303854e-05,0.000000000000e+00,0.000000000000e+00
0.000000000000e+00,0.000000000000e+00,-2.138385351412e-04,-5.654509471304e-06,0.000000000000e+00,0.000000000000e+00
0.000000000000e+00,0.000000000000e+00,-2.138385351412e-04,4.697904095936e-06,0.000000000000e+00,0.000000000000e+00
