ε_xx,ε_yy,ε_zz,γ_xy,γ_yz,γ_xz
0.000000000000e+00,0.000000000000e+00,-5.833007687972e-17,-3.469446951954e-18,0.000000000000e+00,0.000000000000e+00
0.000000000000e+00,0.000000000000e+00,-5.833007687972e-17,-7.589415207399e-19,0.000000000000e+00,0.000000000000e+00
0.000000000000e+00,0.000000000000e+00,-5.833007687972e-17,2.059984127722e-18,0.000000000000e+00,0.000000000000e+00
