ε_xx,ε_yy,ε_zz,γ_xy,γ_yz,γ_xz
0.000000000000e+00,0.000000000000e+00,-9.979131639914e-04,-1.022770360988e-04,0.000000000000e+00,0.000000000000e+00
0.000000000000e+00,0.000000000000e+00,-9.979131639914e-04,-5.654509471303e-06,0.000000000000e+00,0.000000000000e+00
0.000000000000e+00,0.000000000000e+00,-9.979131639914e-04,9.096801715619e-05,0.000000000000e+00,0.000000000000e+00
