N,Vy,Vz,T,My,Mz
0.000000000000e+00,-2.388037599995e+03,0.000000000000e+00,0.000000000000e+00,0.000000000000e+00,-7.734375000075e+02
0.000000000000e+00,-5.000000000065e+02,0.000000000000e+00,0.000000000000e+00,0.000000000000e+00,-7.734375000075e+02
0.000000000000e+00,1.388037599982e+03,0.000000000000e+00,0.000000000000e+00,0.000000000000e+00,-7.734375000075e+02
