N,Vy,Vz,T,My,Mz
0.000000000000e+00,-1.205630214139e+03,0.000000000000e+00,0.000000000000e+00,0.000000000000e+00,-2.890625000016e+02
0.000000000000e+00,-5.000000000045e+02,0.000000000000e+00,0.000000000000e+00,0.000000000000e+00,-2.890625000016e+02
0.000000000000e+00,2.056302141300e+02,0.000000000000e+00,0.000000000000e+00,0.000000000000e+00,-2.890625000016e+02
