N,Vy,Vz,T,My,Mz
0.000000000000e+00,-2.769459337368e+03,0.000000000000e+00,0.000000000000e+00,0.000000000000e+00,-9.296875000096e+02
0.000000000000e+00,-5.000000000066e+02,0.000000000000e+00,0.000000000000e+00,0.000000000000e+00,-9.296875000096e+02
0.000000000000e+00,1.769459337355e+03,0.000000000000e+00,0.000000000000e+00,0.000000000000e+00,-9.296875000096e+02
