N,Vy,Vz,T,My,Mz
0.000000000000e+00,-5.190710868683e+02,0.000000000000e+00,0.000000000000e+00,0.000000000000e+00,-7.812500000009e+00
0.000000000000e+00,-5.000000000002e+02,0.000000000000e+00,0.000000000000e+00,0.000000000000e+00,-7.812500000009e+00
0.000000000000e+00,-4.809289131322e+02,0.000000000000e+00,0.000000000000e+00,0.000000000000e+00,-7.812500000009e+00
