N,Vy,Vz,T,My,Mz
0.000000000000e+00,-1.777762820199e+03,0.000000000000e+00,0.000000000000e+00,0.000000000000e+00,-5.234375000043e+02
0.000000000000e+00,-5.000000000067e+02,0.000000000000e+00,0.000000000000e+00,0.000000000000e+00,-5.234375000043e+02
0.000000000000e+00,7.777628201856e+02,0.000000000000e+00,0.000000000000e+00,0.000000000000e+00,-5.234375000043e+02
