N,Vy,Vz,T,My,Mz
0.000000000000e+00,-1.014919345453e+03,0.000000000000e+00,0.000000000000e+00,0.000000000000e+00,-2.109375000010e+02
0.000000000000e+00,-5.000000000039e+02,0.000000000000e+00,0.000000000000e+00,0.000000000000e+00,-2.109375000010e+02
0.000000000000e+00,1.491934544499e+01,0.000000000000e+00,0.000000000000e+00,0.000000000000e+00,-2.109375000010e+02
