N,Vy,Vz,T,My,Mz
0.000000000000e+00,-2.540606294944e+03,0.000000000000e+00,0.000000000000e+00,0.000000000000e+00,-8.359375000083e+02
0.000000000000e+00,-5.000000000066e+02,0.000000000000e+00,0.000000000000e+00,0.000000000000e+00,-8.359375000083e+02
0.000000000000e+00,1.540606294931e+03,0.000000000000e+00,0.000000000000e+00,0.000000000000e+00,-8.359375000083e+02
