N,Vy,Vz,T,My,Mz
0.000000000000e+00,-1.663336298987e+03,0.000000000000e+00,0.000000000000e+00,0.000000000000e+00,-4.765625000036e+02
0.000000000000e+00,-5.000000000064e+02,0.000000000000e+00,0.000000000000e+00,0.000000000000e+00,-4.765625000036e+02
0.000000000000e+00,6.633362989741e+02,0.000000000000e+00,0.000000000000e+00,0.000000000000e+00,-4.765625000036e+02
