N,Vy,Vz,T,My,Mz
0.000000000000e+00,-7.479241292950e+02,0.000000000000e+00,0.000000000000e+00,0.000000000000e+00,-1.015625000004e+02
0.000000000000e+00,-5.000000000039e+02,0.000000000000e+00,0.000000000000e+00,0.000000000000e+00,-1.015625000004e+02
0.000000000000e+00,-2.520758707141e+02,0.000000000000e+00,0.000000000000e+00,0.000000000000e+00,-1.015625000004e+02
