N,Vy,Vz,T,My,Mz
0.000000000000e+00,-2.464321947470e+03,0.000000000000e+00,0.000000000000e+00,0.000000000000e+00,-8.046875000079e+02
0.000000000000e+00,-5.000000000066e+02,0.000000000000e+00,0.000000000000e+00,0.000000000000e+00,-8.046875000079e+02
0.000000000000e+00,1.464321947457e+03,0.000000000000e+00,0.000000000000e+00,0.000000000000e+00,-8.046875000079e+02
