N,Vy,Vz,T,My,Mz
0.000000000000e+00,-1.510767604037e+03,0.000000000000e+00,0.000000000000e+00,0.000000000000e+00,-4.140625000029e+02
0.000000000000e+00,-5.000000000052e+02,0.000000000000e+00,0.000000000000e+00,0.000000000000e+00,-4.140625000029e+02
0.000000000000e+00,5.107676040265e+02,0.000000000000e+00,0.000000000000e+00,0.000000000000e+00,-4.140625000029e+02
