N,Vy,Vz,T,My,Mz
0.000000000000e+00,-8.623506505034e+02,0.000000000000e+00,0.000000000000e+00,0.000000000000e+00,-1.484375000006e+02
0.000000000000e+00,-5.000000000015e+02,0.000000000000e+00,0.000000000000e+00,0.000000000000e+00,-1.484375000006e+02
0.000000000000e+00,-1.376493495020e+02,0.000000000000e+00,0.000000000000e+00,0.000000000000e+00,-1.484375000006e+02
