N,Vy,Vz,T,My,Mz
0.000000000000e+00,-2.273611078783e+03,0.000000000000e+00,0.000000000000e+00,0.000000000000e+00,-7.265625000069e+02
0.000000000000e+00,-5.000000000065e+02,0.000000000000e+00,0.000000000000e+00,0.000000000000e+00,-7.265625000069e+02
0.000000000000e+00,1.273611078770e+03,0.000000000000e+00,0.000000000000e+00,0.000000000000e+00,-7.265625000069e+02
