N,Vy,Vz,T,My,Mz
0.000000000000e+00,-1.320056735351e+03,0.000000000000e+00,0.000000000000e+00,0.000000000000e+00,-3.359375000021e+02
0.000000000000e+00,-5.000000000052e+02,0.000000000000e+00,0.000000000000e+00,0.000000000000e+00,-3.359375000021e+02
0.000000000000e+00,3.200567353402e+02,0.000000000000e+00,0.000000000000e+00,0.000000000000e+00,-3.359375000021e+02
