N,Vy,Vz,T,My,Mz
0.000000000000e+00,-2.731317163631e+03,0.000000000000e+00,0.000000000000e+00,0.000000000000e+00,-9.140625000094e+02
0.000000000000e+00,-5.000000000066e+02,0.000000000000e+00,0.000000000000e+00,0.000000000000e+00,-9.140625000094e+02
0.000000000000e+00,1.731317163617e+03,0.000000000000e+00,0.000000000000e+00,0.000000000000e+00,-9.140625000094e+02
