N,Vy,Vz,T,My,Mz
0.000000000000e+00,-2.693174989893e+03,0.000000000000e+00,0.000000000000e+00,0.000000000000e+00,-8.984375000092e+02
0.000000000000e+00,-5.000000000066e+02,0.000000000000e+00,0.000000000000e+00,0.000000000000e+00,-8.984375000092e+02
0.000000000000e+00,1.693174989880e+03,0.000000000000e+00,0.000000000000e+00,0.000000000000e+00,-8.984375000092e+02
