N,Vy,Vz,T,My,Mz
0.000000000000e+00,-5.572132606069e+02,0.000000000000e+00,0.000000000000e+00,0.000000000000e+00,-2.343750000003e+01
0.000000000000e+00,-5.000000000015e+02,0.000000000000e+00,0.000000000000e+00,0.000000000000e+00,-2.343750000003e+01
0.000000000000e+00,-4.427867393973e+02,0.000000000000e+00,0.000000000000e+00,0.000000000000e+00,-2.343750000003e+01
