N,Vy,Vz,T,My,Mz
0.000000000000e+00,-1.434483256563e+03,0.000000000000e+00,0.000000000000e+00,0.000000000000e+00,-3.828125000026e+02
0.000000000000e+00,-5.000000000052e+02,0.000000000000e+00,0.000000000000e+00,0.000000000000e+00,-3.828125000026e+02
0.000000000000e+00,4.344832565517e+02,0.000000000000e+00,0.000000000000e+00,0.000000000000e+00,-3.828125000026e+02
