N,Vy,Vz,T,My,Mz
0.000000000000e+00,-2.655032816156e+03,0.000000000000e+00,0.000000000000e+00,0.000000000000e+00,-8.828125000090e+02
0.000000000000e+00,-5.000000000065e+02,0.000000000000e+00,0.000000000000e+00,0.000000000000e+00,-8.828125000090e+02
0.000000000000e+00,1.655032816143e+03,0.000000000000e+00,0.000000000000e+00,0.000000000000e+00,-8.828125000090e+02
