N,Vy,Vz,T,My,Mz
0.000000000000e+00,-2.349895426258e+03,0.000000000000e+00,0.000000000000e+00,0.000000000000e+00,-7.578125000073e+02
0.000000000000e+00,-5.000000000064e+02,0.000000000000e+00,0.000000000000e+00,0.000000000000e+00,-7.578125000073e+02
0.000000000000e+00,1.349895426245e+03,0.000000000000e+00,0.000000000000e+00,0.000000000000e+00,-7.578125000073e+02
