N,Vy,Vz,T,My,Mz
0.000000000000e+00,-2.807601511105e+03,0.000000000000e+00,0.000000000000e+00,0.000000000000e+00,-9.453125000098e+02
0.000000000000e+00,-5.000000000065e+02,0.000000000000e+00,0.000000000000e+00,0.000000000000e+00,-9.453125000098e+02
0.000000000000e+00,1.807601511092e+03,0.000000000000e+00,0.000000000000e+00,0.000000000000e+00,-9.453125000098e+02
