N,Vy,Vz,T,My,Mz
0.000000000000e+00,-1.854047167674e+03,0.000000000000e+00,0.000000000000e+00,0.000000000000e+00,-5.546875000047e+02
0.000000000000e+00,-5.000000000070e+02,0.000000000000e+00,0.000000000000e+00,0.000000000000e+00,-5.546875000047e+02
0.000000000000e+00,8.540471676600e+02,0.000000000000e+00,0.000000000000e+00,0.000000000000e+00,-5.546875000047e+02
