N,Vy,Vz,T,My,Mz
0.000000000000e+00,-1.968473688886e+03,0.000000000000e+00,0.000000000000e+00,0.000000000000e+00,-6.015625000053e+02
0.000000000000e+00,-5.000000000070e+02,0.000000000000e+00,0.000000000000e+00,0.000000000000e+00,-6.015625000053e+02
0.000000000000e+00,9.684736888718e+02,0.000000000000e+00,0.000000000000e+00,0.000000000000e+00,-6.015625000053e+02
