N,Vy,Vz,T,My,Mz
0.000000000000e+00,-2.235468905046e+03,0.000000000000e+00,0.000000000000e+00,0.000000000000e+00,-7.109375000067e+02
0.000000000000e+00,-5.000000000067e+02,0.000000000000e+00,0.000000000000e+00,0.000000000000e+00,-7.109375000067e+02
0.000000000000e+00,1.235468905033e+03,0.000000000000e+00,0.000000000000e+00,0.000000000000e+00,-7.109375000067e+02
