N,Vy,Vz,T,My,Mz
0.000000000000e+00,-2.082900210097e+03,0.000000000000e+00,0.000000000000e+00,0.000000000000e+00,-6.484375000059e+02
0.000000000000e+00,-5.000000000061e+02,0.000000000000e+00,0.000000000000e+00,0.000000000000e+00,-6.484375000059e+02
0.000000000000e+00,1.082900210084e+03,0.000000000000e+00,0.000000000000e+00,0.000000000000e+00,-6.484375000059e+02
