N,Vy,Vz,T,My,Mz
0.000000000000e+00,-2.883885858580e+03,0.000000000000e+00,0.000000000000e+00,0.000000000000e+00,-9.765625000102e+02
0.000000000000e+00,-5.000000000066e+02,0.000000000000e+00,0.000000000000e+00,0.000000000000e+00,-9.765625000102e+02
0.000000000000e+00,1.883885858567e+03,0.000000000000e+00,0.000000000000e+00,0.000000000000e+00,-9.765625000102e+02
