N,Vy,Vz,T,My,Mz
0.000000000000e+00,-1.243772387876e+03,0.000000000000e+00,0.000000000000e+00,0.000000000000e+00,-3.046875000018e+02
0.000000000000e+00,-5.000000000045e+02,0.000000000000e+00,0.000000000000e+00,0.000000000000e+00,-3.046875000018e+02
0.000000000000e+00,2.437723878667e+02,0.000000000000e+00,0.000000000000e+00,0.000000000000e+00,-3.046875000018e+02
