N,Vy,Vz,T,My,Mz
0.000000000000e+00,-1.892189341411e+03,0.000000000000e+00,0.000000000000e+00,0.000000000000e+00,-5.703125000049e+02
0.000000000000e+00,-5.000000000070e+02,0.000000000000e+00,0.000000000000e+00,0.000000000000e+00,-5.703125000049e+02
0.000000000000e+00,8.921893413971e+02,0.000000000000e+00,0.000000000000e+00,0.000000000000e+00,-5.703125000049e+02
