N,Vy,Vz,T,My,Mz
0.000000000000e+00,-2.426179773732e+03,0.000000000000e+00,0.000000000000e+00,0.000000000000e+00,-7.890625000077e+02
0.000000000000e+00,-5.000000000065e+02,0.000000000000e+00,0.000000000000e+00,0.000000000000e+00,-7.890625000077e+02
0.000000000000e+00,1.426179773719e+03,0.000000000000e+00,0.000000000000e+00,0.000000000000e+00,-7.890625000077e+02
