N,Vy,Vz,T,My,Mz
0.000000000000e+00,-2.845743684842e+03,0.000000000000e+00,0.000000000000e+00,0.000000000000e+00,-9.609375000100e+02
0.000000000000e+00,-5.000000000066e+02,0.000000000000e+00,0.000000000000e+00,0.000000000000e+00,-9.609375000100e+02
0.000000000000e+00,1.845743684829e+03,0.000000000000e+00,0.000000000000e+00,0.000000000000e+00,-9.609375000100e+02
