N,Vy,Vz,T,My,Mz
0.000000000000e+00,-1.396341082827e+03,0.000000000000e+00,0.000000000000e+00,0.000000000000e+00,-3.671875000024e+02
0.000000000000e+00,-5.000000000064e+02,0.000000000000e+00,0.000000000000e+00,0.000000000000e+00,-3.671875000024e+02
0.000000000000e+00,3.963410828138e+02,0.000000000000e+00,0.000000000000e+00,0.000000000000e+00,-3.671875000024e+02
