Local DOF,R_e Value
0,0.000000000000e+00
1,-2.686715851333e-04
2,0.000000000000e+00
3,0.000000000000e+00
4,0.000000000000e+00
5,-9.184285034692e-04
6,0.000000000000e+00
7,-2.979646953207e-04
8,0.000000000000e+00
9,0.000000000000e+00
10,0.000000000000e+00
11,-9.560608140389e-04
