Local DOF,R_e Value
0,0.000000000000e+00
1,-3.764916897392e-05
2,0.000000000000e+00
3,0.000000000000e+00
4,0.000000000000e+00
5,-3.888527073584e-04
6,0.000000000000e+00
7,-5.070509729887e-05
8,0.000000000000e+00
9,0.000000000000e+00
10,0.000000000000e+00
11,-4.463931628020e-04
