Local DOF,R_e Value
0,0.000000000000e+00
1,-8.921143459613e-04
2,0.000000000000e+00
3,0.000000000000e+00
4,0.000000000000e+00
5,-1.364108175081e-03
6,0.000000000000e+00
7,-9.349820976566e-04
8,0.000000000000e+00
9,0.000000000000e+00
10,0.000000000000e+00
11,-1.379256811544e-03
