Local DOF,R_e Value
0,0.000000000000e+00
1,-2.043532079530e-03
2,0.000000000000e+00
3,0.000000000000e+00
4,0.000000000000e+00
5,-1.520075612549e-03
6,0.000000000000e+00
7,-2.091040424437e-03
8,0.000000000000e+00
9,0.000000000000e+00
10,0.000000000000e+00
11,-1.520432358152e-03
