Local DOF,R_e Value
0,0.000000000000e+00
1,-1.882088651429e-04
2,0.000000000000e+00
3,0.000000000000e+00
4,0.000000000000e+00
5,-7.955774993232e-04
6,0.000000000000e+00
7,-2.137414633708e-04
8,0.000000000000e+00
9,0.000000000000e+00
10,0.000000000000e+00
11,-8.382216505605e-04
