Local DOF,R_e Value
0,0.000000000000e+00
1,-4.363063984015e-06
2,0.000000000000e+00
3,0.000000000000e+00
4,0.000000000000e+00
5,-1.381562606271e-04
6,0.000000000000e+00
7,-9.714519939983e-06
8,0.000000000000e+00
9,0.000000000000e+00
10,0.000000000000e+00
11,-2.039801749517e-04
