Local DOF,R_e Value
0,0.000000000000e+00
1,-2.979646953207e-04
2,0.000000000000e+00
3,0.000000000000e+00
4,0.000000000000e+00
5,-9.560608140389e-04
6,0.000000000000e+00
7,-3.284087088789e-04
8,0.000000000000e+00
9,0.000000000000e+00
10,0.000000000000e+00
11,-9.920921199509e-04
