Local DOF,R_e Value
0,0.000000000000e+00
1,-3.284087088789e-04
2,0.000000000000e+00
3,0.000000000000e+00
4,0.000000000000e+00
5,-9.920921199509e-04
6,0.000000000000e+00
7,-3.599541382321e-04
8,0.000000000000e+00
9,0.000000000000e+00
10,0.000000000000e+00
11,-1.026557225654e-03
