Local DOF,R_e Value
0,0.000000000000e+00
1,-4.961983294393e-04
2,0.000000000000e+00
3,0.000000000000e+00
4,0.000000000000e+00
5,-1.149451735363e-03
6,0.000000000000e+00
7,-5.325465914926e-04
8,0.000000000000e+00
9,0.000000000000e+00
10,0.000000000000e+00
11,-1.176607906760e-03
