Local DOF,R_e Value
0,0.000000000000e+00
1,-3.599541382321e-04
2,0.000000000000e+00
3,0.000000000000e+00
4,0.000000000000e+00
5,-1.026557225654e-03
6,0.000000000000e+00
7,-3.925525834432e-04
8,0.000000000000e+00
9,0.000000000000e+00
10,0.000000000000e+00
11,-1.059490935598e-03
