Local DOF,R_e Value
0,0.000000000000e+00
1,-2.642283077696e-05
2,0.000000000000e+00
3,0.000000000000e+00
4,0.000000000000e+00
5,-3.292935938683e-04
6,0.000000000000e+00
7,-3.764916897392e-05
8,0.000000000000e+00
9,0.000000000000e+00
10,0.000000000000e+00
11,-3.888527073584e-04
