Local DOF,R_e Value
0,0.000000000000e+00
1,-5.070509729887e-05
2,0.000000000000e+00
3,0.000000000000e+00
4,0.000000000000e+00
5,-4.463931628020e-04
6,0.000000000000e+00
7,-6.552807650740e-05
8,0.000000000000e+00
9,0.000000000000e+00
10,0.000000000000e+00
11,-5.019497646479e-04
