ε_xx,ε_yy,ε_zz,γ_xy,γ_yz,γ_xz
0.000000000000e+00,0.000000000000e+00,-8.715034049511e-05,-3.263579691486e-06,0.000000000000e+00,0.000000000000e+00
0.000000000000e+00,0.000000000000e+00,-8.715034049511e-05,-2.208792762255e-06,0.000000000000e+00,0.000000000000e+00
0.000000000000e+00,0.000000000000e+00,-8.715034049511e-05,-1.154005833025e-06,0.000000000000e+00,0.000000000000e+00
