ε_xx,ε_yy,ε_zz,γ_xy,γ_yz,γ_xz
0.000000000000e+00,0.000000000000e+00,-3.622447060185e-04,-8.890211340172e-06,0.000000000000e+00,0.000000000000e+00
0.000000000000e+00,0.000000000000e+00,-3.622447060185e-04,-4.505937234979e-06,0.000000000000e+00,0.000000000000e+00
0.000000000000e+00,0.000000000000e+00,-3.622447060185e-04,-1.216631297860e-07,0.000000000000e+00,0.000000000000e+00
