ε_xx,ε_yy,ε_zz,γ_xy,γ_yz,γ_xz
0.000000000000e+00,0.000000000000e+00,-2.118894859957e-04,-6.010230616929e-06,0.000000000000e+00,0.000000000000e+00
0.000000000000e+00,0.000000000000e+00,-2.118894859957e-04,-3.445716709113e-06,0.000000000000e+00,0.000000000000e+00
0.000000000000e+00,0.000000000000e+00,-2.118894859957e-04,-8.812028013117e-07,0.000000000000e+00,0.000000000000e+00
