ε_xx,ε_yy,ε_zz,γ_xy,γ_yz,γ_xz
0.000000000000e+00,0.000000000000e+00,-3.344011467551e-04,-8.376515290058e-06,0.000000000000e+00,0.000000000000e+00
0.000000000000e+00,0.000000000000e+00,-3.344011467551e-04,-4.329233814007e-06,0.000000000000e+00,0.000000000000e+00
0.000000000000e+00,0.000000000000e+00,-3.344011467551e-04,-2.819523379632e-07,0.000000000000e+00,0.000000000000e+00
