ε_xx,ε_yy,ε_zz,γ_xy,γ_yz,γ_xz
0.000000000000e+00,0.000000000000e+00,-5.883344072377e-04,-1.286351543570e-05,0.000000000000e+00,0.000000000000e+00
0.000000000000e+00,0.000000000000e+00,-5.883344072377e-04,-5.742861181855e-06,0.000000000000e+00,0.000000000000e+00
0.000000000000e+00,0.000000000000e+00,-5.883344072377e-04,1.377793071997e-06,0.000000000000e+00,0.000000000000e+00
