ε_xx,ε_yy,ε_zz,γ_xy,γ_yz,γ_xz
0.000000000000e+00,0.000000000000e+00,-4.847563667776e-04,-1.107979259235e-05,0.000000000000e+00,0.000000000000e+00
0.000000000000e+00,0.000000000000e+00,-4.847563667776e-04,-5.212750918918e-06,0.000000000000e+00,0.000000000000e+00
0.000000000000e+00,0.000000000000e+00,-4.847563667776e-04,6.542907545135e-07,0.000000000000e+00,0.000000000000e+00
