ε_xx,ε_yy,ε_zz,γ_xy,γ_yz,γ_xz
0.000000000000e+00,0.000000000000e+00,-6.960889816020e-06,-7.027101307094e-07,0.000000000000e+00,0.000000000000e+00
0.000000000000e+00,0.000000000000e+00,-6.960889816020e-06,-6.184619734118e-07,0.000000000000e+00,0.000000000000e+00
0.000000000000e+00,0.000000000000e+00,-6.960889816020e-06,-5.342138161279e-07,0.000000000000e+00,0.000000000000e+00
