ε_xx,ε_yy,ε_zz,γ_xy,γ_yz,γ_xz
0.000000000000e+00,0.000000000000e+00,-1.477100818925e-03,-2.697768515657e-05,0.000000000000e+00,0.000000000000e+00
0.000000000000e+00,0.000000000000e+00,-1.477100818925e-03,-9.100226180437e-06,0.000000000000e+00,0.000000000000e+00
0.000000000000e+00,0.000000000000e+00,-1.477100818925e-03,8.777232795701e-06,0.000000000000e+00,0.000000000000e+00
