ε_xx,ε_yy,ε_zz,γ_xy,γ_yz,γ_xz
0.000000000000e+00,0.000000000000e+00,-5.181686378938e-04,-1.166088716830e-05,0.000000000000e+00,0.000000000000e+00
0.000000000000e+00,0.000000000000e+00,-5.181686378938e-04,-5.389454339894e-06,0.000000000000e+00,0.000000000000e+00
0.000000000000e+00,0.000000000000e+00,-5.181686378938e-04,8.819784885102e-07,0.000000000000e+00,0.000000000000e+00
