ε_xx,ε_yy,ε_zz,γ_xy,γ_yz,γ_xz
0.000000000000e+00,0.000000000000e+00,-8.689974846129e-04,-1.749732508433e-05,0.000000000000e+00,0.000000000000e+00
0.000000000000e+00,0.000000000000e+00,-8.689974846129e-04,-6.979785128702e-06,0.000000000000e+00,0.000000000000e+00
0.000000000000e+00,0.000000000000e+00,-8.689974846129e-04,3.537754826928e-06,0.000000000000e+00,0.000000000000e+00
