ε_xx,ε_yy,ε_zz,γ_xy,γ_yz,γ_xz
0.000000000000e+00,0.000000000000e+00,-1.777811258968e-03,-3.150072265622e-05,0.000000000000e+00,0.000000000000e+00
0.000000000000e+00,0.000000000000e+00,-1.777811258968e-03,-9.983743285328e-06,0.000000000000e+00,0.000000000000e+00
0.000000000000e+00,0.000000000000e+00,-1.777811258968e-03,1.153323608556e-05,0.000000000000e+00,0.000000000000e+00
