ε_xx,ε_yy,ε_zz,γ_xy,γ_yz,γ_xz
0.000000000000e+00,0.000000000000e+00,-4.524578380320e-04,-1.051217772156e-05,0.000000000000e+00,0.000000000000e+00
0.000000000000e+00,0.000000000000e+00,-4.524578380320e-04,-5.036047497933e-06,0.000000000000e+00,0.000000000000e+00
0.000000000000e+00,0.000000000000e+00,-4.524578380320e-04,4.400827256917e-07,0.000000000000e+00,0.000000000000e+00
