ε_xx,ε_yy,ε_zz,γ_xy,γ_yz,γ_xz
0.000000000000e+00,0.000000000000e+00,-1.420299958027e-03,-2.611351677214e-05,0.000000000000e+00,0.000000000000e+00
0.000000000000e+00,0.000000000000e+00,-1.420299958027e-03,-8.923522759458e-06,0.000000000000e+00,0.000000000000e+00
0.000000000000e+00,0.000000000000e+00,-1.420299958027e-03,8.266471253226e-06,0.000000000000e+00,0.000000000000e+00
