ε_xx,ε_yy,ε_zz,γ_xy,γ_yz,γ_xz
0.000000000000e+00,0.000000000000e+00,-1.016289913122e-04,-3.615519279632e-06,0.000000000000e+00,0.000000000000e+00
0.000000000000e+00,0.000000000000e+00,-1.016289913122e-04,-2.385496183241e-06,0.000000000000e+00,0.000000000000e+00
0.000000000000e+00,0.000000000000e+00,-1.016289913122e-04,-1.155473086850e-06,0.000000000000e+00,0.000000000000e+00
