ε_xx,ε_yy,ε_zz,γ_xy,γ_yz,γ_xz
0.000000000000e+00,0.000000000000e+00,-9.592106166263e-04,-1.894258804471e-05,0.000000000000e+00,0.000000000000e+00
0.000000000000e+00,0.000000000000e+00,-9.592106166263e-04,-7.333191970651e-06,0.000000000000e+00,0.000000000000e+00
0.000000000000e+00,0.000000000000e+00,-9.592106166263e-04,4.276204103407e-06,0.000000000000e+00,0.000000000000e+00
