ε_xx,ε_yy,ε_zz,γ_xy,γ_yz,γ_xz
0.000000000000e+00,0.000000000000e+00,-1.907283809555e-04,-5.577412797789e-06,0.000000000000e+00,0.000000000000e+00
0.000000000000e+00,0.000000000000e+00,-1.907283809555e-04,-3.269013288128e-06,0.000000000000e+00,0.000000000000e+00
0.000000000000e+00,0.000000000000e+00,-1.907283809555e-04,-9.606137784807e-07,0.000000000000e+00,0.000000000000e+00
