ε_xx,ε_yy,ε_zz,γ_xy,γ_yz,γ_xz
0.000000000000e+00,0.000000000000e+00,-5.039684226733e-05,-2.288639158063e-06,0.000000000000e+00,0.000000000000e+00
0.000000000000e+00,0.000000000000e+00,-5.039684226733e-05,-1.678682499305e-06,0.000000000000e+00,0.000000000000e+00
0.000000000000e+00,0.000000000000e+00,-5.039684226733e-05,-1.068725840547e-06,0.000000000000e+00,0.000000000000e+00
