ε_xx,ε_yy,ε_zz,γ_xy,γ_yz,γ_xz
0.000000000000e+00,0.000000000000e+00,-1.905891631580e-03,-3.340429559223e-05,0.000000000000e+00,0.000000000000e+00
0.000000000000e+00,0.000000000000e+00,-1.905891631580e-03,-1.033715012728e-05,0.000000000000e+00,0.000000000000e+00
0.000000000000e+00,0.000000000000e+00,-1.905891631580e-03,1.272999533766e-05,0.000000000000e+00,0.000000000000e+00
