ε_xx,ε_yy,ε_zz,γ_xy,γ_yz,γ_xz
0.000000000000e+00,0.000000000000e+00,-1.310039463345e-03,-2.442561911878e-05,0.000000000000e+00,0.000000000000e+00
0.000000000000e+00,0.000000000000e+00,-1.310039463345e-03,-8.570115917502e-06,0.000000000000e+00,0.000000000000e+00
0.000000000000e+00,0.000000000000e+00,-1.310039463345e-03,7.285387283773e-06,0.000000000000e+00,0.000000000000e+00
