ε_xx,ε_yy,ε_zz,γ_xy,γ_yz,γ_xz
0.000000000000e+00,0.000000000000e+00,-3.076713298621e-04,-7.876298945109e-06,0.000000000000e+00,0.000000000000e+00
0.000000000000e+00,0.000000000000e+00,-3.076713298621e-04,-4.152530393035e-06,0.000000000000e+00,0.000000000000e+00
0.000000000000e+00,0.000000000000e+00,-3.076713298621e-04,-4.287618409760e-07,0.000000000000e+00,0.000000000000e+00
