ε_xx,ε_yy,ε_zz,γ_xy,γ_yz,γ_xz
0.000000000000e+00,0.000000000000e+00,-1.698457115096e-05,-1.177434319197e-06,0.000000000000e+00,0.000000000000e+00
0.000000000000e+00,0.000000000000e+00,-1.698457115096e-05,-9.718688154109e-07,0.000000000000e+00,0.000000000000e+00
0.000000000000e+00,0.000000000000e+00,-1.698457115096e-05,-7.663033116251e-07,0.000000000000e+00,0.000000000000e+00
