ε_xx,ε_yy,ε_zz,γ_xy,γ_yz,γ_xz
0.000000000000e+00,0.000000000000e+00,-1.535015422192e-03,-2.785533324617e-05,0.000000000000e+00,0.000000000000e+00
0.000000000000e+00,0.000000000000e+00,-1.535015422192e-03,-9.276929601416e-06,0.000000000000e+00,0.000000000000e+00
0.000000000000e+00,0.000000000000e+00,-1.535015422192e-03,9.301474043341e-06,0.000000000000e+00,0.000000000000e+00
