ε_xx,ε_yy,ε_zz,γ_xy,γ_yz,γ_xz
0.000000000000e+00,0.000000000000e+00,-5.526946513804e-04,-1.225546144943e-05,0.000000000000e+00,0.000000000000e+00
0.000000000000e+00,0.000000000000e+00,-5.526946513804e-04,-5.566157760879e-06,0.000000000000e+00,0.000000000000e+00
0.000000000000e+00,0.000000000000e+00,-5.526946513804e-04,1.123145927664e-06,0.000000000000e+00,0.000000000000e+00
