ε_xx,ε_yy,ε_zz,γ_xy,γ_yz,γ_xz
0.000000000000e+00,0.000000000000e+00,-2.106365258275e-03,-3.636075278500e-05,0.000000000000e+00,0.000000000000e+00
0.000000000000e+00,0.000000000000e+00,-2.106365258275e-03,-1.086726039022e-05,0.000000000000e+00,0.000000000000e+00
0.000000000000e+00,0.000000000000e+00,-2.106365258275e-03,1.462623200456e-05,0.000000000000e+00,0.000000000000e+00
