ε_xx,ε_yy,ε_zz,γ_xy,γ_yz,γ_xz
0.000000000000e+00,0.000000000000e+00,-1.153001789099e-03,-2.199487042747e-05,0.000000000000e+00,0.000000000000e+00
0.000000000000e+00,0.000000000000e+00,-1.153001789099e-03,-8.040005654568e-06,0.000000000000e+00,0.000000000000e+00
0.000000000000e+00,0.000000000000e+00,-1.153001789099e-03,5.914859118333e-06,0.000000000000e+00,0.000000000000e+00
