ε_xx,ε_yy,ε_zz,γ_xy,γ_yz,γ_xz
0.000000000000e+00,0.000000000000e+00,-1.339275200579e-04,-4.359837571397e-06,0.000000000000e+00,0.000000000000e+00
0.000000000000e+00,0.000000000000e+00,-1.339275200579e-04,-2.738903025198e-06,0.000000000000e+00,0.000000000000e+00
0.000000000000e+00,0.000000000000e+00,-1.339275200579e-04,-1.117968479000e-06,0.000000000000e+00,0.000000000000e+00
