ε_xx,ε_yy,ε_zz,γ_xy,γ_yz,γ_xz
0.000000000000e+00,0.000000000000e+00,-1.005987796189e-03,-1.968543908265e-05,0.000000000000e+00,0.000000000000e+00
0.000000000000e+00,0.000000000000e+00,-1.005987796189e-03,-7.509895391632e-06,0.000000000000e+00,0.000000000000e+00
0.000000000000e+00,0.000000000000e+00,-1.005987796189e-03,4.665648299389e-06,0.000000000000e+00,0.000000000000e+00
