ε_xx,ε_yy,ε_zz,γ_xy,γ_yz,γ_xz
0.000000000000e+00,0.000000000000e+00,-2.038426973673e-03,-3.536178734891e-05,0.000000000000e+00,0.000000000000e+00
0.000000000000e+00,0.000000000000e+00,-2.038426973673e-03,-1.069055696924e-05,0.000000000000e+00,0.000000000000e+00
0.000000000000e+00,0.000000000000e+00,-2.038426973673e-03,1.398067341043e-05,0.000000000000e+00,0.000000000000e+00
