ε_xx,ε_yy,ε_zz,γ_xy,γ_yz,γ_xz
0.000000000000e+00,0.000000000000e+00,-9.135471794343e-04,-1.821321671194e-05,0.000000000000e+00,0.000000000000e+00
0.000000000000e+00,0.000000000000e+00,-9.135471794343e-04,-7.156488549672e-06,0.000000000000e+00,0.000000000000e+00
0.000000000000e+00,0.000000000000e+00,-9.135471794343e-04,3.900239612590e-06,0.000000000000e+00,0.000000000000e+00
