ε_xx,ε_yy,ε_zz,γ_xy,γ_yz,γ_xz
0.000000000000e+00,0.000000000000e+00,-6.153426597268e-05,-2.600139630701e-06,0.000000000000e+00,0.000000000000e+00
0.000000000000e+00,0.000000000000e+00,-6.153426597268e-05,-1.855385920284e-06,0.000000000000e+00,0.000000000000e+00
0.000000000000e+00,0.000000000000e+00,-6.153426597268e-05,-1.110632209873e-06,0.000000000000e+00,0.000000000000e+00
