ε_xx,ε_yy,ε_zz,γ_xy,γ_yz,γ_xz
0.000000000000e+00,0.000000000000e+00,-2.366702537430e-05,-1.435015971163e-06,0.000000000000e+00,0.000000000000e+00
0.000000000000e+00,0.000000000000e+00,-2.366702537430e-05,-1.148572236390e-06,0.000000000000e+00,0.000000000000e+00
0.000000000000e+00,0.000000000000e+00,-2.366702537430e-05,-8.621285016025e-07,0.000000000000e+00,0.000000000000e+00
