ε_xx,ε_yy,ε_zz,γ_xy,γ_yz,γ_xz
0.000000000000e+00,0.000000000000e+00,-1.971602431441e-03,-3.437630161799e-05,0.000000000000e+00,0.000000000000e+00
0.000000000000e+00,0.000000000000e+00,-1.971602431441e-03,-1.051385354826e-05,0.000000000000e+00,0.000000000000e+00
0.000000000000e+00,0.000000000000e+00,-1.971602431441e-03,1.334859452147e-05,0.000000000000e+00,0.000000000000e+00
