ε_xx,ε_yy,ε_zz,γ_xy,γ_yz,γ_xz
0.000000000000e+00,0.000000000000e+00,-1.392177963189e-06,-2.819047629360e-07,0.000000000000e+00,0.000000000000e+00
0.000000000000e+00,0.000000000000e+00,-1.392177963189e-06,-2.650551314681e-07,0.000000000000e+00,0.000000000000e+00
0.000000000000e+00,0.000000000000e+00,-1.392177963189e-06,-2.482055000280e-07,0.000000000000e+00,0.000000000000e+00
