ε_xx,ε_yy,ε_zz,γ_xy,γ_yz,γ_xz
0.000000000000e+00,0.000000000000e+00,-7.832393220817e-04,-1.610598094461e-05,0.000000000000e+00,0.000000000000e+00
0.000000000000e+00,0.000000000000e+00,-7.832393220817e-04,-6.626378286741e-06,0.000000000000e+00,0.000000000000e+00
0.000000000000e+00,0.000000000000e+00,-7.832393220817e-04,2.853224371123e-06,0.000000000000e+00,0.000000000000e+00
