ε_xx,ε_yy,ε_zz,γ_xy,γ_yz,γ_xz
0.000000000000e+00,0.000000000000e+00,-2.341643334065e-04,-6.456528141220e-06,0.000000000000e+00,0.000000000000e+00
0.000000000000e+00,0.000000000000e+00,-2.341643334065e-04,-3.622420130099e-06,0.000000000000e+00,0.000000000000e+00
0.000000000000e+00,0.000000000000e+00,-2.341643334065e-04,-7.883121189781e-07,0.000000000000e+00,0.000000000000e+00
