ε_xx,ε_yy,ε_zz,γ_xy,γ_yz,γ_xz
0.000000000000e+00,0.000000000000e+00,-7.420308543718e-04,-1.543052843250e-05,0.000000000000e+00,0.000000000000e+00
0.000000000000e+00,0.000000000000e+00,-7.420308543718e-04,-6.449674865766e-06,0.000000000000e+00,0.000000000000e+00
0.000000000000e+00,0.000000000000e+00,-7.420308543718e-04,2.531178700967e-06,0.000000000000e+00,0.000000000000e+00
