ε_xx,ε_yy,ε_zz,γ_xy,γ_yz,γ_xz
0.000000000000e+00,0.000000000000e+00,-1.517473979866e-04,-4.752216275029e-06,0.000000000000e+00,0.000000000000e+00
0.000000000000e+00,0.000000000000e+00,-1.517473979866e-04,-2.915606446177e-06,0.000000000000e+00,0.000000000000e+00
0.000000000000e+00,0.000000000000e+00,-1.517473979866e-04,-1.078996617325e-06,0.000000000000e+00,0.000000000000e+00
