ε_xx,ε_yy,ε_zz,γ_xy,γ_yz,γ_xz
0.000000000000e+00,0.000000000000e+00,-2.175417285248e-03,-3.737319792626e-05,0.000000000000e+00,0.000000000000e+00
0.000000000000e+00,0.000000000000e+00,-2.175417285248e-03,-1.104396381120e-05,0.000000000000e+00,0.000000000000e+00
0.000000000000e+00,0.000000000000e+00,-2.175417285248e-03,1.528527030386e-05,0.000000000000e+00,0.000000000000e+00
