ε_xx,ε_yy,ε_zz,γ_xy,γ_yz,γ_xz
0.000000000000e+00,0.000000000000e+00,-1.654185855839e-03,-2.965106854086e-05,0.000000000000e+00,0.000000000000e+00
0.000000000000e+00,0.000000000000e+00,-1.654185855839e-03,-9.630336443372e-06,0.000000000000e+00,0.000000000000e+00
0.000000000000e+00,0.000000000000e+00,-1.654185855839e-03,1.039039565412e-05,0.000000000000e+00,0.000000000000e+00
