ε_xx,ε_yy,ε_zz,γ_xy,γ_yz,γ_xz
0.000000000000e+00,0.000000000000e+00,-1.102883382425e-03,-2.121158027403e-05,0.000000000000e+00,0.000000000000e+00
0.000000000000e+00,0.000000000000e+00,-1.102883382425e-03,-7.863302233589e-06,0.000000000000e+00,0.000000000000e+00
0.000000000000e+00,0.000000000000e+00,-1.102883382425e-03,5.484975806854e-06,0.000000000000e+00,0.000000000000e+00
