N,Vy,Vz,T,My,Mz
0.000000000000e+00,-1.345549559577e+03,0.000000000000e+00,0.000000000000e+00,0.000000000000e+00,-3.125000000000e+01
0.000000000000e+00,-1.250000000001e+02,0.000000000000e+00,0.000000000000e+00,0.000000000000e+00,-3.125000000000e+01
0.000000000000e+00,1.095549559577e+03,0.000000000000e+00,0.000000000000e+00,0.000000000000e+00,-3.125000000000e+01
