N,Vy,Vz,T,My,Mz
0.000000000000e+00,-3.138873898942e+04,0.000000000000e+00,0.000000000000e+00,0.000000000000e+00,-7.812500000002e+02
0.000000000000e+00,-8.750000000001e+02,0.000000000000e+00,0.000000000000e+00,0.000000000000e+00,-7.812500000002e+02
0.000000000000e+00,2.963873898942e+04,0.000000000000e+00,0.000000000000e+00,0.000000000000e+00,-7.812500000002e+02
