ε_xx,ε_yy,ε_zz,γ_xy,γ_yz,γ_xz
0.000000000000e+00,0.000000000000e+00,-1.026956297778e-15,-3.122502256758e-17,0.000000000000e+00,0.000000000000e+00
0.000000000000e+00,0.000000000000e+00,-1.026956297778e-15,-1.734723475977e-17,0.000000000000e+00,0.000000000000e+00
0.000000000000e+00,0.000000000000e+00,-1.026956297778e-15,-3.469446951954e-18,0.000000000000e+00,0.000000000000e+00
