ε_xx,ε_yy,ε_zz,γ_xy,γ_yz,γ_xz
0.000000000000e+00,0.000000000000e+00,-7.306149950715e-04,-1.449719606008e-05,0.000000000000e+00,0.000000000000e+00
0.000000000000e+00,0.000000000000e+00,-7.306149950715e-04,-5.654509471329e-06,0.000000000000e+00,0.000000000000e+00
0.000000000000e+00,0.000000000000e+00,-7.306149950715e-04,3.188177117425e-06,0.000000000000e+00,0.000000000000e+00
