ε_xx,ε_yy,ε_zz,γ_xy,γ_yz,γ_xz
0.000000000000e+00,0.000000000000e+00,-1.249000902703e-16,-6.938893903907e-18,0.000000000000e+00,0.000000000000e+00
0.000000000000e+00,0.000000000000e+00,-1.249000902703e-16,-6.938893903907e-18,0.000000000000e+00,0.000000000000e+00
0.000000000000e+00,0.000000000000e+00,-1.249000902703e-16,-3.469446951954e-18,0.000000000000e+00,0.000000000000e+00
