ε_xx,ε_yy,ε_zz,γ_xy,γ_yz,γ_xz
0.000000000000e+00,0.000000000000e+00,-1.314920394790e-15,-2.775557561563e-17,0.000000000000e+00,0.000000000000e+00
0.000000000000e+00,0.000000000000e+00,-1.314920394790e-15,-1.387778780781e-17,0.000000000000e+00,0.000000000000e+00
0.000000000000e+00,0.000000000000e+00,-1.314920394790e-15,6.938893903907e-18,0.000000000000e+00,0.000000000000e+00
