ε_xx,ε_yy,ε_zz,γ_xy,γ_yz,γ_xz
0.000000000000e+00,0.000000000000e+00,-6.593354833575e-04,-1.363449492948e-05,0.000000000000e+00,0.000000000000e+00
0.000000000000e+00,0.000000000000e+00,-6.593354833575e-04,-5.654509471329e-06,0.000000000000e+00,0.000000000000e+00
0.000000000000e+00,0.000000000000e+00,-6.593354833575e-04,2.325475986819e-06,0.000000000000e+00,0.000000000000e+00
