ε_xx,ε_yy,ε_zz,γ_xy,γ_yz,γ_xz
0.000000000000e+00,0.000000000000e+00,-2.216976602298e-15,-4.510281037540e-17,0.000000000000e+00,0.000000000000e+00
0.000000000000e+00,0.000000000000e+00,-2.216976602298e-15,-2.081668171172e-17,0.000000000000e+00,0.000000000000e+00
0.000000000000e+00,0.000000000000e+00,-2.216976602298e-15,6.938893903907e-18,0.000000000000e+00,0.000000000000e+00
