ε_xx,ε_yy,ε_zz,γ_xy,γ_yz,γ_xz
0.000000000000e+00,0.000000000000e+00,-6.591949208712e-17,-1.040834085586e-17,0.000000000000e+00,0.000000000000e+00
0.000000000000e+00,0.000000000000e+00,-6.591949208712e-17,-1.040834085586e-17,0.000000000000e+00,0.000000000000e+00
0.000000000000e+00,0.000000000000e+00,-6.591949208712e-17,-1.040834085586e-17,0.000000000000e+00,0.000000000000e+00
