ε_xx,ε_yy,ε_zz,γ_xy,γ_yz,γ_xz
0.000000000000e+00,0.000000000000e+00,-3.029379247875e-04,-9.320989276442e-06,0.000000000000e+00,0.000000000000e+00
0.000000000000e+00,0.000000000000e+00,-3.029379247875e-04,-5.654509471328e-06,0.000000000000e+00,0.000000000000e+00
0.000000000000e+00,0.000000000000e+00,-3.029379247875e-04,-1.988029666213e-06,0.000000000000e+00,0.000000000000e+00
