ε_xx,ε_yy,ε_zz,γ_xy,γ_yz,γ_xz
0.000000000000e+00,0.000000000000e+00,-9.088137743564e-04,-1.665394888660e-05,0.000000000000e+00,0.000000000000e+00
0.000000000000e+00,0.000000000000e+00,-9.088137743564e-04,-5.654509471329e-06,0.000000000000e+00,0.000000000000e+00
0.000000000000e+00,0.000000000000e+00,-9.088137743564e-04,5.344929943941e-06,0.000000000000e+00,0.000000000000e+00
