ε_xx,ε_yy,ε_zz,γ_xy,γ_yz,γ_xz
0.000000000000e+00,0.000000000000e+00,-2.768618667659e-15,-5.898059818321e-17,0.000000000000e+00,0.000000000000e+00
0.000000000000e+00,0.000000000000e+00,-2.768618667659e-15,-2.602085213965e-17,0.000000000000e+00,0.000000000000e+00
0.000000000000e+00,0.000000000000e+00,-2.768618667659e-15,8.673617379884e-18,0.000000000000e+00,0.000000000000e+00
