ε_xx,ε_yy,ε_zz,γ_xy,γ_yz,γ_xz
0.000000000000e+00,0.000000000000e+00,-2.672981689305e-04,-8.889638711139e-06,0.000000000000e+00,0.000000000000e+00
0.000000000000e+00,0.000000000000e+00,-2.672981689305e-04,-5.654509471327e-06,0.000000000000e+00,0.000000000000e+00
0.000000000000e+00,0.000000000000e+00,-2.672981689305e-04,-2.419380231516e-06,0.000000000000e+00,0.000000000000e+00
