ε_xx,ε_yy,ε_zz,γ_xy,γ_yz,γ_xz
0.000000000000e+00,0.000000000000e+00,-1.828398543680e-15,-3.816391647149e-17,0.000000000000e+00,0.000000000000e+00
0.000000000000e+00,0.000000000000e+00,-1.828398543680e-15,-1.734723475977e-17,0.000000000000e+00,0.000000000000e+00
0.000000000000e+00,0.000000000000e+00,-1.828398543680e-15,6.938893903907e-18,0.000000000000e+00,0.000000000000e+00
