Local DOF,R_e Value
0,0.000000000000e+00
1,-1.097465223062e-04
2,0.000000000000e+00
3,0.000000000000e+00
4,0.000000000000e+00
5,-4.276770702820e-04
6,0.000000000000e+00
7,-3.620520680397e-04
8,0.000000000000e+00
9,0.000000000000e+00
10,0.000000000000e+00
11,-5.702360937094e-04
