N,Vy,Vz,T,My,Mz
0.000000000000e+00,-8.051373898946e+02,0.000000000000e+00,0.000000000000e+00,0.000000000000e+00,-3.125000000002e+01
0.000000000000e+00,-5.000000000002e+02,0.000000000000e+00,0.000000000000e+00,0.000000000000e+00,-3.125000000002e+01
0.000000000000e+00,-1.948626101062e+02,0.000000000000e+00,0.000000000000e+00,0.000000000000e+00,-3.125000000002e+01
