N,Vy,Vz,T,My,Mz
0.000000000000e+00,-3.856511288837e+03,0.000000000000e+00,0.000000000000e+00,0.000000000000e+00,-3.437500000001e+02
0.000000000000e+00,-5.000000000004e+02,0.000000000000e+00,0.000000000000e+00,0.000000000000e+00,-3.437500000001e+02
0.000000000000e+00,2.856511288836e+03,0.000000000000e+00,0.000000000000e+00,0.000000000000e+00,-3.437500000001e+02
