N,Vy,Vz,T,My,Mz
0.000000000000e+00,-8.738709527150e+03,0.000000000000e+00,0.000000000000e+00,0.000000000000e+00,-8.437500000007e+02
0.000000000000e+00,-5.000000000007e+02,0.000000000000e+00,0.000000000000e+00,0.000000000000e+00,-8.437500000007e+02
0.000000000000e+00,7.738709527149e+03,0.000000000000e+00,0.000000000000e+00,0.000000000000e+00,-8.437500000007e+02
