N,Vy,Vz,T,My,Mz
0.000000000000e+00,-7.518159967572e+03,0.000000000000e+00,0.000000000000e+00,0.000000000000e+00,-7.187500000005e+02
0.000000000000e+00,-5.000000000006e+02,0.000000000000e+00,0.000000000000e+00,0.000000000000e+00,-7.187500000005e+02
0.000000000000e+00,6.518159967570e+03,0.000000000000e+00,0.000000000000e+00,0.000000000000e+00,-7.187500000005e+02
