Local DOF,R_e Value
0,0.000000000000e+00
1,-1.273626275273e-04
2,0.000000000000e+00
3,0.000000000000e+00
4,0.000000000000e+00
5,-4.778697264471e-04
6,0.000000000000e+00
7,-4.471304370206e-04
8,0.000000000000e+00
9,0.000000000000e+00
10,0.000000000000e+00
11,-7.713037163351e-04
