Local DOF,R_e Value
0,0.000000000000e+00
1,-4.471304370206e-04
2,0.000000000000e+00
3,0.000000000000e+00
4,0.000000000000e+00
5,-7.713037163351e-04
6,0.000000000000e+00
7,-8.718375276479e-04
8,0.000000000000e+00
9,0.000000000000e+00
10,0.000000000000e+00
11,-9.037648089363e-04
