Local DOF,R_e Value
0,0.000000000000e+00
1,-8.718375276479e-04
2,0.000000000000e+00
3,0.000000000000e+00
4,0.000000000000e+00
5,-9.037648089363e-04
6,0.000000000000e+00
7,-1.333916862264e-03
8,0.000000000000e+00
9,0.000000000000e+00
10,0.000000000000e+00
11,-9.343555993801e-04
