element_id,total_strain_energy
0,8.793948100760e-01
1,2.950441514844e-01
2,5.258151021147e-02
3,2.471239491375e-03
