Local DOF,R_e Value
0,0.000000000000e+00
1,-1.159657685722e-03
2,0.000000000000e+00
3,0.000000000000e+00
4,0.000000000000e+00
5,-1.447865081684e-03
6,0.000000000000e+00
7,-1.529746798656e-03
8,0.000000000000e+00
9,0.000000000000e+00
10,0.000000000000e+00
11,-1.505779684951e-03
