Local DOF,R_e Value
0,0.000000000000e+00
1,-2.410610783389e-04
2,0.000000000000e+00
3,0.000000000000e+00
4,0.000000000000e+00
5,-8.820839574567e-04
6,0.000000000000e+00
7,-4.974949476349e-04
8,0.000000000000e+00
9,0.000000000000e+00
10,0.000000000000e+00
11,-1.153837095865e-03
