element_id,total_strain_energy
0,1.729145357954e-01
1,5.926547995094e-02
2,1.126875249312e-02
3,6.352972105210e-04
