Local DOF,R_e Value
0,0.000000000000e+00
1,-8.843972398152e-04
2,0.000000000000e+00
3,0.000000000000e+00
4,0.000000000000e+00
5,-5.702360937084e-04
6,-0.000000000000e+00
7,-9.200369956720e-04
8,-0.000000000000e+00
9,-0.000000000000e+00
10,-0.000000000000e+00
11,-5.702360937084e-04
