Local DOF,R_e Value
0,0.000000000000e+00
1,-3.399059170568e-05
2,0.000000000000e+00
3,0.000000000000e+00
4,0.000000000000e+00
5,-2.494782909976e-04
6,0.000000000000e+00
7,-5.153739639262e-05
8,0.000000000000e+00
9,0.000000000000e+00
10,0.000000000000e+00
11,-3.007104400418e-04
