Local DOF,R_e Value
0,0.000000000000e+00
1,-1.495681744035e-04
2,0.000000000000e+00
3,0.000000000000e+00
4,0.000000000000e+00
5,-4.610893413973e-04
6,0.000000000000e+00
7,-1.796445807588e-04
8,0.000000000000e+00
9,0.000000000000e+00
10,0.000000000000e+00
11,-4.900466430310e-04
