Local DOF,R_e Value
0,0.000000000000e+00
1,-9.199099259166e-06
2,0.000000000000e+00
3,0.000000000000e+00
4,0.000000000000e+00
5,-1.336490844630e-04
6,0.000000000000e+00
7,-1.978501413032e-05
8,0.000000000000e+00
9,0.000000000000e+00
10,0.000000000000e+00
11,-1.937911724714e-04
