Local DOF,R_e Value
0,0.000000000000e+00
1,-9.554094473069e-05
2,0.000000000000e+00
3,0.000000000000e+00
4,0.000000000000e+00
5,-3.898098296837e-04
6,0.000000000000e+00
7,-1.214408171966e-04
8,0.000000000000e+00
9,0.000000000000e+00
10,0.000000000000e+00
11,-4.276770702816e-04
