N,Vy,Vz,T,My,Mz
0.000000000000e+00,-9.994190391771e+03,0.000000000000e+00,0.000000000000e+00,0.000000000000e+00,-4.765625000000e+02
0.000000000000e+00,-6.874999999999e+02,0.000000000000e+00,0.000000000000e+00,0.000000000000e+00,-4.765625000000e+02
0.000000000000e+00,8.619190391772e+03,0.000000000000e+00,0.000000000000e+00,0.000000000000e+00,-4.765625000000e+02
