N,Vy,Vz,T,My,Mz
0.000000000000e+00,-1.817776252902e+04,0.000000000000e+00,0.000000000000e+00,0.000000000000e+00,-8.828124999999e+02
0.000000000000e+00,-9.374999999999e+02,0.000000000000e+00,0.000000000000e+00,0.000000000000e+00,-8.828124999999e+02
0.000000000000e+00,1.630276252902e+04,0.000000000000e+00,0.000000000000e+00,0.000000000000e+00,-8.828124999999e+02
