Local DOF,U_e Value
0,0.000000000000e+00
1,5.001464843811e+02
2,0.000000000000e+00
3,0.000000000000e+00
4,0.000000000000e+00
5,6.666992187621e+02
6,0.000000000000e+00
7,3.417968750000e-01
8,0.000000000000e+00
9,0.000000000000e+00
10,0.000000000000e+00
11,0.000000000000e+00
