N,Vy,Vz,T,My,Mz
0.000000000000e+00,3.834823084081e-11,0.000000000000e+00,0.000000000000e+00,0.000000000000e+00,0.000000000000e+00
0.000000000000e+00,0.000000000000e+00,0.000000000000e+00,0.000000000000e+00,0.000000000000e+00,0.000000000000e+00
0.000000000000e+00,3.834823084081e-11,0.000000000000e+00,0.000000000000e+00,0.000000000000e+00,0.000000000000e+00
