N,Vy,Vz,T,My,Mz
0.000000000000e+00,1.533929233632e-10,0.000000000000e+00,0.000000000000e+00,0.000000000000e+00,5.323700334736e-12
0.000000000000e+00,3.834823084081e-11,0.000000000000e+00,0.000000000000e+00,0.000000000000e+00,5.323700334736e-12
0.000000000000e+00,-3.834823084081e-11,0.000000000000e+00,0.000000000000e+00,0.000000000000e+00,5.323700334736e-12
