N,Vy,Vz,T,My,Mz
0.000000000000e+00,-4.466786068627e+03,0.000000000000e+00,0.000000000000e+00,0.000000000000e+00,-4.062500000003e+02
0.000000000000e+00,-5.000000000002e+02,0.000000000000e+00,0.000000000000e+00,0.000000000000e+00,-4.062500000003e+02
0.000000000000e+00,3.466786068627e+03,0.000000000000e+00,0.000000000000e+00,0.000000000000e+00,-4.062500000003e+02
