N,Vy,Vz,T,My,Mz
0.000000000000e+00,-2.635961729261e+03,0.000000000000e+00,0.000000000000e+00,0.000000000000e+00,-2.187500000002e+02
0.000000000000e+00,-5.000000000002e+02,0.000000000000e+00,0.000000000000e+00,0.000000000000e+00,-2.187500000002e+02
0.000000000000e+00,1.635961729261e+03,0.000000000000e+00,0.000000000000e+00,0.000000000000e+00,-2.187500000002e+02
