N,Vy,Vz,T,My,Mz
0.000000000000e+00,-2.025686949473e+03,0.000000000000e+00,0.000000000000e+00,0.000000000000e+00,-1.562500000001e+02
0.000000000000e+00,-5.000000000002e+02,0.000000000000e+00,0.000000000000e+00,0.000000000000e+00,-1.562500000001e+02
0.000000000000e+00,1.025686949472e+03,0.000000000000e+00,0.000000000000e+00,0.000000000000e+00,-1.562500000001e+02
