N,Vy,Vz,T,My,Mz
0.000000000000e+00,-9.203575401795e-10,0.000000000000e+00,0.000000000000e+00,0.000000000000e+00,-6.768704711307e-11
0.000000000000e+00,-2.300893850449e-10,0.000000000000e+00,0.000000000000e+00,0.000000000000e+00,-6.768704711307e-11
0.000000000000e+00,4.218305392489e-10,0.000000000000e+00,0.000000000000e+00,0.000000000000e+00,-6.768704711307e-11
