Local DOF,R_e Value
0,0.000000000000e+00
1,-3.560682816918e-05
2,0.000000000000e+00
3,0.000000000000e+00
4,0.000000000000e+00
5,-3.054065481644e-04
6,0.000000000000e+00
7,-4.593763962677e-05
8,0.000000000000e+00
9,0.000000000000e+00
10,0.000000000000e+00
11,-3.446119020022e-04
