Local DOF,R_e Value
0,0.000000000000e+00
1,-9.899243028768e-05
2,0.000000000000e+00
3,0.000000000000e+00
4,0.000000000000e+00
5,-4.905197660157e-04
6,0.000000000000e+00
7,-1.150188784939e-04
8,0.000000000000e+00
9,0.000000000000e+00
10,0.000000000000e+00
11,-5.242955351605e-04
