Local DOF,R_e Value
0,0.000000000000e+00
1,-6.421289884821e-04
2,0.000000000000e+00
3,0.000000000000e+00
4,0.000000000000e+00
5,-1.002232269241e-03
6,0.000000000000e+00
7,-6.737744077408e-04
8,0.000000000000e+00
9,0.000000000000e+00
10,0.000000000000e+00
11,-1.015052043940e-03
