Local DOF,R_e Value
0,0.000000000000e+00
1,-8.039714071303e-04
2,0.000000000000e+00
3,0.000000000000e+00
4,0.000000000000e+00
5,-1.058721294963e-03
6,0.000000000000e+00
7,-8.373082665065e-04
8,0.000000000000e+00
9,0.000000000000e+00
10,0.000000000000e+00
11,-1.067836752387e-03
