Local DOF,R_e Value
0,0.000000000000e+00
1,-1.217636506377e-03
2,0.000000000000e+00
3,0.000000000000e+00
4,0.000000000000e+00
5,-1.128434062650e-03
6,0.000000000000e+00
7,-1.253002125904e-03
8,0.000000000000e+00
9,0.000000000000e+00
10,0.000000000000e+00
11,-1.130979636490e-03
