Local DOF,R_e Value
0,0.000000000000e+00
1,-9.731577595241e-04
2,0.000000000000e+00
3,0.000000000000e+00
4,0.000000000000e+00
5,-1.097735586878e-03
6,0.000000000000e+00
7,-1.007646207527e-03
8,0.000000000000e+00
9,0.000000000000e+00
10,0.000000000000e+00
11,-1.103683748798e-03
