Local DOF,R_e Value
0,0.000000000000e+00
1,-1.220313864117e-05
2,0.000000000000e+00
3,0.000000000000e+00
4,0.000000000000e+00
5,-1.811749222284e-04
6,0.000000000000e+00
7,-1.870499992580e-05
8,0.000000000000e+00
9,0.000000000000e+00
10,0.000000000000e+00
11,-2.236913211946e-04
