Local DOF,R_e Value
0,0.000000000000e+00
1,-1.691912424039e-04
2,0.000000000000e+00
3,0.000000000000e+00
4,0.000000000000e+00
5,-6.192465587598e-04
6,0.000000000000e+00
7,-1.891693896610e-04
8,0.000000000000e+00
9,0.000000000000e+00
10,0.000000000000e+00
11,-6.487977566245e-04
