Local DOF,R_e Value
0,0.000000000000e+00
1,-2.544100144289e-04
2,0.000000000000e+00
3,0.000000000000e+00
4,0.000000000000e+00
5,-7.312795425216e-04
6,0.000000000000e+00
7,-2.778190419662e-04
8,0.000000000000e+00
9,0.000000000000e+00
10,0.000000000000e+00
11,-7.567497374586e-04
