Local DOF,R_e Value
0,0.000000000000e+00
1,-1.537569014615e-03
2,0.000000000000e+00
3,0.000000000000e+00
4,0.000000000000e+00
5,-1.140188313642e-03
6,0.000000000000e+00
7,-1.573222028722e-03
8,0.000000000000e+00
9,0.000000000000e+00
10,0.000000000000e+00
11,-1.140401717484e-03
