Local DOF,R_e Value
0,0.000000000000e+00
1,-3.525942937144e-04
2,0.000000000000e+00
3,0.000000000000e+00
4,0.000000000000e+00
5,-8.272451973846e-04
6,0.000000000000e+00
7,-3.789335040835e-04
8,0.000000000000e+00
9,0.000000000000e+00
10,0.000000000000e+00
11,-8.488127621953e-04
