Local DOF,R_e Value
0,0.000000000000e+00
1,-3.271073278994e-06
2,0.000000000000e+00
3,0.000000000000e+00
4,0.000000000000e+00
5,-9.281231739428e-05
6,0.000000000000e+00
7,-7.046902531265e-06
8,0.000000000000e+00
9,0.000000000000e+00
10,0.000000000000e+00
11,-1.375492220844e-04
