Local DOF,R_e Value
0,0.000000000000e+00
1,-2.100533721091e-04
2,0.000000000000e+00
3,0.000000000000e+00
4,0.000000000000e+00
5,-6.773138846754e-04
6,0.000000000000e+00
7,-2.318109062363e-04
8,0.000000000000e+00
9,0.000000000000e+00
10,0.000000000000e+00
11,-7.048044597541e-04
