Local DOF,R_e Value
0,0.000000000000e+00
1,-9.104835503376e-07
2,0.000000000000e+00
3,0.000000000000e+00
4,0.000000000000e+00
5,-4.696284860923e-05
6,0.000000000000e+00
7,-3.271073278994e-06
8,0.000000000000e+00
9,0.000000000000e+00
10,0.000000000000e+00
11,-9.281231739428e-05
