Local DOF,R_e Value
0,0.000000000000e+00
1,-9.047734482092e-04
2,0.000000000000e+00
3,0.000000000000e+00
4,0.000000000000e+00
5,-1.084053903563e-03
6,0.000000000000e+00
7,-9.388605707565e-04
8,0.000000000000e+00
9,0.000000000000e+00
10,0.000000000000e+00
11,-1.091200190516e-03
