Local DOF,R_e Value
0,0.000000000000e+00
1,-7.568154942390e-05
2,0.000000000000e+00
3,0.000000000000e+00
4,0.000000000000e+00
5,-3.584858254988e-04
6,0.000000000000e+00
7,-8.136700119926e-05
8,0.000000000000e+00
9,0.000000000000e+00
10,0.000000000000e+00
11,-3.692055958163e-04
