Local DOF,R_e Value
0,0.000000000000e+00
1,-8.538691506407e-06
2,0.000000000000e+00
3,0.000000000000e+00
4,0.000000000000e+00
5,-1.336490844492e-04
6,0.000000000000e+00
7,-1.074804893000e-05
8,0.000000000000e+00
9,0.000000000000e+00
10,0.000000000000e+00
11,-1.491022598392e-04
