Local DOF,R_e Value
0,0.000000000000e+00
1,-5.966062645799e-05
2,0.000000000000e+00
3,0.000000000000e+00
4,0.000000000000e+00
5,-3.246559009913e-04
6,0.000000000000e+00
7,-6.482401149712e-05
8,0.000000000000e+00
9,0.000000000000e+00
10,0.000000000000e+00
11,-3.362109780863e-04
