Local DOF,R_e Value
0,0.000000000000e+00
1,-9.939788109970e-05
2,0.000000000000e+00
3,0.000000000000e+00
4,0.000000000000e+00
5,-3.996942932137e-04
6,0.000000000000e+00
7,-1.057185140709e-04
8,0.000000000000e+00
9,0.000000000000e+00
10,0.000000000000e+00
11,-4.093003211612e-04
