Local DOF,R_e Value
0,0.000000000000e+00
1,-2.574079046467e-04
2,0.000000000000e+00
3,0.000000000000e+00
4,0.000000000000e+00
5,-5.429494056936e-04
6,0.000000000000e+00
7,-2.659212179110e-04
8,0.000000000000e+00
9,0.000000000000e+00
10,0.000000000000e+00
11,-5.467082861994e-04
