Local DOF,R_e Value
0,0.000000000000e+00
1,-4.855220645947e-06
2,0.000000000000e+00
3,0.000000000000e+00
4,0.000000000000e+00
5,-1.019074268919e-04
6,0.000000000000e+00
7,-6.572965226344e-06
8,0.000000000000e+00
9,0.000000000000e+00
10,0.000000000000e+00
11,-1.179174734668e-04
