Local DOF,R_e Value
0,0.000000000000e+00
1,-2.831131655729e-04
2,0.000000000000e+00
3,0.000000000000e+00
4,0.000000000000e+00
5,-5.533907404337e-04
6,0.000000000000e+00
7,-2.917830988582e-04
8,0.000000000000e+00
9,0.000000000000e+00
10,0.000000000000e+00
11,-5.563143141622e-04
