Local DOF,R_e Value
0,0.000000000000e+00
1,-1.394534514331e-04
2,0.000000000000e+00
3,0.000000000000e+00
4,0.000000000000e+00
5,-4.531539270117e-04
6,0.000000000000e+00
7,-1.465963395140e-04
8,0.000000000000e+00
9,0.000000000000e+00
10,0.000000000000e+00
11,-4.610893414043e-04
