Local DOF,R_e Value
0,0.000000000000e+00
1,-2.322508137943e-04
2,0.000000000000e+00
3,0.000000000000e+00
4,0.000000000000e+00
5,-5.300021506215e-04
6,0.000000000000e+00
7,-2.405683520322e-04
8,0.000000000000e+00
9,0.000000000000e+00
10,0.000000000000e+00
11,-5.345963379046e-04
