Local DOF,R_e Value
0,0.000000000000e+00
1,-1.840510023729e-04
2,0.000000000000e+00
3,0.000000000000e+00
4,0.000000000000e+00
5,-4.965898794808e-04
6,0.000000000000e+00
7,-1.918595255426e-04
8,0.000000000000e+00
9,0.000000000000e+00
10,0.000000000000e+00
11,-5.028546803187e-04
