Local DOF,R_e Value
0,0.000000000000e+00
1,-1.763425419942e-04
2,0.000000000000e+00
3,0.000000000000e+00
4,0.000000000000e+00
5,-4.900466430504e-04
6,0.000000000000e+00
7,-1.840510023729e-04
8,0.000000000000e+00
9,0.000000000000e+00
10,0.000000000000e+00
11,-4.965898794808e-04
