Local DOF,R_e Value
0,0.000000000000e+00
1,-1.233382664084e-06
2,0.000000000000e+00
3,0.000000000000e+00
4,0.000000000000e+00
5,-5.220667361217e-05
6,0.000000000000e+00
7,-2.181078808684e-06
8,0.000000000000e+00
9,0.000000000000e+00
10,0.000000000000e+00
11,-6.905202696457e-05
