ε_xx,ε_yy,ε_zz,γ_xy,γ_yz,γ_xz
0.000000000000e+00,0.000000000000e+00,-1.033552919847e-03,-3.067284225875e-05,0.000000000000e+00,0.000000000000e+00
0.000000000000e+00,0.000000000000e+00,-1.033552919847e-03,-5.654509471300e-06,0.000000000000e+00,0.000000000000e+00
0.000000000000e+00,0.000000000000e+00,-1.033552919847e-03,1.936382331615e-05,0.000000000000e+00,0.000000000000e+00
