ε_xx,ε_yy,ε_zz,γ_xy,γ_yz,γ_xz
0.000000000000e+00,0.000000000000e+00,-7.484348729927e-04,-2.377123321394e-05,0.000000000000e+00,0.000000000000e+00
0.000000000000e+00,0.000000000000e+00,-7.484348729927e-04,-5.654509471300e-06,0.000000000000e+00,0.000000000000e+00
0.000000000000e+00,0.000000000000e+00,-7.484348729927e-04,1.246221427134e-05,0.000000000000e+00,0.000000000000e+00
