ε_xx,ε_yy,ε_zz,γ_xy,γ_yz,γ_xz
0.000000000000e+00,0.000000000000e+00,2.966377143920e-16,1.040834085586e-17,0.000000000000e+00,0.000000000000e+00
0.000000000000e+00,0.000000000000e+00,2.966377143920e-16,3.469446951954e-18,0.000000000000e+00,0.000000000000e+00
0.000000000000e+00,0.000000000000e+00,2.966377143920e-16,-3.469446951954e-18,0.000000000000e+00,0.000000000000e+00
