ε_xx,ε_yy,ε_zz,γ_xy,γ_yz,γ_xz
0.000000000000e+00,0.000000000000e+00,-1.781987792836e-04,-9.968015124301e-06,0.000000000000e+00,0.000000000000e+00
0.000000000000e+00,0.000000000000e+00,-1.781987792836e-04,-5.654509471301e-06,0.000000000000e+00,0.000000000000e+00
0.000000000000e+00,0.000000000000e+00,-1.781987792836e-04,-1.341003818301e-06,0.000000000000e+00,0.000000000000e+00
