ε_xx,ε_yy,ε_zz,γ_xy,γ_yz,γ_xz
0.000000000000e+00,0.000000000000e+00,-1.104832431561e-03,-3.239824451996e-05,0.000000000000e+00,0.000000000000e+00
0.000000000000e+00,0.000000000000e+00,-1.104832431561e-03,-5.654509471300e-06,0.000000000000e+00,0.000000000000e+00
0.000000000000e+00,0.000000000000e+00,-1.104832431561e-03,2.108922557736e-05,0.000000000000e+00,0.000000000000e+00
