ε_xx,ε_yy,ε_zz,γ_xy,γ_yz,γ_xz
0.000000000000e+00,0.000000000000e+00,-5.345963378518e-04,-1.859502643032e-05,0.000000000000e+00,0.000000000000e+00
0.000000000000e+00,0.000000000000e+00,-5.345963378518e-04,-5.654509471301e-06,0.000000000000e+00,0.000000000000e+00
0.000000000000e+00,0.000000000000e+00,-5.345963378518e-04,7.286007487722e-06,0.000000000000e+00,0.000000000000e+00
