ε_xx,ε_yy,ε_zz,γ_xy,γ_yz,γ_xz
0.000000000000e+00,0.000000000000e+00,-3.563975585632e-05,-6.517210601891e-06,0.000000000000e+00,0.000000000000e+00
0.000000000000e+00,0.000000000000e+00,-3.563975585632e-05,-5.654509471301e-06,0.000000000000e+00,0.000000000000e+00
0.000000000000e+00,0.000000000000e+00,-3.563975585632e-05,-4.791808340711e-06,0.000000000000e+00,0.000000000000e+00
