ε_xx,ε_yy,ε_zz,γ_xy,γ_yz,γ_xz
0.000000000000e+00,0.000000000000e+00,-9.622734081336e-04,-2.894743999755e-05,0.000000000000e+00,0.000000000000e+00
0.000000000000e+00,0.000000000000e+00,-9.622734081336e-04,-5.654509471300e-06,0.000000000000e+00,0.000000000000e+00
0.000000000000e+00,0.000000000000e+00,-9.622734081336e-04,1.763842105495e-05,0.000000000000e+00,0.000000000000e+00
