Local DOF,R_e Value
0,0.000000000000e+00
1,-2.870709463504e-06
2,0.000000000000e+00
3,0.000000000000e+00
4,0.000000000000e+00
5,-4.844779311810e-05
6,0.000000000000e+00
7,-4.778934226168e-06
8,0.000000000000e+00
9,0.000000000000e+00
10,0.000000000000e+00
11,-6.236957274974e-05
