Local DOF,R_e Value
0,0.000000000000e+00
1,-4.464379013414e-07
2,0.000000000000e+00
3,0.000000000000e+00
4,0.000000000000e+00
5,-1.726300674323e-05
6,0.000000000000e+00
7,-1.414942538869e-06
8,0.000000000000e+00
9,0.000000000000e+00
10,0.000000000000e+00
11,-3.341227111593e-05
