Local DOF,R_e Value
0,-0.000000000000e+00
1,-2.596840889409e-04
2,-0.000000000000e+00
3,-0.000000000000e+00
4,-0.000000000000e+00
5,-1.425590234293e-04
6,0.000000000000e+00
7,-2.641390584231e-04
8,0.000000000000e+00
9,0.000000000000e+00
10,0.000000000000e+00
11,-1.425590234293e-04
