Local DOF,R_e Value
0,0.000000000000e+00
1,-1.287031105154e-05
2,0.000000000000e+00
3,0.000000000000e+00
4,0.000000000000e+00
5,-9.745245742151e-05
6,0.000000000000e+00
7,-1.624032267553e-05
8,0.000000000000e+00
9,0.000000000000e+00
10,0.000000000000e+00
11,-1.069192675710e-04
