Local DOF,R_e Value
0,0.000000000000e+00
1,-4.108938414699e-05
2,0.000000000000e+00
3,0.000000000000e+00
4,0.000000000000e+00
5,-1.403315386872e-04
6,0.000000000000e+00
7,-4.567755148875e-05
8,0.000000000000e+00
9,0.000000000000e+00
10,0.000000000000e+00
11,-1.420021522430e-04
