Local DOF,R_e Value
0,0.000000000000e+00
1,-7.104812377781e-06
2,0.000000000000e+00
3,0.000000000000e+00
4,0.000000000000e+00
5,-7.517761001086e-05
6,0.000000000000e+00
7,-9.813539469264e-06
8,0.000000000000e+00
9,0.000000000000e+00
10,0.000000000000e+00
11,-8.687190490145e-05
