Local DOF,R_e Value
0,0.000000000000e+00
1,-4.778934226168e-06
2,0.000000000000e+00
3,0.000000000000e+00
4,0.000000000000e+00
5,-6.236957274974e-05
6,0.000000000000e+00
7,-7.104812377781e-06
8,0.000000000000e+00
9,0.000000000000e+00
10,0.000000000000e+00
11,-7.517761001086e-05
