Local DOF,R_e Value
0,0.000000000000e+00
1,-7.257537069029e-05
2,0.000000000000e+00
3,0.000000000000e+00
4,0.000000000000e+00
5,-1.425590234286e-04
6,0.000000000000e+00
7,-7.703034017243e-05
8,0.000000000000e+00
9,0.000000000000e+00
10,0.000000000000e+00
11,-1.425590234286e-04
