Local DOF,R_e Value
0,0.000000000000e+00
1,-2.788175330697e-05
2,0.000000000000e+00
3,0.000000000000e+00
4,0.000000000000e+00
5,-1.286372437965e-04
6,0.000000000000e+00
7,-3.215668060702e-05
8,0.000000000000e+00
9,0.000000000000e+00
10,0.000000000000e+00
11,-1.336490844639e-04
