N,Vy,Vz,T,My,Mz
0.000000000000e+00,1.533929233632e-10,0.000000000000e+00,0.000000000000e+00,0.000000000000e+00,1.920334763601e-11
0.000000000000e+00,7.669646168162e-11,0.000000000000e+00,0.000000000000e+00,0.000000000000e+00,1.920334763601e-11
0.000000000000e+00,-3.834823084081e-11,0.000000000000e+00,0.000000000000e+00,0.000000000000e+00,1.920334763601e-11
