N,Vy,Vz,T,My,Mz
0.000000000000e+00,5.560493471918e-10,0.000000000000e+00,0.000000000000e+00,0.000000000000e+00,9.373515232232e-11
0.000000000000e+00,9.587057710203e-11,0.000000000000e+00,0.000000000000e+00,0.000000000000e+00,9.373515232232e-11
0.000000000000e+00,-3.547211352775e-10,0.000000000000e+00,0.000000000000e+00,0.000000000000e+00,9.373515232232e-11
