N,Vy,Vz,T,My,Mz
0.000000000000e+00,3.643081929877e-10,0.000000000000e+00,0.000000000000e+00,0.000000000000e+00,6.540546125533e-11
0.000000000000e+00,3.834823084081e-11,0.000000000000e+00,0.000000000000e+00,0.000000000000e+00,6.540546125533e-11
0.000000000000e+00,-2.684376158857e-10,0.000000000000e+00,0.000000000000e+00,0.000000000000e+00,6.540546125533e-11
