N,Vy,Vz,T,My,Mz
0.000000000000e+00,3.067858467265e-10,0.000000000000e+00,0.000000000000e+00,0.000000000000e+00,5.818043937247e-11
0.000000000000e+00,3.834823084081e-11,0.000000000000e+00,0.000000000000e+00,0.000000000000e+00,5.818043937247e-11
0.000000000000e+00,-2.684376158857e-10,0.000000000000e+00,0.000000000000e+00,0.000000000000e+00,5.818043937247e-11
