N,Vy,Vz,T,My,Mz
0.000000000000e+00,1.917411542041e-10,0.000000000000e+00,0.000000000000e+00,0.000000000000e+00,4.354026345195e-11
0.000000000000e+00,0.000000000000e+00,0.000000000000e+00,0.000000000000e+00,0.000000000000e+00,4.354026345195e-11
0.000000000000e+00,-2.684376158857e-10,0.000000000000e+00,0.000000000000e+00,0.000000000000e+00,4.354026345195e-11
