N,Vy,Vz,T,My,Mz
0.000000000000e+00,-7.288530424200e+02,0.000000000000e+00,0.000000000000e+00,0.000000000000e+00,-4.687499999989e+01
0.000000000000e+00,-4.999999999999e+02,0.000000000000e+00,0.000000000000e+00,0.000000000000e+00,-4.687499999989e+01
0.000000000000e+00,-2.711469575798e+02,0.000000000000e+00,0.000000000000e+00,0.000000000000e+00,-4.687499999989e+01
