N,Vy,Vz,T,My,Mz
0.000000000000e+00,-5.762843474730e+02,0.000000000000e+00,0.000000000000e+00,0.000000000000e+00,-1.562499999990e+01
0.000000000000e+00,-4.999999999999e+02,0.000000000000e+00,0.000000000000e+00,0.000000000000e+00,-1.562499999990e+01
0.000000000000e+00,-4.237156525268e+02,0.000000000000e+00,0.000000000000e+00,0.000000000000e+00,-1.562499999990e+01
