N,Vy,Vz,T,My,Mz
0.000000000000e+00,1.917411542041e-10,0.000000000000e+00,0.000000000000e+00,0.000000000000e+00,3.099154123436e-11
0.000000000000e+00,3.834823084081e-11,0.000000000000e+00,0.000000000000e+00,0.000000000000e+00,3.099154123436e-11
0.000000000000e+00,-1.150446925224e-10,0.000000000000e+00,0.000000000000e+00,0.000000000000e+00,3.099154123436e-11
