N,Vy,Vz,T,My,Mz
0.000000000000e+00,4.026564238285e-10,0.000000000000e+00,0.000000000000e+00,0.000000000000e+00,7.206008667375e-11
0.000000000000e+00,5.752234626122e-11,0.000000000000e+00,0.000000000000e+00,0.000000000000e+00,7.206008667375e-11
0.000000000000e+00,-3.067858467265e-10,0.000000000000e+00,0.000000000000e+00,0.000000000000e+00,7.206008667375e-11
