N,Vy,Vz,T,My,Mz
0.000000000000e+00,-1.041146296750e+02,0.000000000000e+00,0.000000000000e+00,0.000000000000e+00,-7.446289062690e+00
0.000000000000e+00,-8.593750000271e+01,0.000000000000e+00,0.000000000000e+00,0.000000000000e+00,-7.446289062690e+00
0.000000000000e+00,-6.776037033045e+01,0.000000000000e+00,0.000000000000e+00,0.000000000000e+00,-7.446289062690e+00
