N,Vy,Vz,T,My,Mz
0.000000000000e+00,-8.252991502719e+01,0.000000000000e+00,0.000000000000e+00,0.000000000000e+00,-5.004882812633e+00
0.000000000000e+00,-7.031250000143e+01,0.000000000000e+00,0.000000000000e+00,0.000000000000e+00,-5.004882812633e+00
0.000000000000e+00,-5.809508497690e+01,0.000000000000e+00,0.000000000000e+00,0.000000000000e+00,-5.004882812633e+00
