N,Vy,Vz,T,My,Mz
0.000000000000e+00,-4.202147241195e+02,0.000000000000e+00,0.000000000000e+00,0.000000000000e+00,-6.652832031356e+01
0.000000000000e+00,-2.578125000032e+02,0.000000000000e+00,0.000000000000e+00,0.000000000000e+00,-6.652832031356e+01
0.000000000000e+00,-9.541027588696e+01,0.000000000000e+00,0.000000000000e+00,0.000000000000e+00,-6.652832031356e+01
