N,Vy,Vz,T,My,Mz
0.000000000000e+00,-2.885820342196e+02,0.000000000000e+00,0.000000000000e+00,0.000000000000e+00,-3.820800781313e+01
0.000000000000e+00,-1.953125000024e+02,0.000000000000e+00,0.000000000000e+00,0.000000000000e+00,-3.820800781313e+01
0.000000000000e+00,-1.020429657852e+02,0.000000000000e+00,0.000000000000e+00,0.000000000000e+00,-3.820800781313e+01
