N,Vy,Vz,T,My,Mz
0.000000000000e+00,-1.031113947857e+03,0.000000000000e+00,0.000000000000e+00,0.000000000000e+00,-2.271728515653e+02
0.000000000000e+00,-4.765625000051e+02,0.000000000000e+00,0.000000000000e+00,0.000000000000e+00,-2.271728515653e+02
0.000000000000e+00,7.798894784651e+01,0.000000000000e+00,0.000000000000e+00,0.000000000000e+00,-2.271728515653e+02
