N,Vy,Vz,T,My,Mz
0.000000000000e+00,-6.115743024032e+02,0.000000000000e+00,0.000000000000e+00,0.000000000000e+00,-1.129150390641e+02
0.000000000000e+00,-3.359375000047e+02,0.000000000000e+00,0.000000000000e+00,0.000000000000e+00,-1.129150390641e+02
0.000000000000e+00,-6.030069760611e+01,0.000000000000e+00,0.000000000000e+00,0.000000000000e+00,-1.129150390641e+02
