N,Vy,Vz,T,My,Mz
0.000000000000e+00,-3.126866046328e+03,0.000000000000e+00,0.000000000000e+00,0.000000000000e+00,-8.936767578201e+02
0.000000000000e+00,-9.453125000051e+02,0.000000000000e+00,0.000000000000e+00,0.000000000000e+00,-8.936767578201e+02
0.000000000000e+00,1.236241046317e+03,0.000000000000e+00,0.000000000000e+00,0.000000000000e+00,-8.936767578201e+02
