N,Vy,Vz,T,My,Mz
0.000000000000e+00,-1.268912872501e+02,0.000000000000e+00,0.000000000000e+00,0.000000000000e+00,-1.037597656277e+01
0.000000000000e+00,-1.015625000028e+02,0.000000000000e+00,0.000000000000e+00,0.000000000000e+00,-1.037597656277e+01
0.000000000000e+00,-7.623371275420e+01,0.000000000000e+00,0.000000000000e+00,0.000000000000e+00,-1.037597656277e+01
