N,Vy,Vz,T,My,Mz
0.000000000000e+00,-2.385501809970e+03,0.000000000000e+00,0.000000000000e+00,0.000000000000e+00,-6.475830078187e+02
0.000000000000e+00,-8.046875000051e+02,0.000000000000e+00,0.000000000000e+00,0.000000000000e+00,-6.475830078187e+02
0.000000000000e+00,7.761268099598e+02,0.000000000000e+00,0.000000000000e+00,0.000000000000e+00,-6.475830078187e+02
