N,Vy,Vz,T,My,Mz
0.000000000000e+00,-2.233865574113e+03,0.000000000000e+00,0.000000000000e+00,0.000000000000e+00,-5.982666015684e+02
0.000000000000e+00,-7.734375000051e+02,0.000000000000e+00,0.000000000000e+00,0.000000000000e+00,-5.982666015684e+02
0.000000000000e+00,6.869905741023e+02,0.000000000000e+00,0.000000000000e+00,0.000000000000e+00,-5.982666015684e+02
