N,Vy,Vz,T,My,Mz
0.000000000000e+00,-3.197022923014e+02,0.000000000000e+00,0.000000000000e+00,0.000000000000e+00,-4.455566406323e+01
0.000000000000e+00,-2.109375000031e+02,0.000000000000e+00,0.000000000000e+00,0.000000000000e+00,-4.455566406323e+01
0.000000000000e+00,-1.021727077047e+02,0.000000000000e+00,0.000000000000e+00,0.000000000000e+00,-4.455566406323e+01
