N,Vy,Vz,T,My,Mz
0.000000000000e+00,-2.586537190688e+02,0.000000000000e+00,0.000000000000e+00,0.000000000000e+00,-3.234863281305e+01
0.000000000000e+00,-1.796875000030e+02,0.000000000000e+00,0.000000000000e+00,0.000000000000e+00,-3.234863281305e+01
0.000000000000e+00,-1.007212809371e+02,0.000000000000e+00,0.000000000000e+00,0.000000000000e+00,-3.234863281305e+01
