N,Vy,Vz,T,My,Mz
0.000000000000e+00,-8.805399130086e+02,0.000000000000e+00,0.000000000000e+00,0.000000000000e+00,-1.846923828149e+02
0.000000000000e+00,-4.296875000043e+02,0.000000000000e+00,0.000000000000e+00,0.000000000000e+00,-1.846923828149e+02
0.000000000000e+00,2.116491299868e+01,0.000000000000e+00,0.000000000000e+00,0.000000000000e+00,-1.846923828149e+02
