N,Vy,Vz,T,My,Mz
0.000000000000e+00,-1.248566528665e+03,0.000000000000e+00,0.000000000000e+00,0.000000000000e+00,-2.906494140660e+02
0.000000000000e+00,-5.390625000056e+02,0.000000000000e+00,0.000000000000e+00,0.000000000000e+00,-2.906494140660e+02
0.000000000000e+00,1.704415286532e+02,0.000000000000e+00,0.000000000000e+00,0.000000000000e+00,-2.906494140660e+02
