N,Vy,Vz,T,My,Mz
0.000000000000e+00,-9.797306599782e+02,0.000000000000e+00,0.000000000000e+00,0.000000000000e+00,-2.125244140652e+02
0.000000000000e+00,-4.609375000053e+02,0.000000000000e+00,0.000000000000e+00,0.000000000000e+00,-2.125244140652e+02
0.000000000000e+00,5.785565996785e+01,0.000000000000e+00,0.000000000000e+00,0.000000000000e+00,-2.125244140652e+02
