N,Vy,Vz,T,My,Mz
0.000000000000e+00,-3.215199565014e+03,0.000000000000e+00,0.000000000000e+00,0.000000000000e+00,-9.234619140703e+02
0.000000000000e+00,-9.609375000052e+02,0.000000000000e+00,0.000000000000e+00,0.000000000000e+00,-9.234619140703e+02
0.000000000000e+00,1.293324565004e+03,0.000000000000e+00,0.000000000000e+00,0.000000000000e+00,-9.234619140703e+02
