N,Vy,Vz,T,My,Mz
0.000000000000e+00,-7.406933645234e+02,0.000000000000e+00,0.000000000000e+00,0.000000000000e+00,-1.466064453145e+02
0.000000000000e+00,-3.828125000036e+02,0.000000000000e+00,0.000000000000e+00,0.000000000000e+00,-1.466064453145e+02
0.000000000000e+00,-2.493163548440e+01,0.000000000000e+00,0.000000000000e+00,0.000000000000e+00,-1.466064453145e+02
