N,Vy,Vz,T,My,Mz
0.000000000000e+00,-1.760204311897e+02,0.000000000000e+00,0.000000000000e+00,0.000000000000e+00,-1.770019531290e+01
0.000000000000e+00,-1.328125000028e+02,0.000000000000e+00,0.000000000000e+00,0.000000000000e+00,-1.770019531290e+01
0.000000000000e+00,-8.960456881540e+01,0.000000000000e+00,0.000000000000e+00,0.000000000000e+00,-1.770019531290e+01
