N,Vy,Vz,T,My,Mz
0.000000000000e+00,-3.039724470571e+03,0.000000000000e+00,0.000000000000e+00,0.000000000000e+00,-8.643798828200e+02
0.000000000000e+00,-9.296875000052e+02,0.000000000000e+00,0.000000000000e+00,0.000000000000e+00,-8.643798828200e+02
0.000000000000e+00,1.180349470561e+03,0.000000000000e+00,0.000000000000e+00,0.000000000000e+00,-8.643798828200e+02
