N,Vy,Vz,T,My,Mz
0.000000000000e+00,-3.520144933112e+02,0.000000000000e+00,0.000000000000e+00,0.000000000000e+00,-5.139160156334e+01
0.000000000000e+00,-2.265625000037e+02,0.000000000000e+00,0.000000000000e+00,0.000000000000e+00,-5.139160156334e+01
0.000000000000e+00,-1.011105066957e+02,0.000000000000e+00,0.000000000000e+00,0.000000000000e+00,-5.139160156334e+01
