N,Vy,Vz,T,My,Mz
0.000000000000e+00,-3.855186372507e+02,0.000000000000e+00,0.000000000000e+00,0.000000000000e+00,-5.871582031345e+01
0.000000000000e+00,-2.421875000032e+02,0.000000000000e+00,0.000000000000e+00,0.000000000000e+00,-5.871582031345e+01
0.000000000000e+00,-9.885636275560e+01,0.000000000000e+00,0.000000000000e+00,0.000000000000e+00,-5.871582031345e+01
