N,Vy,Vz,T,My,Mz
0.000000000000e+00,-9.295393150287e+02,0.000000000000e+00,0.000000000000e+00,0.000000000000e+00,-1.983642578150e+02
0.000000000000e+00,-4.453125000047e+02,0.000000000000e+00,0.000000000000e+00,0.000000000000e+00,-1.983642578150e+02
0.000000000000e+00,3.891431501929e+01,0.000000000000e+00,0.000000000000e+00,0.000000000000e+00,-1.983642578150e+02
