N,Vy,Vz,T,My,Mz
0.000000000000e+00,-2.541905817545e+03,0.000000000000e+00,0.000000000000e+00,0.000000000000e+00,-6.988525390690e+02
0.000000000000e+00,-8.359375000052e+02,0.000000000000e+00,0.000000000000e+00,0.000000000000e+00,-6.988525390690e+02
0.000000000000e+00,8.700308175343e+02,0.000000000000e+00,0.000000000000e+00,0.000000000000e+00,-6.988525390690e+02
