N,Vy,Vz,T,My,Mz
0.000000000000e+00,-6.213714330798e+01,0.000000000000e+00,0.000000000000e+00,0.000000000000e+00,-3.051757812601e+00
0.000000000000e+00,-5.468749999893e+01,0.000000000000e+00,0.000000000000e+00,0.000000000000e+00,-3.051757812601e+00
0.000000000000e+00,-4.723785669111e+01,0.000000000000e+00,0.000000000000e+00,0.000000000000e+00,-3.051757812601e+00
