N,Vy,Vz,T,My,Mz
0.000000000000e+00,-1.424171365027e+03,0.000000000000e+00,0.000000000000e+00,0.000000000000e+00,-3.433837890665e+02
0.000000000000e+00,-5.859375000051e+02,0.000000000000e+00,0.000000000000e+00,0.000000000000e+00,-3.433837890665e+02
0.000000000000e+00,2.522963650165e+02,0.000000000000e+00,0.000000000000e+00,0.000000000000e+00,-3.433837890665e+02
