N,Vy,Vz,T,My,Mz
0.000000000000e+00,-2.953774837743e+03,0.000000000000e+00,0.000000000000e+00,0.000000000000e+00,-8.355712890698e+02
0.000000000000e+00,-9.140625000052e+02,0.000000000000e+00,0.000000000000e+00,0.000000000000e+00,-8.355712890698e+02
0.000000000000e+00,1.125649837733e+03,0.000000000000e+00,0.000000000000e+00,0.000000000000e+00,-8.355712890698e+02
