N,Vy,Vz,T,My,Mz
0.000000000000e+00,-1.364444476644e+03,0.000000000000e+00,0.000000000000e+00,0.000000000000e+00,-3.253173828163e+02
0.000000000000e+00,-5.703125000054e+02,0.000000000000e+00,0.000000000000e+00,0.000000000000e+00,-3.253173828163e+02
0.000000000000e+00,2.238194766330e+02,0.000000000000e+00,0.000000000000e+00,0.000000000000e+00,-3.253173828163e+02
