N,Vy,Vz,T,My,Mz
0.000000000000e+00,-3.395442431174e+03,0.000000000000e+00,0.000000000000e+00,0.000000000000e+00,-9.844970703206e+02
0.000000000000e+00,-9.921875000052e+02,0.000000000000e+00,0.000000000000e+00,0.000000000000e+00,-9.844970703206e+02
0.000000000000e+00,1.411067431164e+03,0.000000000000e+00,0.000000000000e+00,0.000000000000e+00,-9.844970703206e+02
