N,Vy,Vz,T,My,Mz
0.000000000000e+00,-1.192415469069e+03,0.000000000000e+00,0.000000000000e+00,0.000000000000e+00,-2.740478515658e+02
0.000000000000e+00,-5.234375000055e+02,0.000000000000e+00,0.000000000000e+00,0.000000000000e+00,-2.740478515658e+02
0.000000000000e+00,1.455404690576e+02,0.000000000000e+00,0.000000000000e+00,0.000000000000e+00,-2.740478515658e+02
