N,Vy,Vz,T,My,Mz
0.000000000000e+00,-1.875633985731e+03,0.000000000000e+00,0.000000000000e+00,0.000000000000e+00,-4.835205078176e+02
0.000000000000e+00,-6.953125000051e+02,0.000000000000e+00,0.000000000000e+00,0.000000000000e+00,-4.835205078176e+02
0.000000000000e+00,4.850089857210e+02,0.000000000000e+00,0.000000000000e+00,0.000000000000e+00,-4.835205078176e+02
