N,Vy,Vz,T,My,Mz
0.000000000000e+00,-1.674998347853e+03,0.000000000000e+00,0.000000000000e+00,0.000000000000e+00,-4.205322265671e+02
0.000000000000e+00,-6.484375000048e+02,0.000000000000e+00,0.000000000000e+00,0.000000000000e+00,-4.205322265671e+02
0.000000000000e+00,3.781233478438e+02,0.000000000000e+00,0.000000000000e+00,0.000000000000e+00,-4.205322265671e+02
