N,Vy,Vz,T,My,Mz
0.000000000000e+00,-2.869017147845e+03,0.000000000000e+00,0.000000000000e+00,0.000000000000e+00,-8.072509765697e+02
0.000000000000e+00,-8.984375000052e+02,0.000000000000e+00,0.000000000000e+00,0.000000000000e+00,-8.072509765697e+02
0.000000000000e+00,1.072142147835e+03,0.000000000000e+00,0.000000000000e+00,0.000000000000e+00,-8.072509765697e+02
