N,Vy,Vz,T,My,Mz
0.000000000000e+00,-8.110485732778e+00,0.000000000000e+00,0.000000000000e+00,0.000000000000e+00,-1.220703125027e-01
0.000000000000e+00,-7.812499998796e+00,0.000000000000e+00,0.000000000000e+00,0.000000000000e+00,-1.220703125027e-01
0.000000000000e+00,-7.514514267268e+00,0.000000000000e+00,0.000000000000e+00,0.000000000000e+00,-1.220703125027e-01
