N,Vy,Vz,T,My,Mz
0.000000000000e+00,-2.621895735726e+03,0.000000000000e+00,0.000000000000e+00,0.000000000000e+00,-7.252197265692e+02
0.000000000000e+00,-8.515625000052e+02,0.000000000000e+00,0.000000000000e+00,0.000000000000e+00,-7.252197265692e+02
0.000000000000e+00,9.187707357155e+02,0.000000000000e+00,0.000000000000e+00,0.000000000000e+00,-7.252197265692e+02
