N,Vy,Vz,T,My,Mz
0.000000000000e+00,-3.304725026629e+03,0.000000000000e+00,0.000000000000e+00,0.000000000000e+00,-9.537353515705e+02
0.000000000000e+00,-9.765625000052e+02,0.000000000000e+00,0.000000000000e+00,0.000000000000e+00,-9.537353515705e+02
0.000000000000e+00,1.351600026619e+03,0.000000000000e+00,0.000000000000e+00,0.000000000000e+00,-9.537353515705e+02
