N,Vy,Vz,T,My,Mz
0.000000000000e+00,-2.159835370578e+03,0.000000000000e+00,0.000000000000e+00,0.000000000000e+00,-5.743408203182e+02
0.000000000000e+00,-7.578125000051e+02,0.000000000000e+00,0.000000000000e+00,0.000000000000e+00,-5.743408203182e+02
0.000000000000e+00,6.442103705676e+02,0.000000000000e+00,0.000000000000e+00,0.000000000000e+00,-5.743408203182e+02
