N,Vy,Vz,T,My,Mz
0.000000000000e+00,-1.083689178666e+03,0.000000000000e+00,0.000000000000e+00,0.000000000000e+00,-2.423095703155e+02
0.000000000000e+00,-4.921875000057e+02,0.000000000000e+00,0.000000000000e+00,0.000000000000e+00,-2.423095703155e+02
0.000000000000e+00,9.931417865373e+01,0.000000000000e+00,0.000000000000e+00,0.000000000000e+00,-2.423095703155e+02
