element_id,total_strain_energy
0,3.571400534821e-01
1,9.875182351999e-02
2,1.559239318737e-02
3,7.424949136840e-04
