Local DOF,R_e Value
0,0.000000000000e+00
1,-8.316726133377e-04
2,0.000000000000e+00
3,0.000000000000e+00
4,0.000000000000e+00
5,-1.068635804521e-03
6,0.000000000000e+00
7,-9.672343472965e-04
8,0.000000000000e+00
9,0.000000000000e+00
10,0.000000000000e+00
11,-1.098661602742e-03
