Local DOF,R_e Value
0,0.000000000000e+00
1,-4.456535682320e-05
2,0.000000000000e+00
3,0.000000000000e+00
4,0.000000000000e+00
5,-3.447032636783e-04
6,0.000000000000e+00
7,-9.695721911449e-05
8,0.000000000000e+00
9,0.000000000000e+00
10,0.000000000000e+00
11,-4.906696426707e-04
