Local DOF,R_e Value
0,0.000000000000e+00
1,-4.573961542956e-04
2,0.000000000000e+00
3,0.000000000000e+00
4,0.000000000000e+00
5,-9.083787187371e-04
6,0.000000000000e+00
7,-5.752363328945e-04
8,0.000000000000e+00
9,0.000000000000e+00
10,0.000000000000e+00
11,-9.747473226858e-04
