N,Vy,Vz,T,My,Mz
0.000000000000e+00,-1.879063311200e-09,0.000000000000e+00,0.000000000000e+00,0.000000000000e+00,-5.133568179924e-10
0.000000000000e+00,-6.519199242938e-10,0.000000000000e+00,0.000000000000e+00,0.000000000000e+00,-5.133568179924e-10
0.000000000000e+00,5.752234626122e-10,0.000000000000e+00,0.000000000000e+00,0.000000000000e+00,-5.133568179924e-10
