N,Vy,Vz,T,My,Mz
0.000000000000e+00,-5.190710868708e+02,0.000000000000e+00,0.000000000000e+00,0.000000000000e+00,-7.812500000708e+00
0.000000000000e+00,-5.000000000007e+02,0.000000000000e+00,0.000000000000e+00,0.000000000000e+00,-7.812500000708e+00
0.000000000000e+00,-4.809289131306e+02,0.000000000000e+00,0.000000000000e+00,0.000000000000e+00,-7.812500000708e+00
