N,Vy,Vz,T,My,Mz
0.000000000000e+00,-1.073750463543e-09,0.000000000000e+00,0.000000000000e+00,0.000000000000e+00,-2.106664275317e-10
0.000000000000e+00,-5.368752317714e-10,0.000000000000e+00,0.000000000000e+00,0.000000000000e+00,-2.106664275317e-10
0.000000000000e+00,0.000000000000e+00,0.000000000000e+00,0.000000000000e+00,0.000000000000e+00,-2.106664275317e-10
