N,Vy,Vz,T,My,Mz
0.000000000000e+00,-8.436610784979e-10,0.000000000000e+00,0.000000000000e+00,0.000000000000e+00,-1.768229039752e-10
0.000000000000e+00,-4.601787700897e-10,0.000000000000e+00,0.000000000000e+00,0.000000000000e+00,-1.768229039752e-10
0.000000000000e+00,0.000000000000e+00,0.000000000000e+00,0.000000000000e+00,0.000000000000e+00,-1.768229039752e-10
