N,Vy,Vz,T,My,Mz
0.000000000000e+00,-2.070804465404e-09,0.000000000000e+00,0.000000000000e+00,0.000000000000e+00,-5.932123230135e-10
0.000000000000e+00,-6.135716934530e-10,0.000000000000e+00,0.000000000000e+00,0.000000000000e+00,-5.932123230135e-10
0.000000000000e+00,8.053128476571e-10,0.000000000000e+00,0.000000000000e+00,0.000000000000e+00,-5.932123230135e-10
