N,Vy,Vz,T,My,Mz
0.000000000000e+00,-9.767771717126e+02,0.000000000000e+00,0.000000000000e+00,0.000000000000e+00,-1.953125000009e+02
0.000000000000e+00,-5.000000000006e+02,0.000000000000e+00,0.000000000000e+00,0.000000000000e+00,-1.953125000009e+02
0.000000000000e+00,-2.322282828869e+01,0.000000000000e+00,0.000000000000e+00,0.000000000000e+00,-1.953125000009e+02
