N,Vy,Vz,T,My,Mz
0.000000000000e+00,-6.334976080812e+02,0.000000000000e+00,0.000000000000e+00,0.000000000000e+00,-5.468750000077e+01
0.000000000000e+00,-5.000000000006e+02,0.000000000000e+00,0.000000000000e+00,0.000000000000e+00,-5.468750000077e+01
0.000000000000e+00,-3.665023919201e+02,0.000000000000e+00,0.000000000000e+00,0.000000000000e+00,-5.468750000077e+01
