N,Vy,Vz,T,My,Mz
0.000000000000e+00,-7.479241292917e+02,0.000000000000e+00,0.000000000000e+00,0.000000000000e+00,-1.015625000008e+02
0.000000000000e+00,-5.000000000006e+02,0.000000000000e+00,0.000000000000e+00,0.000000000000e+00,-1.015625000008e+02
0.000000000000e+00,-2.520758707096e+02,0.000000000000e+00,0.000000000000e+00,0.000000000000e+00,-1.015625000008e+02
