N,Vy,Vz,T,My,Mz
0.000000000000e+00,-1.572277464473e-09,0.000000000000e+00,0.000000000000e+00,0.000000000000e+00,-3.859682742684e-10
0.000000000000e+00,-6.135716934530e-10,0.000000000000e+00,0.000000000000e+00,0.000000000000e+00,-3.859682742684e-10
0.000000000000e+00,3.451340775673e-10,0.000000000000e+00,0.000000000000e+00,0.000000000000e+00,-3.859682742684e-10
