N,Vy,Vz,T,My,Mz
0.000000000000e+00,-2.262545619608e-09,0.000000000000e+00,0.000000000000e+00,0.000000000000e+00,-6.502519694571e-10
0.000000000000e+00,-6.519199242938e-10,0.000000000000e+00,0.000000000000e+00,0.000000000000e+00,-6.502519694571e-10
0.000000000000e+00,9.587057710203e-10,0.000000000000e+00,0.000000000000e+00,0.000000000000e+00,-6.502519694571e-10
