N,Vy,Vz,T,My,Mz
0.000000000000e+00,-7.860663030285e+02,0.000000000000e+00,0.000000000000e+00,0.000000000000e+00,-1.171875000008e+02
0.000000000000e+00,-5.000000000006e+02,0.000000000000e+00,0.000000000000e+00,0.000000000000e+00,-1.171875000008e+02
0.000000000000e+00,-2.139336969728e+02,0.000000000000e+00,0.000000000000e+00,0.000000000000e+00,-1.171875000008e+02
