N,Vy,Vz,T,My,Mz
0.000000000000e+00,-6.902681551346e-10,0.000000000000e+00,0.000000000000e+00,0.000000000000e+00,-1.266280151048e-10
0.000000000000e+00,-4.601787700897e-10,0.000000000000e+00,0.000000000000e+00,0.000000000000e+00,-1.266280151048e-10
0.000000000000e+00,-7.669646168162e-11,0.000000000000e+00,0.000000000000e+00,0.000000000000e+00,-1.266280151048e-10
