N,Vy,Vz,T,My,Mz
0.000000000000e+00,-6.135716934530e-10,0.000000000000e+00,0.000000000000e+00,0.000000000000e+00,-8.670026259427e-11
0.000000000000e+00,-3.834823084081e-10,0.000000000000e+00,0.000000000000e+00,0.000000000000e+00,-8.670026259427e-11
0.000000000000e+00,-1.533929233632e-10,0.000000000000e+00,0.000000000000e+00,0.000000000000e+00,-8.670026259427e-11
