N,Vy,Vz,T,My,Mz
0.000000000000e+00,-1.091203692923e+03,0.000000000000e+00,0.000000000000e+00,0.000000000000e+00,-2.421875000010e+02
0.000000000000e+00,-5.000000000006e+02,0.000000000000e+00,0.000000000000e+00,0.000000000000e+00,-2.421875000010e+02
0.000000000000e+00,9.120369292176e+01,0.000000000000e+00,0.000000000000e+00,0.000000000000e+00,-2.421875000010e+02
