N,Vy,Vz,T,My,Mz
0.000000000000e+00,-6.716397818180e+02,0.000000000000e+00,0.000000000000e+00,0.000000000000e+00,-7.031250000079e+01
0.000000000000e+00,-5.000000000007e+02,0.000000000000e+00,0.000000000000e+00,0.000000000000e+00,-7.031250000079e+01
0.000000000000e+00,-3.283602181833e+02,0.000000000000e+00,0.000000000000e+00,0.000000000000e+00,-7.031250000079e+01
