N,Vy,Vz,T,My,Mz
0.000000000000e+00,-1.380536310269e-09,0.000000000000e+00,0.000000000000e+00,0.000000000000e+00,-3.441392002097e-10
0.000000000000e+00,-5.368752317714e-10,0.000000000000e+00,0.000000000000e+00,0.000000000000e+00,-3.441392002097e-10
0.000000000000e+00,3.067858467265e-10,0.000000000000e+00,0.000000000000e+00,0.000000000000e+00,-3.441392002097e-10
