N,Vy,Vz,T,My,Mz
0.000000000000e+00,-3.067858467265e-10,0.000000000000e+00,0.000000000000e+00,0.000000000000e+00,-5.780017506285e-11
0.000000000000e+00,-2.300893850449e-10,0.000000000000e+00,0.000000000000e+00,0.000000000000e+00,-5.780017506285e-11
0.000000000000e+00,-7.669646168162e-11,0.000000000000e+00,0.000000000000e+00,0.000000000000e+00,-5.780017506285e-11
