N,Vy,Vz,T,My,Mz
0.000000000000e+00,-2.185849157926e-09,0.000000000000e+00,0.000000000000e+00,0.000000000000e+00,-6.126058028043e-10
0.000000000000e+00,-6.519199242938e-10,0.000000000000e+00,0.000000000000e+00,0.000000000000e+00,-6.126058028043e-10
0.000000000000e+00,8.436610784979e-10,0.000000000000e+00,0.000000000000e+00,0.000000000000e+00,-6.126058028043e-10
