sigma1,sigma2,sigma3
6.464493263608e-12,0.000000000000e+00,0.000000000000e+00
6.559559341014e-12,0.000000000000e+00,0.000000000000e+00
6.844757573232e-12,0.000000000000e+00,0.000000000000e+00
