Local DOF,R_e Value
0,0.000000000000e+00
1,-8.457481126369e-04
2,0.000000000000e+00
3,0.000000000000e+00
4,0.000000000000e+00
5,-1.637201284710e-03
6,0.000000000000e+00
7,-9.503934895366e-04
8,0.000000000000e+00
9,0.000000000000e+00
10,0.000000000000e+00
11,-1.710708281166e-03
