Local DOF,R_e Value
0,0.000000000000e+00
1,-3.884176517295e-05
2,0.000000000000e+00
3,0.000000000000e+00
4,0.000000000000e+00
5,-4.076297076215e-04
6,0.000000000000e+00
7,-6.830953206044e-05
8,0.000000000000e+00
9,0.000000000000e+00
10,0.000000000000e+00
11,-5.345963378643e-04
