Local DOF,R_e Value
0,0.000000000000e+00
1,-2.195928707269e-03
2,0.000000000000e+00
3,0.000000000000e+00
4,0.000000000000e+00
5,-2.200754924208e-03
6,0.000000000000e+00
7,-2.334264790878e-03
8,0.000000000000e+00
9,0.000000000000e+00
10,0.000000000000e+00
11,-2.225257256359e-03
