Local DOF,R_e Value
0,0.000000000000e+00
1,-1.410740336031e-03
2,0.000000000000e+00
3,0.000000000000e+00
4,0.000000000000e+00
5,-1.960186572170e-03
6,0.000000000000e+00
7,-1.534876204415e-03
8,0.000000000000e+00
9,0.000000000000e+00
10,0.000000000000e+00
11,-2.011418721215e-03
