Local DOF,R_e Value
0,0.000000000000e+00
1,-1.503552200243e-04
2,0.000000000000e+00
3,0.000000000000e+00
4,0.000000000000e+00
5,-7.751646899032e-04
6,0.000000000000e+00
7,-2.023762699155e-04
8,0.000000000000e+00
9,0.000000000000e+00
10,0.000000000000e+00
11,-8.887664116994e-04
