Local DOF,R_e Value
0,0.000000000000e+00
1,-2.613582096226e-04
2,0.000000000000e+00
3,0.000000000000e+00
4,0.000000000000e+00
5,-9.979131640134e-04
6,0.000000000000e+00
7,-3.270226035529e-04
8,0.000000000000e+00
9,0.000000000000e+00
10,0.000000000000e+00
11,-1.102604946845e-03
