Local DOF,R_e Value
0,0.000000000000e+00
1,-1.744863047196e-05
2,0.000000000000e+00
3,0.000000000000e+00
4,0.000000000000e+00
5,-2.762081078966e-04
6,0.000000000000e+00
7,-3.884176517295e-05
8,0.000000000000e+00
9,0.000000000000e+00
10,0.000000000000e+00
11,-4.076297076215e-04
