Local DOF,R_e Value
0,0.000000000000e+00
1,-1.090132833194e-03
2,0.000000000000e+00
3,0.000000000000e+00
4,0.000000000000e+00
5,-9.098512909677e-04
6,0.000000000000e+00
7,-1.147053484855e-03
8,0.000000000000e+00
9,0.000000000000e+00
10,0.000000000000e+00
11,-9.114643230997e-04
