Local DOF,R_e Value
0,0.000000000000e+00
1,-4.929374546137e-04
2,0.000000000000e+00
3,0.000000000000e+00
4,0.000000000000e+00
5,-7.891327391515e-04
6,0.000000000000e+00
7,-5.429413041738e-04
8,0.000000000000e+00
9,0.000000000000e+00
10,0.000000000000e+00
11,-8.105764490597e-04
