Local DOF,R_e Value
0,0.000000000000e+00
1,-3.973458509422e-04
2,0.000000000000e+00
3,0.000000000000e+00
4,0.000000000000e+00
5,-7.386013015728e-04
6,0.000000000000e+00
7,-4.443522804334e-04
8,0.000000000000e+00
9,0.000000000000e+00
10,0.000000000000e+00
11,-7.651657338771e-04
