Local DOF,R_e Value
0,0.000000000000e+00
1,-6.999416043543e-04
2,0.000000000000e+00
3,0.000000000000e+00
4,0.000000000000e+00
5,-8.606510601184e-04
6,0.000000000000e+00
7,-7.541269743253e-04
8,0.000000000000e+00
9,0.000000000000e+00
10,0.000000000000e+00
11,-8.729359611276e-04
