Local DOF,R_e Value
0,0.000000000000e+00
1,-9.767499680252e-04
2,0.000000000000e+00
3,0.000000000000e+00
4,0.000000000000e+00
5,-9.034853668965e-04
6,0.000000000000e+00
7,-1.033342449344e-03
8,0.000000000000e+00
9,0.000000000000e+00
10,0.000000000000e+00
11,-9.072602175622e-04
