Local DOF,R_e Value
0,0.000000000000e+00
1,-5.182438074654e-05
2,0.000000000000e+00
3,0.000000000000e+00
4,0.000000000000e+00
5,-3.193109254158e-04
6,0.000000000000e+00
7,-7.351454361440e-05
8,0.000000000000e+00
9,0.000000000000e+00
10,0.000000000000e+00
11,-3.742818154865e-04
