Local DOF,R_e Value
0,0.000000000000e+00
1,-2.284506876884e-04
2,0.000000000000e+00
3,0.000000000000e+00
4,0.000000000000e+00
5,-6.051797875009e-04
6,0.000000000000e+00
7,-2.674619740376e-04
8,0.000000000000e+00
9,0.000000000000e+00
10,0.000000000000e+00
11,-6.427093796097e-04
