Local DOF,R_e Value
0,0.000000000000e+00
1,-7.351454361440e-05
2,0.000000000000e+00
3,0.000000000000e+00
4,0.000000000000e+00
5,-3.742818154865e-04
6,0.000000000000e+00
7,-9.854815116750e-05
8,0.000000000000e+00
9,0.000000000000e+00
10,0.000000000000e+00
11,-4.263027928444e-04
