Local DOF,R_e Value
0,0.000000000000e+00
1,-8.090168685227e-04
2,0.000000000000e+00
3,0.000000000000e+00
4,0.000000000000e+00
5,-8.832177754564e-04
6,0.000000000000e+00
7,-8.644903352546e-04
8,0.000000000000e+00
9,0.000000000000e+00
10,0.000000000000e+00
11,-8.916342616521e-04
