Local DOF,R_e Value
0,0.000000000000e+00
1,-1.921340353484e-05
2,0.000000000000e+00
3,0.000000000000e+00
4,0.000000000000e+00
5,-2.004888082250e-04
6,0.000000000000e+00
7,-3.366230798357e-05
8,0.000000000000e+00
9,0.000000000000e+00
10,0.000000000000e+00
11,-2.613817931302e-04
