Local DOF,R_e Value
0,0.000000000000e+00
1,-1.673583535444e-04
2,0.000000000000e+00
3,0.000000000000e+00
4,0.000000000000e+00
5,-6.228047335982e-04
6,0.000000000000e+00
7,-5.791460326736e-04
8,0.000000000000e+00
9,0.000000000000e+00
10,0.000000000000e+00
11,-9.836572616487e-04
