element_id,total_strain_energy
0,1.014279505002e-01
1,3.892472866627e-02
2,8.434896905892e-03
3,5.470228152273e-04
