ε_xx,ε_yy,ε_zz,γ_xy,γ_yz,γ_xz
0.000000000000e+00,0.000000000000e+00,-1.568149257701e-03,-1.574899084574e-04,0.000000000000e+00,0.000000000000e+00
0.000000000000e+00,0.000000000000e+00,-1.568149257701e-03,-5.654509471302e-06,0.000000000000e+00,0.000000000000e+00
0.000000000000e+00,0.000000000000e+00,-1.568149257701e-03,1.461808895148e-04,0.000000000000e+00,0.000000000000e+00
