N,Vy,Vz,T,My,Mz
0.000000000000e+00,-1.917411542041e-11,0.000000000000e+00,0.000000000000e+00,0.000000000000e+00,9.506607740600e-14
0.000000000000e+00,-9.587057710203e-12,0.000000000000e+00,0.000000000000e+00,0.000000000000e+00,9.506607740600e-14
0.000000000000e+00,-9.587057710203e-12,0.000000000000e+00,0.000000000000e+00,0.000000000000e+00,9.506607740600e-14
