N,Vy,Vz,T,My,Mz
0.000000000000e+00,1.054576348122e-10,0.000000000000e+00,0.000000000000e+00,0.000000000000e+00,4.895902986409e-12
0.000000000000e+00,9.587057710203e-12,0.000000000000e+00,0.000000000000e+00,0.000000000000e+00,4.895902986409e-12
0.000000000000e+00,-8.628351939183e-11,0.000000000000e+00,0.000000000000e+00,0.000000000000e+00,4.895902986409e-12
