N,Vy,Vz,T,My,Mz
0.000000000000e+00,7.669646168162e-11,0.000000000000e+00,0.000000000000e+00,0.000000000000e+00,3.612510941428e-12
0.000000000000e+00,9.587057710203e-12,0.000000000000e+00,0.000000000000e+00,0.000000000000e+00,3.612510941428e-12
0.000000000000e+00,-6.231587511632e-11,0.000000000000e+00,0.000000000000e+00,0.000000000000e+00,3.612510941428e-12
