Local DOF,R_e Value
0,0.000000000000e+00
1,-1.924546816269e-03
2,0.000000000000e+00
3,0.000000000000e+00
4,0.000000000000e+00
5,-2.138385351410e-03
6,-0.000000000000e+00
7,-2.473993052395e-03
8,-0.000000000000e+00
9,-0.000000000000e+00
10,-0.000000000000e+00
11,-2.245304618980e-03
