ε_xx,ε_yy,ε_zz,γ_xy,γ_yz,γ_xz
0.000000000000e+00,0.000000000000e+00,-1.087012553633e-03,-1.130244884566e-04,0.000000000000e+00,0.000000000000e+00
0.000000000000e+00,0.000000000000e+00,-1.087012553633e-03,-7.774950523041e-06,0.000000000000e+00,0.000000000000e+00
0.000000000000e+00,0.000000000000e+00,-1.087012553633e-03,9.747458741048e-05,0.000000000000e+00,0.000000000000e+00
