ε_xx,ε_yy,ε_zz,γ_xy,γ_yz,γ_xz
0.000000000000e+00,0.000000000000e+00,-1.514689623915e-03,-1.558477700933e-04,0.000000000000e+00,0.000000000000e+00
0.000000000000e+00,0.000000000000e+00,-1.514689623915e-03,-9.188577890867e-06,0.000000000000e+00,0.000000000000e+00
0.000000000000e+00,0.000000000000e+00,-1.514689623915e-03,1.374706143116e-04,0.000000000000e+00,0.000000000000e+00
