ε_xx,ε_yy,ε_zz,γ_xy,γ_yz,γ_xz
0.000000000000e+00,0.000000000000e+00,-4.454969482104e-04,-4.808275231752e-05,0.000000000000e+00,0.000000000000e+00
0.000000000000e+00,0.000000000000e+00,-4.454969482104e-04,-4.947695787389e-06,0.000000000000e+00,0.000000000000e+00
0.000000000000e+00,0.000000000000e+00,-4.454969482104e-04,3.818736074274e-05,0.000000000000e+00,0.000000000000e+00
