sigma1,sigma2,sigma3
1.533929233632e-10,-1.901321548120e-12,-1.533929233632e-10
0.000000000000e+00,0.000000000000e+00,-1.901321548120e-12
0.000000000000e+00,0.000000000000e+00,-1.901321548120e-12
