element_id,total_strain_energy
0,4.395569889010e-01
1,2.257184537600e-01
2,8.315943033262e-02
3,1.187991861894e-02
