Local DOF,R_e Value
0,0.000000000000e+00
1,-1.038300404367e-03
2,0.000000000000e+00
3,0.000000000000e+00
4,0.000000000000e+00
5,-9.071646752485e-04
6,0.000000000000e+00
7,-1.095165153652e-03
8,0.000000000000e+00
9,0.000000000000e+00
10,0.000000000000e+00
11,-9.097545363896e-04
