Local DOF,R_e Value
0,0.000000000000e+00
1,-1.284862028039e-04
2,0.000000000000e+00
3,0.000000000000e+00
4,0.000000000000e+00
5,-4.753491046276e-04
6,0.000000000000e+00
7,-1.598690525137e-04
8,0.000000000000e+00
9,0.000000000000e+00
10,0.000000000000e+00
11,-5.215045285179e-04
