Local DOF,R_e Value
0,0.000000000000e+00
1,-4.964995591937e-04
2,0.000000000000e+00
3,0.000000000000e+00
4,0.000000000000e+00
5,-7.890612835146e-04
6,0.000000000000e+00
7,-5.466829425023e-04
8,0.000000000000e+00
9,0.000000000000e+00
10,0.000000000000e+00
11,-8.105017418345e-04
