Local DOF,R_e Value
0,0.000000000000e+00
1,-3.115207374722e-04
2,0.000000000000e+00
3,0.000000000000e+00
4,0.000000000000e+00
5,-6.773695918629e-04
6,0.000000000000e+00
7,-3.550724646884e-04
8,0.000000000000e+00
9,0.000000000000e+00
10,0.000000000000e+00
11,-7.093131990535e-04
