Local DOF,R_e Value
0,0.000000000000e+00
1,-4.005314358682e-04
2,0.000000000000e+00
3,0.000000000000e+00
4,0.000000000000e+00
5,-7.385368022953e-04
6,0.000000000000e+00
7,-4.477288153004e-04
8,0.000000000000e+00
9,0.000000000000e+00
10,0.000000000000e+00
11,-7.650976839106e-04
