Local DOF,R_e Value
0,0.000000000000e+00
1,-7.585118823132e-04
2,0.000000000000e+00
3,0.000000000000e+00
4,0.000000000000e+00
5,-8.728499696453e-04
6,0.000000000000e+00
7,-8.135399034307e-04
8,0.000000000000e+00
9,0.000000000000e+00
10,0.000000000000e+00
11,-8.831294387520e-04
