Local DOF,R_e Value
0,0.000000000000e+00
1,-9.102690810041e-06
2,0.000000000000e+00
3,0.000000000000e+00
4,0.000000000000e+00
5,-1.366192679800e-04
6,0.000000000000e+00
7,-1.987237220342e-05
8,0.000000000000e+00
9,0.000000000000e+00
10,0.000000000000e+00
11,-2.004749294936e-04
