Local DOF,R_e Value
0,0.000000000000e+00
1,-1.266456230544e-04
2,0.000000000000e+00
3,0.000000000000e+00
4,0.000000000000e+00
5,-4.754055714523e-04
6,0.000000000000e+00
7,-2.673400489922e-04
8,0.000000000000e+00
9,0.000000000000e+00
10,0.000000000000e+00
11,-6.428497759711e-04
