Local DOF,R_e Value
0,0.000000000000e+00
1,-3.361318446754e-05
2,0.000000000000e+00
3,0.000000000000e+00
4,0.000000000000e+00
5,-2.613698110998e-04
6,0.000000000000e+00
7,-1.266456230544e-04
8,0.000000000000e+00
9,0.000000000000e+00
10,0.000000000000e+00
11,-4.754055714523e-04
