N,Vy,Vz,T,My,Mz
0.000000000000e+00,-4.736760359694e+03,0.000000000000e+00,0.000000000000e+00,0.000000000000e+00,-1.149088541667e+02
0.000000000000e+00,-2.486979166667e+02,0.000000000000e+00,0.000000000000e+00,0.000000000000e+00,-1.149088541667e+02
0.000000000000e+00,4.239364526360e+03,0.000000000000e+00,0.000000000000e+00,0.000000000000e+00,-1.149088541667e+02
