N,Vy,Vz,T,My,Mz
0.000000000000e+00,-1.135307440893e+03,0.000000000000e+00,0.000000000000e+00,0.000000000000e+00,-2.636718750000e+01
0.000000000000e+00,-1.054687500000e+02,0.000000000000e+00,0.000000000000e+00,0.000000000000e+00,-2.636718750000e+01
0.000000000000e+00,9.243699408928e+02,0.000000000000e+00,0.000000000000e+00,0.000000000000e+00,-2.636718750000e+01
