sigma1,sigma2,sigma3
0.000000000000e+00,0.000000000000e+00,-3.802643096240e-13
3.564977902725e-13,0.000000000000e+00,0.000000000000e+00
7.605286192480e-13,0.000000000000e+00,0.000000000000e+00
