Local DOF,R_e Value
0,0.000000000000e+00
1,-2.280047051705e-04
2,0.000000000000e+00
3,0.000000000000e+00
4,0.000000000000e+00
5,-5.251295277076e-04
6,0.000000000000e+00
7,-2.447396252409e-04
8,0.000000000000e+00
9,0.000000000000e+00
10,0.000000000000e+00
11,-5.345963378572e-04
