Local DOF,R_e Value
0,0.000000000000e+00
1,-6.157246001571e-05
2,0.000000000000e+00
3,0.000000000000e+00
4,0.000000000000e+00
5,-3.246559010109e-04
6,0.000000000000e+00
7,-7.225140594634e-05
8,0.000000000000e+00
9,0.000000000000e+00
10,0.000000000000e+00
11,-3.474876196068e-04
