Local DOF,R_e Value
0,0.000000000000e+00
1,-4.244205289552e-05
2,0.000000000000e+00
3,0.000000000000e+00
4,0.000000000000e+00
5,-2.756512367073e-04
6,0.000000000000e+00
7,-5.162440751575e-05
8,0.000000000000e+00
9,0.000000000000e+00
10,0.000000000000e+00
11,-3.007104400443e-04
