Local DOF,R_e Value
0,0.000000000000e+00
1,-3.406020060412e-05
2,0.000000000000e+00
3,0.000000000000e+00
4,0.000000000000e+00
5,-2.494782909997e-04
6,0.000000000000e+00
7,-4.244205289552e-05
8,0.000000000000e+00
9,0.000000000000e+00
10,0.000000000000e+00
11,-2.756512367073e-04
