Local DOF,R_e Value
0,0.000000000000e+00
1,-9.233903708319e-06
2,0.000000000000e+00
3,0.000000000000e+00
4,0.000000000000e+00
5,-1.336490844641e-04
6,0.000000000000e+00
7,-1.406570219364e-05
8,0.000000000000e+00
9,0.000000000000e+00
10,0.000000000000e+00
11,-1.642769996538e-04
