Local DOF,R_e Value
0,0.000000000000e+00
1,-1.955093896038e-04
2,0.000000000000e+00
3,0.000000000000e+00
4,0.000000000000e+00
5,-5.028546802968e-04
6,0.000000000000e+00
7,-2.115830251418e-04
8,0.000000000000e+00
9,0.000000000000e+00
10,0.000000000000e+00
11,-5.145489751875e-04
