Local DOF,R_e Value
0,0.000000000000e+00
1,-2.528684909408e-06
2,0.000000000000e+00
3,0.000000000000e+00
4,0.000000000000e+00
5,-6.905202697312e-05
6,0.000000000000e+00
7,-5.376629797215e-06
8,0.000000000000e+00
9,0.000000000000e+00
10,0.000000000000e+00
11,-1.019074269039e-04
