ε_xx,ε_yy,ε_zz,γ_xy,γ_yz,γ_xz
0.000000000000e+00,0.000000000000e+00,-9.266336522780e-04,-1.865099720045e-04,0.000000000000e+00,0.000000000000e+00
0.000000000000e+00,0.000000000000e+00,-9.266336522780e-04,-7.068136839130e-06,0.000000000000e+00,0.000000000000e+00
0.000000000000e+00,0.000000000000e+00,-9.266336522780e-04,1.723736983263e-04,0.000000000000e+00,0.000000000000e+00
