Local DOF,R_e Value
0,0.000000000000e+00
1,-9.987946140061e-05
2,0.000000000000e+00
3,0.000000000000e+00
4,-0.000000000000e+00
5,-3.688286918776e-06
6,0.000000000000e+00
7,-1.035893222511e-04
8,0.000000000000e+00
9,0.000000000000e+00
10,-0.000000000000e+00
11,-3.738610252936e-06
