Local DOF,R_e Value
0,0.000000000000e+00
1,-5.736812446602e-06
2,0.000000000000e+00
3,0.000000000000e+00
4,-0.000000000000e+00
5,-1.036546614012e-06
6,0.000000000000e+00
7,-6.811184719926e-06
8,0.000000000000e+00
9,0.000000000000e+00
10,0.000000000000e+00
11,-1.124790645851e-06
