Local DOF,R_e Value
0,0.000000000000e+00
1,-1.914855107177e-04
2,0.000000000000e+00
3,0.000000000000e+00
4,-0.000000000000e+00
5,-4.564882341699e-06
6,0.000000000000e+00
7,-1.960625580960e-04
8,0.000000000000e+00
9,0.000000000000e+00
10,-0.000000000000e+00
11,-4.593251587281e-06
