Local DOF,R_e Value
0,0.000000000000e+00
1,-1.646658825223e-04
2,0.000000000000e+00
3,0.000000000000e+00
4,-0.000000000000e+00
5,-4.373710692360e-06
6,0.000000000000e+00
7,-1.690543243137e-04
8,0.000000000000e+00
9,0.000000000000e+00
10,-0.000000000000e+00
11,-4.408067416740e-06
