Local DOF,R_e Value
0,0.000000000000e+00
1,-5.016714815248e-04
2,0.000000000000e+00
3,0.000000000000e+00
4,0.000000000000e+00
5,-1.150495868754e-03
6,0.000000000000e+00
7,-6.526224116520e-04
8,0.000000000000e+00
9,0.000000000000e+00
10,0.000000000000e+00
11,-1.251289553287e-03
