Local DOF,R_e Value
0,0.000000000000e+00
1,-9.859312654369e-04
2,0.000000000000e+00
3,0.000000000000e+00
4,0.000000000000e+00
5,-1.394962319085e-03
6,0.000000000000e+00
7,-1.163834219612e-03
8,0.000000000000e+00
9,0.000000000000e+00
10,0.000000000000e+00
11,-1.442296369832e-03
