Local DOF,R_e Value
0,0.000000000000e+00
1,-2.444023054507e-04
2,0.000000000000e+00
3,0.000000000000e+00
4,0.000000000000e+00
5,-8.798564727163e-04
6,0.000000000000e+00
7,-3.646235882168e-04
8,0.000000000000e+00
9,0.000000000000e+00
10,0.000000000000e+00
11,-1.027427336811e-03
