Local DOF,R_e Value
0,0.000000000000e+00
1,-6.752604439787e-05
2,0.000000000000e+00
3,0.000000000000e+00
4,0.000000000000e+00
5,-5.022978091077e-04
6,0.000000000000e+00
7,-1.442096425418e-04
8,0.000000000000e+00
9,0.000000000000e+00
10,0.000000000000e+00
11,-7.055557917288e-04
