ε_xx,ε_yy,ε_zz,γ_xy,γ_yz,γ_xz
0.000000000000e+00,0.000000000000e+00,-1.394405447900e-03,-7.634153451863e-05,0.000000000000e+00,0.000000000000e+00
0.000000000000e+00,0.000000000000e+00,-1.394405447900e-03,-8.835171048917e-06,0.000000000000e+00,0.000000000000e+00
0.000000000000e+00,0.000000000000e+00,-1.394405447900e-03,5.867119242079e-05,0.000000000000e+00,0.000000000000e+00
