ε_xx,ε_yy,ε_zz,γ_xy,γ_yz,γ_xz
0.000000000000e+00,0.000000000000e+00,-1.180566912759e-03,-6.528230726748e-05,0.000000000000e+00,0.000000000000e+00
0.000000000000e+00,0.000000000000e+00,-1.180566912759e-03,-8.128357365005e-06,0.000000000000e+00,0.000000000000e+00
0.000000000000e+00,0.000000000000e+00,-1.180566912759e-03,4.902559253747e-05,0.000000000000e+00,0.000000000000e+00
