ε_xx,ε_yy,ε_zz,γ_xy,γ_yz,γ_xz
0.000000000000e+00,0.000000000000e+00,-2.717531384086e-04,-1.704366750323e-05,0.000000000000e+00,0.000000000000e+00
0.000000000000e+00,0.000000000000e+00,-2.717531384086e-04,-3.887475261527e-06,0.000000000000e+00,0.000000000000e+00
0.000000000000e+00,0.000000000000e+00,-2.717531384086e-04,9.268716980171e-06,0.000000000000e+00,0.000000000000e+00
