ε_xx,ε_yy,ε_zz,γ_xy,γ_yz,γ_xz
0.000000000000e+00,0.000000000000e+00,-1.626063860969e-03,-8.826346290039e-05,0.000000000000e+00,0.000000000000e+00
0.000000000000e+00,0.000000000000e+00,-1.626063860969e-03,-9.541984732830e-06,0.000000000000e+00,0.000000000000e+00
0.000000000000e+00,0.000000000000e+00,-1.626063860969e-03,6.917949343472e-05,0.000000000000e+00,0.000000000000e+00
