ε_xx,ε_yy,ε_zz,γ_xy,γ_yz,γ_xz
0.000000000000e+00,0.000000000000e+00,-5.034115514782e-04,-2.967240956889e-05,0.000000000000e+00,0.000000000000e+00
0.000000000000e+00,0.000000000000e+00,-5.034115514782e-04,-5.301102629352e-06,0.000000000000e+00,0.000000000000e+00
0.000000000000e+00,0.000000000000e+00,-5.034115514782e-04,1.907020431019e-05,0.000000000000e+00,0.000000000000e+00
