ε_xx,ε_yy,ε_zz,γ_xy,γ_yz,γ_xz
0.000000000000e+00,0.000000000000e+00,-1.875542151967e-03,-1.010480924127e-04,0.000000000000e+00,0.000000000000e+00
0.000000000000e+00,0.000000000000e+00,-1.875542151967e-03,-1.024879841674e-05,0.000000000000e+00,0.000000000000e+00
0.000000000000e+00,0.000000000000e+00,-1.875542151967e-03,8.055049557926e-05,0.000000000000e+00,0.000000000000e+00
