element_id,total_strain_energy
0,4.178464995629e-01
1,4.705566767047e-02
2,3.096158226749e-29
3,4.698977895530e-30
