ε_xx,ε_yy,ε_zz,γ_xy,γ_yz,γ_xz
0.000000000000e+00,0.000000000000e+00,6.938893903907e-18,7.589415207399e-19,0.000000000000e+00,0.000000000000e+00
0.000000000000e+00,0.000000000000e+00,6.938893903907e-18,0.000000000000e+00,0.000000000000e+00,0.000000000000e+00
0.000000000000e+00,0.000000000000e+00,6.938893903907e-18,-6.505213034913e-19,0.000000000000e+00,0.000000000000e+00
