ε_xx,ε_yy,ε_zz,γ_xy,γ_yz,γ_xz
0.000000000000e+00,0.000000000000e+00,1.084202172486e-19,1.084202172486e-19,0.000000000000e+00,0.000000000000e+00
0.000000000000e+00,0.000000000000e+00,1.084202172486e-19,0.000000000000e+00,0.000000000000e+00,0.000000000000e+00
0.000000000000e+00,0.000000000000e+00,1.084202172486e-19,0.000000000000e+00,0.000000000000e+00,0.000000000000e+00
