Local DOF,R_e Value
0,0.000000000000e+00
1,-1.756447997043e-04
2,0.000000000000e+00
3,0.000000000000e+00
4,-0.000000000000e+00
5,-8.916717450752e-07
6,0.000000000000e+00
7,-1.765370272433e-04
8,0.000000000000e+00
9,0.000000000000e+00
10,-0.000000000000e+00
11,-8.929684709144e-07
