Local DOF,R_e Value
0,0.000000000000e+00
1,-1.421061388654e-06
2,0.000000000000e+00
3,0.000000000000e+00
4,-0.000000000000e+00
5,-1.048498134874e-07
6,0.000000000000e+00
7,-1.527527639193e-06
8,0.000000000000e+00
9,0.000000000000e+00
10,-0.000000000000e+00
11,-1.086213732226e-07
