Local DOF,R_e Value
0,0.000000000000e+00
1,-3.095672990053e-04
2,0.000000000000e+00
3,0.000000000000e+00
4,-0.000000000000e+00
5,-9.955349661180e-07
6,0.000000000000e+00
7,-3.105629107631e-04
8,0.000000000000e+00
9,0.000000000000e+00
10,-0.000000000000e+00
11,-9.957140198748e-07
