Local DOF,R_e Value
0,0.000000000000e+00
1,-3.639370334182e-05
2,0.000000000000e+00
3,0.000000000000e+00
4,-0.000000000000e+00
5,-4.862484724295e-07
6,0.000000000000e+00
7,-3.688117478730e-05
8,0.000000000000e+00
9,0.000000000000e+00
10,-0.000000000000e+00
11,-4.891019494978e-07
