Local DOF,R_e Value
0,0.000000000000e+00
1,-7.570772573844e-06
2,0.000000000000e+00
3,0.000000000000e+00
4,-0.000000000000e+00
5,-2.355964669216e-07
6,0.000000000000e+00
7,-7.807862306474e-06
8,0.000000000000e+00
9,0.000000000000e+00
10,-0.000000000000e+00
11,-2.390806268544e-07
