Local DOF,R_e Value
0,0.000000000000e+00
1,-4.295085324039e-05
2,0.000000000000e+00
3,0.000000000000e+00
4,-0.000000000000e+00
5,-5.227209745218e-07
6,0.000000000000e+00
7,-4.347475270941e-05
8,0.000000000000e+00
9,0.000000000000e+00
10,-0.000000000000e+00
11,-5.254706682955e-07
