Local DOF,R_e Value
0,0.000000000000e+00
1,-9.360349469993e-05
2,0.000000000000e+00
3,0.000000000000e+00
4,-0.000000000000e+00
5,-7.195801705918e-07
6,0.000000000000e+00
7,-9.432397622927e-05
8,0.000000000000e+00
9,0.000000000000e+00
10,-0.000000000000e+00
11,-7.216832142865e-07
