Local DOF,R_e Value
0,0.000000000000e+00
1,-4.506289681722e-05
2,0.000000000000e+00
3,0.000000000000e+00
4,-0.000000000000e+00
5,-5.336718496307e-07
6,0.000000000000e+00
7,-4.559773347563e-05
8,0.000000000000e+00
9,0.000000000000e+00
10,-0.000000000000e+00
11,-5.363896100808e-07
