Local DOF,R_e Value
0,0.000000000000e+00
1,-2.264284271980e-04
2,0.000000000000e+00
3,0.000000000000e+00
4,-0.000000000000e+00
5,-9.511363302657e-07
6,0.000000000000e+00
7,-2.273799311421e-04
8,0.000000000000e+00
9,0.000000000000e+00
10,-0.000000000000e+00
11,-9.519939691715e-07
