Local DOF,R_e Value
0,0.000000000000e+00
1,-1.955602644724e-04
2,0.000000000000e+00
3,0.000000000000e+00
4,-0.000000000000e+00
5,-9.183555523205e-07
6,0.000000000000e+00
7,-1.964791005467e-04
8,0.000000000000e+00
9,0.000000000000e+00
10,-0.000000000000e+00
11,-9.194766436825e-07
