Local DOF,R_e Value
0,0.000000000000e+00
1,-2.331066139533e-04
2,0.000000000000e+00
3,0.000000000000e+00
4,-0.000000000000e+00
5,-9.569721508208e-07
6,0.000000000000e+00
7,-2.340639297677e-04
8,0.000000000000e+00
9,0.000000000000e+00
10,-0.000000000000e+00
11,-9.577739058050e-07
