Local DOF,R_e Value
0,0.000000000000e+00
1,-8.721496118798e-05
2,0.000000000000e+00
3,0.000000000000e+00
4,-0.000000000000e+00
5,-7.002935272690e-07
6,0.000000000000e+00
7,-8.791618686687e-05
8,0.000000000000e+00
9,0.000000000000e+00
10,-0.000000000000e+00
11,-7.024684209854e-07
