Local DOF,R_e Value
0,0.000000000000e+00
1,-5.654028227185e-07
2,0.000000000000e+00
3,0.000000000000e+00
4,-0.000000000000e+00
5,-6.669513300772e-08
6,0.000000000000e+00
7,-6.337486070481e-07
8,0.000000000000e+00
9,0.000000000000e+00
10,-0.000000000000e+00
11,-7.054652603925e-08
