Local DOF,R_e Value
0,0.000000000000e+00
1,-2.634429694390e-04
2,0.000000000000e+00
3,0.000000000000e+00
4,0.000000000000e+00
5,-9.979131639923e-04
6,0.000000000000e+00
7,-4.016969658830e-04
8,0.000000000000e+00
9,0.000000000000e+00
10,0.000000000000e+00
11,-1.202841760169e-03
