Local DOF,R_e Value
0,0.000000000000e+00
1,-1.796982042708e-05
2,0.000000000000e+00
3,0.000000000000e+00
4,0.000000000000e+00
5,-2.762081078907e-04
6,0.000000000000e+00
7,-6.935191196998e-05
8,0.000000000000e+00
9,0.000000000000e+00
10,0.000000000000e+00
11,-5.345963378530e-04
