Local DOF,R_e Value
0,0.000000000000e+00
1,-6.935191196998e-05
2,0.000000000000e+00
3,0.000000000000e+00
4,0.000000000000e+00
5,-5.345963378530e-04
6,0.000000000000e+00
7,-1.519187898876e-04
8,0.000000000000e+00
9,0.000000000000e+00
10,0.000000000000e+00
11,-7.751646898869e-04
