N,Vy,Vz,T,My,Mz
0.000000000000e+00,-7.589464351065e+03,0.000000000000e+00,0.000000000000e+00,0.000000000000e+00,-3.655598958333e+02
0.000000000000e+00,-4.505208333333e+02,0.000000000000e+00,0.000000000000e+00,0.000000000000e+00,-3.655598958333e+02
0.000000000000e+00,6.688422684399e+03,0.000000000000e+00,0.000000000000e+00,0.000000000000e+00,-3.655598958333e+02
