N,Vy,Vz,T,My,Mz
0.000000000000e+00,-8.749010474635e+02,0.000000000000e+00,0.000000000000e+00,0.000000000000e+00,-3.613281250000e+01
0.000000000000e+00,-1.692708333332e+02,0.000000000000e+00,0.000000000000e+00,0.000000000000e+00,-3.613281250000e+01
0.000000000000e+00,5.363593807969e+02,0.000000000000e+00,0.000000000000e+00,0.000000000000e+00,-3.613281250000e+01
