Local DOF,U_e Value
0,0.000000000000e+00
1,3.333333729738e+02
2,0.000000000000e+00
3,0.000000000000e+00
4,0.000000000000e+00
5,4.999999999040e+02
6,0.000000000000e+00
7,1.192131006720e-04
8,0.000000000000e+00
9,0.000000000000e+00
10,0.000000000000e+00
11,0.000000000000e+00
