Local DOF,R_e Value
0,0.000000000000e+00
1,-1.589227818467e-05
2,0.000000000000e+00
3,0.000000000000e+00
4,0.000000000000e+00
5,-1.069192675706e-04
6,0.000000000000e+00
7,-3.163461387070e-05
8,0.000000000000e+00
9,0.000000000000e+00
10,0.000000000000e+00
11,-1.336490844632e-04
