Local DOF,R_e Value
0,0.000000000000e+00
1,-4.960443429777e-05
2,0.000000000000e+00
3,0.000000000000e+00
4,0.000000000000e+00
5,-1.425590234274e-04
6,0.000000000000e+00
7,-6.742431222620e-05
8,0.000000000000e+00
9,0.000000000000e+00
10,0.000000000000e+00
11,-1.425590234274e-04
