Local DOF,R_e Value
0,0.000000000000e+00
1,-4.978428396252e-04
2,0.000000000000e+00
3,0.000000000000e+00
4,0.000000000000e+00
5,-1.153837095865e-03
6,0.000000000000e+00
7,-8.108044457430e-04
8,0.000000000000e+00
9,0.000000000000e+00
10,0.000000000000e+00
11,-1.336490844631e-03
