Local DOF,U_e Value
0,0.000000000000e+00
1,5.006510416671e+02
2,0.000000000000e+00
3,0.000000000000e+00
4,0.000000000000e+00
5,6.666666666672e+02
6,0.000000000000e+00
7,1.302083333333e+00
8,0.000000000000e+00
9,0.000000000000e+00
10,0.000000000000e+00
11,0.000000000000e+00
