N,Vy,Vz,T,My,Mz
0.000000000000e+00,-5.130038973535e+01,0.000000000000e+00,0.000000000000e+00,0.000000000000e+00,-2.506291183394e+00
0.000000000000e+00,-4.824133713490e+01,0.000000000000e+00,0.000000000000e+00,0.000000000000e+00,-2.506291183394e+00
0.000000000000e+00,-4.518228453446e+01,0.000000000000e+00,0.000000000000e+00,0.000000000000e+00,-2.506291183394e+00
