N,Vy,Vz,T,My,Mz
0.000000000000e+00,-8.315789842215e+02,0.000000000000e+00,0.000000000000e+00,0.000000000000e+00,-4.089126837665e+02
0.000000000000e+00,-3.324807881449e+02,0.000000000000e+00,0.000000000000e+00,0.000000000000e+00,-4.089126837665e+02
0.000000000000e+00,1.666174079316e+02,0.000000000000e+00,0.000000000000e+00,0.000000000000e+00,-4.089126837665e+02
