N,Vy,Vz,T,My,Mz
0.000000000000e+00,-1.396942299523e+02,0.000000000000e+00,0.000000000000e+00,0.000000000000e+00,-1.705792080458e+01
0.000000000000e+00,-1.188741922278e+02,0.000000000000e+00,0.000000000000e+00,0.000000000000e+00,-1.705792080458e+01
0.000000000000e+00,-9.805415450217e+01,0.000000000000e+00,0.000000000000e+00,0.000000000000e+00,-1.705792080458e+01
