N,Vy,Vz,T,My,Mz
0.000000000000e+00,-8.766842288042e+02,0.000000000000e+00,0.000000000000e+00,0.000000000000e+00,-4.453201494928e+02
0.000000000000e+00,-3.331489164702e+02,0.000000000000e+00,0.000000000000e+00,0.000000000000e+00,-4.453201494928e+02
0.000000000000e+00,2.103863958639e+02,0.000000000000e+00,0.000000000000e+00,0.000000000000e+00,-4.453201494928e+02
