N,Vy,Vz,T,My,Mz
0.000000000000e+00,-7.323937417525e+02,0.000000000000e+00,0.000000000000e+00,0.000000000000e+00,-3.314228457815e+02
0.000000000000e+00,-3.278757333003e+02,0.000000000000e+00,0.000000000000e+00,0.000000000000e+00,-3.314228457815e+02
0.000000000000e+00,7.664227515194e+01,0.000000000000e+00,0.000000000000e+00,0.000000000000e+00,-3.314228457815e+02
