N,Vy,Vz,T,My,Mz
0.000000000000e+00,-1.558826181704e+02,0.000000000000e+00,0.000000000000e+00,0.000000000000e+00,-2.095223000700e+01
0.000000000000e+00,-1.303093830633e+02,0.000000000000e+00,0.000000000000e+00,0.000000000000e+00,-2.095223000700e+01
0.000000000000e+00,-1.047361479551e+02,0.000000000000e+00,0.000000000000e+00,0.000000000000e+00,-2.095223000700e+01
