N,Vy,Vz,T,My,Mz
0.000000000000e+00,-5.413834486920e+02,0.000000000000e+00,0.000000000000e+00,0.000000000000e+00,-1.978892041119e+02
0.000000000000e+00,-2.998498677683e+02,0.000000000000e+00,0.000000000000e+00,0.000000000000e+00,-1.978892041119e+02
0.000000000000e+00,-5.831628684469e+01,0.000000000000e+00,0.000000000000e+00,0.000000000000e+00,-1.978892041119e+02
