N,Vy,Vz,T,My,Mz
0.000000000000e+00,-7.525466880322e+01,0.000000000000e+00,0.000000000000e+00,0.000000000000e+00,-5.254005702388e+00
0.000000000000e+00,-6.884189445774e+01,0.000000000000e+00,0.000000000000e+00,0.000000000000e+00,-5.254005702388e+00
0.000000000000e+00,-6.242912011103e+01,0.000000000000e+00,0.000000000000e+00,0.000000000000e+00,-5.254005702388e+00
