N,Vy,Vz,T,My,Mz
0.000000000000e+00,-9.022449167807e+02,0.000000000000e+00,0.000000000000e+00,0.000000000000e+00,-4.661469809472e+02
0.000000000000e+00,-3.332894244876e+02,0.000000000000e+00,0.000000000000e+00,0.000000000000e+00,-4.661469809472e+02
0.000000000000e+00,2.356660678055e+02,0.000000000000e+00,0.000000000000e+00,0.000000000000e+00,-4.661469809472e+02
