N,Vy,Vz,T,My,Mz
0.000000000000e+00,-7.791884859091e+02,0.000000000000e+00,0.000000000000e+00,0.000000000000e+00,-3.674506299220e+02
0.000000000000e+00,-3.306967813917e+02,0.000000000000e+00,0.000000000000e+00,0.000000000000e+00,-3.674506299220e+02
0.000000000000e+00,1.177949231258e+02,0.000000000000e+00,0.000000000000e+00,0.000000000000e+00,-3.674506299220e+02
