N,Vy,Vz,T,My,Mz
0.000000000000e+00,-3.412393326538e+02,0.000000000000e+00,0.000000000000e+00,0.000000000000e+00,-8.787407507795e+01
0.000000000000e+00,-2.339846690185e+02,0.000000000000e+00,0.000000000000e+00,0.000000000000e+00,-8.787407507795e+01
0.000000000000e+00,-1.267300053845e+02,0.000000000000e+00,0.000000000000e+00,0.000000000000e+00,-8.787407507795e+01
