N,Vy,Vz,T,My,Mz
0.000000000000e+00,-3.886359108648e+02,0.000000000000e+00,0.000000000000e+00,0.000000000000e+00,-1.107448541125e+02
0.000000000000e+00,-2.534663279522e+02,0.000000000000e+00,0.000000000000e+00,0.000000000000e+00,-1.107448541125e+02
0.000000000000e+00,-1.182967450397e+02,0.000000000000e+00,0.000000000000e+00,0.000000000000e+00,-1.107448541125e+02
