N,Vy,Vz,T,My,Mz
0.000000000000e+00,-3.253139269108e+02,0.000000000000e+00,0.000000000000e+00,0.000000000000e+00,-8.067291011811e+01
0.000000000000e+00,-2.268486419965e+02,0.000000000000e+00,0.000000000000e+00,0.000000000000e+00,-8.067291011811e+01
0.000000000000e+00,-1.283833570821e+02,0.000000000000e+00,0.000000000000e+00,0.000000000000e+00,-8.067291011811e+01
