N,Vy,Vz,T,My,Mz
0.000000000000e+00,-7.592530940164e+02,0.000000000000e+00,0.000000000000e+00,0.000000000000e+00,-3.519728832007e+02
0.000000000000e+00,-3.296527464428e+02,0.000000000000e+00,0.000000000000e+00,0.000000000000e+00,-3.519728832007e+02
0.000000000000e+00,9.994760113071e+01,0.000000000000e+00,0.000000000000e+00,0.000000000000e+00,-3.519728832007e+02
