N,Vy,Vz,T,My,Mz
0.000000000000e+00,-4.965079990811e+02,0.000000000000e+00,0.000000000000e+00,0.000000000000e+00,-1.702862633185e+02
0.000000000000e+00,-2.886651753859e+02,0.000000000000e+00,0.000000000000e+00,0.000000000000e+00,-1.702862633185e+02
0.000000000000e+00,-8.082235169040e+01,0.000000000000e+00,0.000000000000e+00,0.000000000000e+00,-1.702862633185e+02
