N,Vy,Vz,T,My,Mz
0.000000000000e+00,-1.176143220374e+01,0.000000000000e+00,0.000000000000e+00,0.000000000000e+00,-1.511626567469e-01
0.000000000000e+00,-1.157693068993e+01,0.000000000000e+00,0.000000000000e+00,0.000000000000e+00,-1.511626567469e-01
0.000000000000e+00,-1.139242917490e+01,0.000000000000e+00,0.000000000000e+00,0.000000000000e+00,-1.511626567469e-01
