N,Vy,Vz,T,My,Mz
0.000000000000e+00,-6.776287573207e+02,0.000000000000e+00,0.000000000000e+00,0.000000000000e+00,-2.907344602240e+02
0.000000000000e+00,-3.227729399404e+02,0.000000000000e+00,0.000000000000e+00,0.000000000000e+00,-2.907344602240e+02
0.000000000000e+00,3.208287743965e+01,0.000000000000e+00,0.000000000000e+00,0.000000000000e+00,-2.907344602240e+02
