N,Vy,Vz,T,My,Mz
0.000000000000e+00,-6.983363449608e+02,0.000000000000e+00,0.000000000000e+00,0.000000000000e+00,-3.059166275127e+02
0.000000000000e+00,-3.249499399830e+02,0.000000000000e+00,0.000000000000e+00,0.000000000000e+00,-3.059166275127e+02
0.000000000000e+00,4.843646499486e+01,0.000000000000e+00,0.000000000000e+00,0.000000000000e+00,-3.059166275127e+02
