N,Vy,Vz,T,My,Mz
0.000000000000e+00,-7.051925884968e+02,0.000000000000e+00,0.000000000000e+00,0.000000000000e+00,-3.109990708682e+02
0.000000000000e+00,-3.256028095198e+02,0.000000000000e+00,0.000000000000e+00,0.000000000000e+00,-3.109990708682e+02
0.000000000000e+00,5.398696945718e+01,0.000000000000e+00,0.000000000000e+00,0.000000000000e+00,-3.109990708682e+02
