N,Vy,Vz,T,My,Mz
0.000000000000e+00,-8.380589544364e+02,0.000000000000e+00,0.000000000000e+00,0.000000000000e+00,-4.141087733111e+02
0.000000000000e+00,-3.326186735547e+02,0.000000000000e+00,0.000000000000e+00,0.000000000000e+00,-4.141087733111e+02
0.000000000000e+00,1.728216073270e+02,0.000000000000e+00,0.000000000000e+00,0.000000000000e+00,-4.141087733111e+02
