N,Vy,Vz,T,My,Mz
0.000000000000e+00,-4.430929608881e+02,0.000000000000e+00,0.000000000000e+00,0.000000000000e+00,-1.395545505445e+02
0.000000000000e+00,-2.727597156840e+02,0.000000000000e+00,0.000000000000e+00,0.000000000000e+00,-1.395545505445e+02
0.000000000000e+00,-1.024264704798e+02,0.000000000000e+00,0.000000000000e+00,0.000000000000e+00,-1.395545505445e+02
