N,Vy,Vz,T,My,Mz
0.000000000000e+00,-7.120261419295e+02,0.000000000000e+00,0.000000000000e+00,0.000000000000e+00,-3.160914433640e+02
0.000000000000e+00,-3.262208699455e+02,0.000000000000e+00,0.000000000000e+00,0.000000000000e+00,-3.160914433640e+02
0.000000000000e+00,5.958440203839e+01,0.000000000000e+00,0.000000000000e+00,0.000000000000e+00,-3.160914433640e+02
