N,Vy,Vz,T,My,Mz
0.000000000000e+00,-4.198742470854e+02,0.000000000000e+00,0.000000000000e+00,0.000000000000e+00,-1.269503586469e+02
0.000000000000e+00,-2.649250427510e+02,0.000000000000e+00,0.000000000000e+00,0.000000000000e+00,-1.269503586469e+02
0.000000000000e+00,-1.099758384159e+02,0.000000000000e+00,0.000000000000e+00,0.000000000000e+00,-1.269503586469e+02
