N,Vy,Vz,T,My,Mz
0.000000000000e+00,-4.661197391301e+02,0.000000000000e+00,0.000000000000e+00,0.000000000000e+00,-1.525113188172e+02
0.000000000000e+00,-2.799721161173e+02,0.000000000000e+00,0.000000000000e+00,0.000000000000e+00,-1.525113188172e+02
0.000000000000e+00,-9.382449310453e+01,0.000000000000e+00,0.000000000000e+00,0.000000000000e+00,-1.525113188172e+02
