N,Vy,Vz,T,My,Mz
0.000000000000e+00,-6.914571305812e+02,0.000000000000e+00,0.000000000000e+00,0.000000000000e+00,-3.008446646406e+02
0.000000000000e+00,-3.242613076531e+02,0.000000000000e+00,0.000000000000e+00,0.000000000000e+00,-3.008446646406e+02
0.000000000000e+00,4.293451527495e+01,0.000000000000e+00,0.000000000000e+00,0.000000000000e+00,-3.008446646406e+02
