N,Vy,Vz,T,My,Mz
0.000000000000e+00,-9.404295590682e+02,0.000000000000e+00,0.000000000000e+00,0.000000000000e+00,-4.973958335486e+02
0.000000000000e+00,-3.333332934952e+02,0.000000000000e+00,0.000000000000e+00,0.000000000000e+00,-4.973958335486e+02
0.000000000000e+00,2.737629720777e+02,0.000000000000e+00,0.000000000000e+00,0.000000000000e+00,-4.973958335486e+02
