N,Vy,Vz,T,My,Mz
0.000000000000e+00,-8.830859593698e+02,0.000000000000e+00,0.000000000000e+00,0.000000000000e+00,-4.505259744626e+02
0.000000000000e+00,-3.331966796617e+02,0.000000000000e+00,0.000000000000e+00,0.000000000000e+00,-4.505259744626e+02
0.000000000000e+00,2.166926000465e+02,0.000000000000e+00,0.000000000000e+00,0.000000000000e+00,-4.505259744626e+02
