N,Vy,Vz,T,My,Mz
0.000000000000e+00,-2.287949835807e+02,0.000000000000e+00,0.000000000000e+00,0.000000000000e+00,-4.263574412348e+01
0.000000000000e+00,-1.767559448682e+02,0.000000000000e+00,0.000000000000e+00,0.000000000000e+00,-4.263574412348e+01
0.000000000000e+00,-1.247169061564e+02,0.000000000000e+00,0.000000000000e+00,0.000000000000e+00,-4.263574412348e+01
