N,Vy,Vz,T,My,Mz
0.000000000000e+00,-2.933025980106e+02,0.000000000000e+00,0.000000000000e+00,0.000000000000e+00,-6.696573426927e+01
0.000000000000e+00,-2.115676005418e+02,0.000000000000e+00,0.000000000000e+00,0.000000000000e+00,-6.696573426927e+01
0.000000000000e+00,-1.298326030723e+02,0.000000000000e+00,0.000000000000e+00,0.000000000000e+00,-6.696573426927e+01
