N,Vy,Vz,T,My,Mz
0.000000000000e+00,-3.729048445545e+02,0.000000000000e+00,0.000000000000e+00,0.000000000000e+00,-1.029200010509e+02
0.000000000000e+00,-2.472858826003e+02,0.000000000000e+00,0.000000000000e+00,0.000000000000e+00,-1.029200010509e+02
0.000000000000e+00,-1.216669206460e+02,0.000000000000e+00,0.000000000000e+00,0.000000000000e+00,-1.029200010509e+02
