N,Vy,Vz,T,My,Mz
0.000000000000e+00,-8.894794545339e+02,0.000000000000e+00,0.000000000000e+00,0.000000000000e+00,-4.557324749517e+02
0.000000000000e+00,-3.332353829469e+02,0.000000000000e+00,0.000000000000e+00,0.000000000000e+00,-4.557324749517e+02
0.000000000000e+00,2.230086886402e+02,0.000000000000e+00,0.000000000000e+00,0.000000000000e+00,-4.557324749517e+02
