N,Vy,Vz,T,My,Mz
0.000000000000e+00,-6.496860273149e+02,0.000000000000e+00,0.000000000000e+00,0.000000000000e+00,-2.706657303107e+02
0.000000000000e+00,-3.193250893916e+02,0.000000000000e+00,0.000000000000e+00,0.000000000000e+00,-2.706657303107e+02
0.000000000000e+00,1.103584853161e+01,0.000000000000e+00,0.000000000000e+00,0.000000000000e+00,-2.706657303107e+02
