N,Vy,Vz,T,My,Mz
0.000000000000e+00,-1.235285014558e+02,0.000000000000e+00,0.000000000000e+00,0.000000000000e+00,-1.352753272779e+01
0.000000000000e+00,-1.070174773432e+02,0.000000000000e+00,0.000000000000e+00,0.000000000000e+00,-1.352753272779e+01
0.000000000000e+00,-9.050645322925e+01,0.000000000000e+00,0.000000000000e+00,0.000000000000e+00,-1.352753272779e+01
