N,Vy,Vz,T,My,Mz
0.000000000000e+00,-3.571045270076e+02,0.000000000000e+00,0.000000000000e+00,0.000000000000e+00,-9.529312978388e+01
0.000000000000e+00,-2.407945394195e+02,0.000000000000e+00,0.000000000000e+00,0.000000000000e+00,-9.529312978388e+01
0.000000000000e+00,-1.244845518315e+02,0.000000000000e+00,0.000000000000e+00,0.000000000000e+00,-9.529312978388e+01
