N,Vy,Vz,T,My,Mz
0.000000000000e+00,-7.989583719887e+02,0.000000000000e+00,0.000000000000e+00,0.000000000000e+00,-3.829720966499e+02
0.000000000000e+00,-3.315219480925e+02,0.000000000000e+00,0.000000000000e+00,0.000000000000e+00,-3.829720966499e+02
0.000000000000e+00,1.359144758036e+02,0.000000000000e+00,0.000000000000e+00,0.000000000000e+00,-3.829720966499e+02
