N,Vy,Vz,T,My,Mz
0.000000000000e+00,-7.256263923521e+02,0.000000000000e+00,0.000000000000e+00,0.000000000000e+00,-3.263038449107e+02
0.000000000000e+00,-3.273563781581e+02,0.000000000000e+00,0.000000000000e+00,0.000000000000e+00,-3.263038449107e+02
0.000000000000e+00,7.091363603579e+01,0.000000000000e+00,0.000000000000e+00,0.000000000000e+00,-3.263038449107e+02
