N,Vy,Vz,T,My,Mz
0.000000000000e+00,-3.650130756070e+02,0.000000000000e+00,0.000000000000e+00,0.000000000000e+00,-9.908120860809e+01
0.000000000000e+00,-2.440795500777e+02,0.000000000000e+00,0.000000000000e+00,0.000000000000e+00,-9.908120860809e+01
0.000000000000e+00,-1.231460245491e+02,0.000000000000e+00,0.000000000000e+00,0.000000000000e+00,-9.908120860809e+01
