N,Vy,Vz,T,My,Mz
0.000000000000e+00,-4.276345211545e+02,0.000000000000e+00,0.000000000000e+00,0.000000000000e+00,-1.311107678187e+02
0.000000000000e+00,-2.676073312383e+02,0.000000000000e+00,0.000000000000e+00,0.000000000000e+00,-1.311107678187e+02
0.000000000000e+00,-1.075801413209e+02,0.000000000000e+00,0.000000000000e+00,0.000000000000e+00,-1.311107678187e+02
