N,Vy,Vz,T,My,Mz
0.000000000000e+00,-8.185767158885e+02,0.000000000000e+00,0.000000000000e+00,0.000000000000e+00,-3.985276274325e+02
0.000000000000e+00,-3.321539957467e+02,0.000000000000e+00,0.000000000000e+00,0.000000000000e+00,-3.985276274325e+02
0.000000000000e+00,1.542687243952e+02,0.000000000000e+00,0.000000000000e+00,0.000000000000e+00,-3.985276274325e+02
