N,Vy,Vz,T,My,Mz
0.000000000000e+00,-6.725359801198e+01,0.000000000000e+00,0.000000000000e+00,0.000000000000e+00,-4.231105558306e+00
0.000000000000e+00,-6.208932398694e+01,0.000000000000e+00,0.000000000000e+00,0.000000000000e+00,-4.231105558306e+00
0.000000000000e+00,-5.692504996066e+01,0.000000000000e+00,0.000000000000e+00,0.000000000000e+00,-4.231105558306e+00
