N,Vy,Vz,T,My,Mz
0.000000000000e+00,-3.922999283167e+00,0.000000000000e+00,0.000000000000e+00,0.000000000000e+00,-3.035894287424e-02
0.000000000000e+00,-3.885944688478e+00,0.000000000000e+00,0.000000000000e+00,0.000000000000e+00,-3.035894287424e-02
0.000000000000e+00,-3.848890093788e+00,0.000000000000e+00,0.000000000000e+00,0.000000000000e+00,-3.035894287424e-02
