N,Vy,Vz,T,My,Mz
0.000000000000e+00,-2.691750264812e+02,0.000000000000e+00,0.000000000000e+00,0.000000000000e+00,-5.733573963945e+01
0.000000000000e+00,-1.991939147162e+02,0.000000000000e+00,0.000000000000e+00,0.000000000000e+00,-5.733573963945e+01
0.000000000000e+00,-1.292128029519e+02,0.000000000000e+00,0.000000000000e+00,0.000000000000e+00,-5.733573963945e+01
