N,Vy,Vz,T,My,Mz
0.000000000000e+00,-6.213528336295e+02,0.000000000000e+00,0.000000000000e+00,0.000000000000e+00,-2.508334122868e+02
0.000000000000e+00,-3.151982227359e+02,0.000000000000e+00,0.000000000000e+00,0.000000000000e+00,-2.508334122868e+02
0.000000000000e+00,-9.043611842247e+00,0.000000000000e+00,0.000000000000e+00,0.000000000000e+00,-2.508334122868e+02
