N,Vy,Vz,T,My,Mz
0.000000000000e+00,-6.637055865963e+02,0.000000000000e+00,0.000000000000e+00,0.000000000000e+00,-2.806731663855e+02
0.000000000000e+00,-3.211300769794e+02,0.000000000000e+00,0.000000000000e+00,0.000000000000e+00,-2.806731663855e+02
0.000000000000e+00,2.144543263732e+01,0.000000000000e+00,0.000000000000e+00,0.000000000000e+00,-2.806731663855e+02
