N,Vy,Vz,T,My,Mz
0.000000000000e+00,-9.213516853820e+02,0.000000000000e+00,0.000000000000e+00,0.000000000000e+00,-4.817709378615e+02
0.000000000000e+00,-3.333263793583e+02,0.000000000000e+00,0.000000000000e+00,0.000000000000e+00,-4.817709378615e+02
0.000000000000e+00,2.546989266655e+02,0.000000000000e+00,0.000000000000e+00,0.000000000000e+00,-4.817709378615e+02
