N,Vy,Vz,T,My,Mz
0.000000000000e+00,-2.126031742678e+02,0.000000000000e+00,0.000000000000e+00,0.000000000000e+00,-3.726188372504e+01
0.000000000000e+00,-1.671231984984e+02,0.000000000000e+00,0.000000000000e+00,0.000000000000e+00,-3.726188372504e+01
0.000000000000e+00,-1.216432227290e+02,0.000000000000e+00,0.000000000000e+00,0.000000000000e+00,-3.726188372504e+01
