N,Vy,Vz,T,My,Mz
0.000000000000e+00,-4.507903603146e+02,0.000000000000e+00,0.000000000000e+00,0.000000000000e+00,-1.438357336278e+02
0.000000000000e+00,-2.752317189839e+02,0.000000000000e+00,0.000000000000e+00,0.000000000000e+00,-1.438357336278e+02
0.000000000000e+00,-9.967307765328e+01,0.000000000000e+00,0.000000000000e+00,0.000000000000e+00,-1.438357336278e+02
