N,Vy,Vz,T,My,Mz
0.000000000000e+00,-5.265214677550e+02,0.000000000000e+00,0.000000000000e+00,0.000000000000e+00,-1.885729931680e+02
0.000000000000e+00,-2.963587839955e+02,0.000000000000e+00,0.000000000000e+00,0.000000000000e+00,-1.885729931680e+02
0.000000000000e+00,-6.619610023642e+01,0.000000000000e+00,0.000000000000e+00,0.000000000000e+00,-1.885729931680e+02
