N,Vy,Vz,T,My,Mz
0.000000000000e+00,-9.934127452579e+01,0.000000000000e+00,0.000000000000e+00,0.000000000000e+00,-8.943443806637e+00
0.000000000000e+00,-8.842535812716e+01,0.000000000000e+00,0.000000000000e+00,0.000000000000e+00,-8.943443806637e+00
0.000000000000e+00,-7.750944172730e+01,0.000000000000e+00,0.000000000000e+00,0.000000000000e+00,-8.943443806637e+00
