N,Vy,Vz,T,My,Mz
0.000000000000e+00,-5.926222674181e+02,0.000000000000e+00,0.000000000000e+00,0.000000000000e+00,-2.312818520077e+02
0.000000000000e+00,-3.103313048120e+02,0.000000000000e+00,0.000000000000e+00,0.000000000000e+00,-2.312818520077e+02
0.000000000000e+00,-2.804034220583e+01,0.000000000000e+00,0.000000000000e+00,0.000000000000e+00,-2.312818520077e+02
