N,Vy,Vz,T,My,Mz
0.000000000000e+00,-5.190540211819e+02,0.000000000000e+00,0.000000000000e+00,0.000000000000e+00,-1.839567078048e+02
0.000000000000e+00,-2.945257424894e+02,0.000000000000e+00,0.000000000000e+00,0.000000000000e+00,-1.839567078048e+02
0.000000000000e+00,-6.999746379699e+01,0.000000000000e+00,0.000000000000e+00,0.000000000000e+00,-1.839567078048e+02
