N,Vy,Vz,T,My,Mz
0.000000000000e+00,-2.207010743216e+02,0.000000000000e+00,0.000000000000e+00,0.000000000000e+00,-3.991118600875e+01
0.000000000000e+00,-1.719874938160e+02,0.000000000000e+00,0.000000000000e+00,0.000000000000e+00,-3.991118600875e+01
0.000000000000e+00,-1.232739133109e+02,0.000000000000e+00,0.000000000000e+00,0.000000000000e+00,-3.991118600875e+01
