N,Vy,Vz,T,My,Mz
0.000000000000e+00,-7.188373041787e+02,0.000000000000e+00,0.000000000000e+00,0.000000000000e+00,-3.211932085584e+02
0.000000000000e+00,-3.268050749337e+02,0.000000000000e+00,0.000000000000e+00,0.000000000000e+00,-3.211932085584e+02
0.000000000000e+00,6.522715431124e+01,0.000000000000e+00,0.000000000000e+00,0.000000000000e+00,-3.211932085584e+02
