N,Vy,Vz,T,My,Mz
0.000000000000e+00,-9.086185184049e+02,0.000000000000e+00,0.000000000000e+00,0.000000000000e+00,-4.713547629362e+02
0.000000000000e+00,-3.333066700987e+02,0.000000000000e+00,0.000000000000e+00,0.000000000000e+00,-4.713547629362e+02
0.000000000000e+00,2.420051782074e+02,0.000000000000e+00,0.000000000000e+00,0.000000000000e+00,-4.713547629362e+02
