N,Vy,Vz,T,My,Mz
0.000000000000e+00,-2.611136837424e+02,0.000000000000e+00,0.000000000000e+00,0.000000000000e+00,-5.425695608789e+01
0.000000000000e+00,-1.948903798849e+02,0.000000000000e+00,0.000000000000e+00,0.000000000000e+00,-5.425695608789e+01
0.000000000000e+00,-1.286670760281e+02,0.000000000000e+00,0.000000000000e+00,0.000000000000e+00,-5.425695608789e+01
