N,Vy,Vz,T,My,Mz
0.000000000000e+00,-8.638529924715e+02,0.000000000000e+00,0.000000000000e+00,0.000000000000e+00,-4.349111370588e+02
0.000000000000e+00,-3.330223956794e+02,0.000000000000e+00,0.000000000000e+00,0.000000000000e+00,-4.349111370588e+02
0.000000000000e+00,1.978082011126e+02,0.000000000000e+00,0.000000000000e+00,0.000000000000e+00,-4.349111370588e+02
