N,Vy,Vz,T,My,Mz
0.000000000000e+00,-1.720853631611e+02,0.000000000000e+00,0.000000000000e+00,0.000000000000e+00,-2.519740691794e+01
0.000000000000e+00,-1.413306792456e+02,0.000000000000e+00,0.000000000000e+00,0.000000000000e+00,-2.519740691794e+01
0.000000000000e+00,-1.105759953288e+02,0.000000000000e+00,0.000000000000e+00,0.000000000000e+00,-2.519740691794e+01
