N,Vy,Vz,T,My,Mz
0.000000000000e+00,-4.042936425132e+02,0.000000000000e+00,0.000000000000e+00,0.000000000000e+00,-1.187580926209e+02
0.000000000000e+00,-2.593435048689e+02,0.000000000000e+00,0.000000000000e+00,0.000000000000e+00,-1.187580926209e+02
0.000000000000e+00,-1.143933672240e+02,0.000000000000e+00,0.000000000000e+00,0.000000000000e+00,-1.187580926209e+02
