N,Vy,Vz,T,My,Mz
0.000000000000e+00,-3.013238437221e+02,0.000000000000e+00,0.000000000000e+00,0.000000000000e+00,-7.030232777752e+01
0.000000000000e+00,-2.155163685163e+02,0.000000000000e+00,0.000000000000e+00,0.000000000000e+00,-7.030232777752e+01
0.000000000000e+00,-1.297088933105e+02,0.000000000000e+00,0.000000000000e+00,0.000000000000e+00,-7.030232777752e+01
