N,Vy,Vz,T,My,Mz
0.000000000000e+00,-8.702734910418e+02,0.000000000000e+00,0.000000000000e+00,0.000000000000e+00,-4.401151490539e+02
0.000000000000e+00,-3.330911397010e+02,0.000000000000e+00,0.000000000000e+00,0.000000000000e+00,-4.401151490539e+02
0.000000000000e+00,2.040912116398e+02,0.000000000000e+00,0.000000000000e+00,0.000000000000e+00,-4.401151490539e+02
