Local DOF,R_e Value
0,0.000000000000e+00
1,-7.458361408529e-04
2,0.000000000000e+00
3,0.000000000000e+00
4,0.000000000000e+00
5,-1.559239318857e-03
6,0.000000000000e+00
7,-7.951830489092e-04
8,0.000000000000e+00
9,0.000000000000e+00
10,0.000000000000e+00
11,-1.598777173013e-03
