Local DOF,R_e Value
0,0.000000000000e+00
1,-3.990910161358e-04
2,0.000000000000e+00
3,0.000000000000e+00
4,0.000000000000e+00
5,-1.202841760261e-03
6,0.000000000000e+00
7,-4.374397182822e-04
8,0.000000000000e+00
9,0.000000000000e+00
10,0.000000000000e+00
11,-1.251289553382e-03
