Local DOF,R_e Value
0,0.000000000000e+00
1,-5.258372182079e-05
2,0.000000000000e+00
3,0.000000000000e+00
4,0.000000000000e+00
5,-4.716698939539e-04
6,0.000000000000e+00
7,-6.830953206417e-05
8,0.000000000000e+00
9,0.000000000000e+00
10,0.000000000000e+00
11,-5.345963378934e-04
