Local DOF,R_e Value
0,0.000000000000e+00
1,-1.744863047291e-05
2,0.000000000000e+00
3,0.000000000000e+00
4,0.000000000000e+00
5,-2.762081079116e-04
6,0.000000000000e+00
7,-2.711846657609e-05
8,0.000000000000e+00
9,0.000000000000e+00
10,0.000000000000e+00
11,-3.424757789630e-04
