Local DOF,R_e Value
0,0.000000000000e+00
1,-9.867061314636e-06
2,0.000000000000e+00
3,0.000000000000e+00
4,0.000000000000e+00
5,-2.088266944896e-04
6,0.000000000000e+00
7,-1.744863047291e-05
8,0.000000000000e+00
9,0.000000000000e+00
10,0.000000000000e+00
11,-2.762081079116e-04
