Local DOF,R_e Value
0,0.000000000000e+00
1,-4.374397182822e-04
2,0.000000000000e+00
3,0.000000000000e+00
4,0.000000000000e+00
5,-1.251289553382e-03
6,0.000000000000e+00
7,-4.772850117391e-04
8,0.000000000000e+00
9,0.000000000000e+00
10,0.000000000000e+00
11,-1.298623604133e-03
