Local DOF,R_e Value
0,0.000000000000e+00
1,-1.858006510515e-03
2,0.000000000000e+00
3,0.000000000000e+00
4,0.000000000000e+00
5,-2.120008602463e-03
6,0.000000000000e+00
7,-1.924546816418e-03
8,0.000000000000e+00
9,0.000000000000e+00
10,0.000000000000e+00
11,-2.138385351579e-03
