ε_xx,ε_yy,ε_zz,γ_xy,γ_yz,γ_xz
0.000000000000e+00,0.000000000000e+00,-9.622734081332e-04,-2.894743999754e-05,0.000000000000e+00,0.000000000000e+00
0.000000000000e+00,0.000000000000e+00,-9.622734081332e-04,-5.654509471299e-06,0.000000000000e+00,0.000000000000e+00
0.000000000000e+00,0.000000000000e+00,-9.622734081332e-04,1.763842105494e-05,0.000000000000e+00,0.000000000000e+00
