ε_xx,ε_yy,ε_zz,γ_xy,γ_yz,γ_xz
0.000000000000e+00,0.000000000000e+00,-1.532509501842e-03,-4.275065808716e-05,0.000000000000e+00,0.000000000000e+00
0.000000000000e+00,0.000000000000e+00,-1.532509501842e-03,-5.654509471294e-06,0.000000000000e+00,0.000000000000e+00
0.000000000000e+00,0.000000000000e+00,-1.532509501842e-03,3.144163914457e-05,0.000000000000e+00,0.000000000000e+00
