ε_xx,ε_yy,ε_zz,γ_xy,γ_yz,γ_xz
0.000000000000e+00,0.000000000000e+00,-2.102745595550e-03,-5.655387617678e-05,0.000000000000e+00,0.000000000000e+00
0.000000000000e+00,0.000000000000e+00,-2.102745595550e-03,-5.654509471294e-06,0.000000000000e+00,0.000000000000e+00
0.000000000000e+00,0.000000000000e+00,-2.102745595550e-03,4.524485723419e-05,0.000000000000e+00,0.000000000000e+00
