ε_xx,ε_yy,ε_zz,γ_xy,γ_yz,γ_xz
0.000000000000e+00,0.000000000000e+00,-1.389950478415e-03,-3.929985356476e-05,0.000000000000e+00,0.000000000000e+00
0.000000000000e+00,0.000000000000e+00,-1.389950478415e-03,-5.654509471299e-06,0.000000000000e+00,0.000000000000e+00
0.000000000000e+00,0.000000000000e+00,-1.389950478415e-03,2.799083462216e-05,0.000000000000e+00,0.000000000000e+00
