ε_xx,ε_yy,ε_zz,γ_xy,γ_yz,γ_xz
0.000000000000e+00,0.000000000000e+00,-1.069192675705e-04,-8.242612863106e-06,0.000000000000e+00,0.000000000000e+00
0.000000000000e+00,0.000000000000e+00,-1.069192675705e-04,-5.654509471292e-06,0.000000000000e+00,0.000000000000e+00
0.000000000000e+00,0.000000000000e+00,-1.069192675705e-04,-3.066406079485e-06,0.000000000000e+00,0.000000000000e+00
