ε_xx,ε_yy,ε_zz,γ_xy,γ_yz,γ_xz
0.000000000000e+00,0.000000000000e+00,-1.247391454988e-03,-3.584904904235e-05,0.000000000000e+00,0.000000000000e+00
0.000000000000e+00,0.000000000000e+00,-1.247391454988e-03,-5.654509471296e-06,0.000000000000e+00,0.000000000000e+00
0.000000000000e+00,0.000000000000e+00,-1.247391454988e-03,2.454003009976e-05,0.000000000000e+00,0.000000000000e+00
