ε_xx,ε_yy,ε_zz,γ_xy,γ_yz,γ_xz
0.000000000000e+00,0.000000000000e+00,-2.245304618977e-03,-6.000468069918e-05,0.000000000000e+00,0.000000000000e+00
0.000000000000e+00,0.000000000000e+00,-2.245304618977e-03,-5.654509471294e-06,0.000000000000e+00,0.000000000000e+00
0.000000000000e+00,0.000000000000e+00,-2.245304618977e-03,4.869566175660e-05,0.000000000000e+00,0.000000000000e+00
