ε_xx,ε_yy,ε_zz,γ_xy,γ_yz,γ_xz
0.000000000000e+00,0.000000000000e+00,-1.960186572123e-03,-5.310307165437e-05,0.000000000000e+00,0.000000000000e+00
0.000000000000e+00,0.000000000000e+00,-1.960186572123e-03,-5.654509471294e-06,0.000000000000e+00,0.000000000000e+00
0.000000000000e+00,0.000000000000e+00,-1.960186572123e-03,4.179405271179e-05,0.000000000000e+00,0.000000000000e+00
