ε_xx,ε_yy,ε_zz,γ_xy,γ_yz,γ_xz
0.000000000000e+00,0.000000000000e+00,-4.633168261382e-04,-1.686962416911e-05,0.000000000000e+00,0.000000000000e+00
0.000000000000e+00,0.000000000000e+00,-4.633168261382e-04,-5.654509471292e-06,0.000000000000e+00,0.000000000000e+00
0.000000000000e+00,0.000000000000e+00,-4.633168261382e-04,5.560605226523e-06,0.000000000000e+00,0.000000000000e+00
