ε_xx,ε_yy,ε_zz,γ_xy,γ_yz,γ_xz
0.000000000000e+00,0.000000000000e+00,-3.920373144247e-04,-1.514422190792e-05,0.000000000000e+00,0.000000000000e+00
0.000000000000e+00,0.000000000000e+00,-3.920373144247e-04,-5.654509471292e-06,0.000000000000e+00,0.000000000000e+00
0.000000000000e+00,0.000000000000e+00,-3.920373144247e-04,3.835202965326e-06,0.000000000000e+00,0.000000000000e+00
