ε_xx,ε_yy,ε_zz,γ_xy,γ_yz,γ_xz
0.000000000000e+00,0.000000000000e+00,-2.174025107264e-03,-5.827927843798e-05,0.000000000000e+00,0.000000000000e+00
0.000000000000e+00,0.000000000000e+00,-2.174025107264e-03,-5.654509471294e-06,0.000000000000e+00,0.000000000000e+00
0.000000000000e+00,0.000000000000e+00,-2.174025107264e-03,4.697025949539e-05,0.000000000000e+00,0.000000000000e+00
