ε_xx,ε_yy,ε_zz,γ_xy,γ_yz,γ_xz
0.000000000000e+00,0.000000000000e+00,-8.197143847061e-04,-2.549663547513e-05,0.000000000000e+00,0.000000000000e+00
0.000000000000e+00,0.000000000000e+00,-8.197143847061e-04,-5.654509471296e-06,0.000000000000e+00,0.000000000000e+00
0.000000000000e+00,0.000000000000e+00,-8.197143847061e-04,1.418761653253e-05,0.000000000000e+00,0.000000000000e+00
