N,Vy,Vz,T,My,Mz
0.000000000000e+00,-8.946507461317e+02,0.000000000000e+00,0.000000000000e+00,0.000000000000e+00,-2.385850796430e+02
0.000000000000e+00,-3.122409183718e+02,0.000000000000e+00,0.000000000000e+00,0.000000000000e+00,-2.385850796430e+02
0.000000000000e+00,2.701689093880e+02,0.000000000000e+00,0.000000000000e+00,0.000000000000e+00,-2.385850796430e+02
