N,Vy,Vz,T,My,Mz
0.000000000000e+00,-3.332875994195e+02,0.000000000000e+00,0.000000000000e+00,0.000000000000e+00,-5.581315853953e+01
0.000000000000e+00,-1.970421472714e+02,0.000000000000e+00,0.000000000000e+00,0.000000000000e+00,-5.581315853953e+01
0.000000000000e+00,-6.079669512337e+01,0.000000000000e+00,0.000000000000e+00,0.000000000000e+00,-5.581315853953e+01
