N,Vy,Vz,T,My,Mz
0.000000000000e+00,-2.866308603481e+02,0.000000000000e+00,0.000000000000e+00,0.000000000000e+00,-4.405316212804e+01
0.000000000000e+00,-1.790927250817e+02,0.000000000000e+00,0.000000000000e+00,0.000000000000e+00,-4.405316212804e+01
0.000000000000e+00,-7.155458981502e+01,0.000000000000e+00,0.000000000000e+00,0.000000000000e+00,-4.405316212804e+01
