N,Vy,Vz,T,My,Mz
0.000000000000e+00,-4.299789244066e+02,0.000000000000e+00,0.000000000000e+00,0.000000000000e+00,-8.247336246613e+01
0.000000000000e+00,-2.286532719367e+02,0.000000000000e+00,0.000000000000e+00,0.000000000000e+00,-8.247336246613e+01
0.000000000000e+00,-2.732761946716e+01,0.000000000000e+00,0.000000000000e+00,0.000000000000e+00,-8.247336246613e+01
