N,Vy,Vz,T,My,Mz
0.000000000000e+00,-5.890332709191e+01,0.000000000000e+00,0.000000000000e+00,0.000000000000e+00,-2.937719224817e+00
0.000000000000e+00,-5.173206328006e+01,0.000000000000e+00,0.000000000000e+00,0.000000000000e+00,-2.937719224817e+00
0.000000000000e+00,-4.456079946821e+01,0.000000000000e+00,0.000000000000e+00,0.000000000000e+00,-2.937719224817e+00
