N,Vy,Vz,T,My,Mz
0.000000000000e+00,-7.710704702064e+01,0.000000000000e+00,0.000000000000e+00,0.000000000000e+00,-4.768932857657e+00
0.000000000000e+00,-6.546560922295e+01,0.000000000000e+00,0.000000000000e+00,0.000000000000e+00,-4.768932857657e+00
0.000000000000e+00,-5.382417142465e+01,0.000000000000e+00,0.000000000000e+00,0.000000000000e+00,-4.768932857657e+00
