N,Vy,Vz,T,My,Mz
0.000000000000e+00,-1.337089522382e+03,0.000000000000e+00,0.000000000000e+00,0.000000000000e+00,-4.115112670863e+02
0.000000000000e+00,-3.325497307758e+02,0.000000000000e+00,0.000000000000e+00,0.000000000000e+00,-4.115112670863e+02
0.000000000000e+00,6.719900608302e+02,0.000000000000e+00,0.000000000000e+00,0.000000000000e+00,-4.115112670863e+02
