N,Vy,Vz,T,My,Mz
0.000000000000e+00,-4.130328898841e+01,0.000000000000e+00,0.000000000000e+00,0.000000000000e+00,-1.542891064670e+00
0.000000000000e+00,-3.753693896955e+01,0.000000000000e+00,0.000000000000e+00,0.000000000000e+00,-1.542891064670e+00
0.000000000000e+00,-3.377058895068e+01,0.000000000000e+00,0.000000000000e+00,0.000000000000e+00,-1.542891064670e+00
