N,Vy,Vz,T,My,Mz
0.000000000000e+00,-8.157654764550e+02,0.000000000000e+00,0.000000000000e+00,0.000000000000e+00,-2.096911320513e+02
0.000000000000e+00,-3.038886387102e+02,0.000000000000e+00,0.000000000000e+00,0.000000000000e+00,-2.096911320513e+02
0.000000000000e+00,2.079881990344e+02,0.000000000000e+00,0.000000000000e+00,0.000000000000e+00,-2.096911320513e+02
