N,Vy,Vz,T,My,Mz
0.000000000000e+00,-6.587851823000e+02,0.000000000000e+00,0.000000000000e+00,0.000000000000e+00,-1.547163376811e+02
0.000000000000e+00,-2.811072666680e+02,0.000000000000e+00,0.000000000000e+00,0.000000000000e+00,-1.547163376811e+02
0.000000000000e+00,9.657064896397e+01,0.000000000000e+00,0.000000000000e+00,0.000000000000e+00,-1.547163376811e+02
