N,Vy,Vz,T,My,Mz
0.000000000000e+00,-5.301841380915e+02,0.000000000000e+00,0.000000000000e+00,0.000000000000e+00,-1.127483099429e+02
0.000000000000e+00,-2.549543380037e+02,0.000000000000e+00,0.000000000000e+00,0.000000000000e+00,-1.127483099429e+02
0.000000000000e+00,2.027546208384e+01,0.000000000000e+00,0.000000000000e+00,0.000000000000e+00,-1.127483099429e+02
