N,Vy,Vz,T,My,Mz
0.000000000000e+00,-5.556572847536e+02,0.000000000000e+00,0.000000000000e+00,0.000000000000e+00,-1.208063016042e+02
0.000000000000e+00,-2.607571283192e+02,0.000000000000e+00,0.000000000000e+00,0.000000000000e+00,-1.208063016042e+02
0.000000000000e+00,3.414302811476e+01,0.000000000000e+00,0.000000000000e+00,0.000000000000e+00,-1.208063016042e+02
