N,Vy,Vz,T,My,Mz
0.000000000000e+00,-8.420528783177e+02,0.000000000000e+00,0.000000000000e+00,0.000000000000e+00,-2.192343919866e+02
0.000000000000e+00,-3.068799971511e+02,0.000000000000e+00,0.000000000000e+00,0.000000000000e+00,-2.192343919866e+02
0.000000000000e+00,2.282928840156e+02,0.000000000000e+00,0.000000000000e+00,0.000000000000e+00,-2.192343919866e+02
