N,Vy,Vz,T,My,Mz
0.000000000000e+00,-7.109017623826e+02,0.000000000000e+00,0.000000000000e+00,0.000000000000e+00,-1.725571999501e+02
0.000000000000e+00,-2.896725335807e+02,0.000000000000e+00,0.000000000000e+00,0.000000000000e+00,-1.725571999501e+02
0.000000000000e+00,1.315566952211e+02,0.000000000000e+00,0.000000000000e+00,0.000000000000e+00,-1.725571999501e+02
