N,Vy,Vz,T,My,Mz
0.000000000000e+00,-2.433480552840e+01,0.000000000000e+00,0.000000000000e+00,0.000000000000e+00,-5.989919104089e-01
0.000000000000e+00,-2.287260690353e+01,0.000000000000e+00,0.000000000000e+00,0.000000000000e+00,-5.989919104089e-01
0.000000000000e+00,-2.141040827866e+01,0.000000000000e+00,0.000000000000e+00,0.000000000000e+00,-5.989919104089e-01
