N,Vy,Vz,T,My,Mz
0.000000000000e+00,-2.192170820425e+02,0.000000000000e+00,0.000000000000e+00,0.000000000000e+00,-2.863463262064e+01
0.000000000000e+00,-1.493171055752e+02,0.000000000000e+00,0.000000000000e+00,0.000000000000e+00,-2.863463262064e+01
0.000000000000e+00,-7.941712910719e+01,0.000000000000e+00,0.000000000000e+00,0.000000000000e+00,-2.863463262064e+01
