N,Vy,Vz,T,My,Mz
0.000000000000e+00,-1.975191397973e+02,0.000000000000e+00,0.000000000000e+00,0.000000000000e+00,-2.413591245274e+01
0.000000000000e+00,-1.386009851692e+02,0.000000000000e+00,0.000000000000e+00,0.000000000000e+00,-2.413591245274e+01
0.000000000000e+00,-7.968283054061e+01,0.000000000000e+00,0.000000000000e+00,0.000000000000e+00,-2.413591245274e+01
