N,Vy,Vz,T,My,Mz
0.000000000000e+00,-1.388293695861e+03,0.000000000000e+00,0.000000000000e+00,0.000000000000e+00,-4.323100297153e+02
0.000000000000e+00,-3.329820631218e+02,0.000000000000e+00,0.000000000000e+00,0.000000000000e+00,-4.323100297153e+02
0.000000000000e+00,7.223295696175e+02,0.000000000000e+00,0.000000000000e+00,0.000000000000e+00,-4.323100297153e+02
