N,Vy,Vz,T,My,Mz
0.000000000000e+00,-1.025943410581e+03,0.000000000000e+00,0.000000000000e+00,0.000000000000e+00,-2.882190594216e+02
0.000000000000e+00,-3.223721185041e+02,0.000000000000e+00,0.000000000000e+00,0.000000000000e+00,-2.882190594216e+02
0.000000000000e+00,3.811991735731e+02,0.000000000000e+00,0.000000000000e+00,0.000000000000e+00,-2.882190594216e+02
