N,Vy,Vz,T,My,Mz
0.000000000000e+00,-1.152169511083e+02,0.000000000000e+00,0.000000000000e+00,0.000000000000e+00,-9.683534500948e+00
0.000000000000e+00,-9.157848356787e+01,0.000000000000e+00,0.000000000000e+00,0.000000000000e+00,-9.683534500948e+00
0.000000000000e+00,-6.794001602744e+01,0.000000000000e+00,0.000000000000e+00,0.000000000000e+00,-9.683534500948e+00
