N,Vy,Vz,T,My,Mz
0.000000000000e+00,-5.048637869795e+02,0.000000000000e+00,0.000000000000e+00,0.000000000000e+00,-1.048763642460e+02
0.000000000000e+00,-2.488501865984e+02,0.000000000000e+00,0.000000000000e+00,0.000000000000e+00,-1.048763642460e+02
0.000000000000e+00,7.163413782353e+00,0.000000000000e+00,0.000000000000e+00,0.000000000000e+00,-1.048763642460e+02
