N,Vy,Vz,T,My,Mz
0.000000000000e+00,-1.208282609560e+03,0.000000000000e+00,0.000000000000e+00,0.000000000000e+00,-3.597076782427e+02
0.000000000000e+00,-3.302005130493e+02,0.000000000000e+00,0.000000000000e+00,0.000000000000e+00,-3.597076782427e+02
0.000000000000e+00,5.478815834618e+02,0.000000000000e+00,0.000000000000e+00,0.000000000000e+00,-3.597076782427e+02
