N,Vy,Vz,T,My,Mz
0.000000000000e+00,-9.472283781005e+02,0.000000000000e+00,0.000000000000e+00,0.000000000000e+00,-2.582462677616e+02
0.000000000000e+00,-3.168236413428e+02,0.000000000000e+00,0.000000000000e+00,0.000000000000e+00,-2.582462677616e+02
0.000000000000e+00,3.135810954146e+02,0.000000000000e+00,0.000000000000e+00,0.000000000000e+00,-2.582462677616e+02
