Local DOF,R_e Value
0,0.000000000000e+00
1,-2.980087446877e-04
2,0.000000000000e+00
3,0.000000000000e+00
4,0.000000000000e+00
5,-9.562174340131e-04
6,0.000000000000e+00
7,-3.600085201669e-04
8,0.000000000000e+00
9,0.000000000000e+00
10,0.000000000000e+00
11,-1.026731247849e-03
