Local DOF,R_e Value
0,0.000000000000e+00
1,-3.765406334792e-05
2,0.000000000000e+00
3,0.000000000000e+00
4,0.000000000000e+00
5,-3.889049140148e-04
6,0.000000000000e+00
7,-6.553677761677e-05
8,0.000000000000e+00
9,0.000000000000e+00
10,0.000000000000e+00
11,-5.020193735235e-04
