Local DOF,R_e Value
0,0.000000000000e+00
1,-4.962766394259e-04
2,0.000000000000e+00
3,0.000000000000e+00
4,0.000000000000e+00
5,-1.149660561999e-03
6,0.000000000000e+00
7,-5.698140897751e-04
8,0.000000000000e+00
9,0.000000000000e+00
10,0.000000000000e+00
11,-1.202632933498e-03
