Local DOF,R_e Value
0,0.000000000000e+00
1,-8.922715097568e-04
2,0.000000000000e+00
3,0.000000000000e+00
4,0.000000000000e+00
5,-1.364404012823e-03
6,0.000000000000e+00
7,-9.784835803126e-04
8,0.000000000000e+00
9,0.000000000000e+00
10,0.000000000000e+00
11,-1.393709358948e-03
