Local DOF,R_e Value
0,0.000000000000e+00
1,-6.464955420245e-04
2,0.000000000000e+00
3,0.000000000000e+00
4,0.000000000000e+00
5,-1.250315028738e-03
6,0.000000000000e+00
7,-7.259990550201e-04
8,0.000000000000e+00
9,0.000000000000e+00
10,0.000000000000e+00
11,-1.292985283310e-03
