Local DOF,R_e Value
0,0.000000000000e+00
1,-1.709188486880e-05
2,0.000000000000e+00
3,0.000000000000e+00
4,0.000000000000e+00
5,-2.677158223198e-04
6,0.000000000000e+00
7,-3.765406334792e-05
8,0.000000000000e+00
9,0.000000000000e+00
10,0.000000000000e+00
11,-3.889049140148e-04
