Local DOF,R_e Value
0,0.000000000000e+00
1,-4.363607803345e-06
2,0.000000000000e+00
3,0.000000000000e+00
4,0.000000000000e+00
5,-1.381736628457e-04
6,0.000000000000e+00
7,-1.709188486880e-05
8,0.000000000000e+00
9,0.000000000000e+00
10,0.000000000000e+00
11,-2.677158223198e-04
