Local DOF,R_e Value
0,0.000000000000e+00
1,-1.882355122907e-04
2,0.000000000000e+00
3,0.000000000000e+00
4,0.000000000000e+00
5,-7.956993148575e-04
6,0.000000000000e+00
7,-2.406147579701e-04
8,0.000000000000e+00
9,0.000000000000e+00
10,0.000000000000e+00
11,-8.792996015469e-04
