Local DOF,R_e Value
0,0.000000000000e+00
1,-1.617863062688e-03
2,0.000000000000e+00
3,0.000000000000e+00
4,0.000000000000e+00
5,-1.505292422700e-03
6,0.000000000000e+00
7,-1.712138163948e-03
8,0.000000000000e+00
9,0.000000000000e+00
10,0.000000000000e+00
11,-1.511209179044e-03
