N,Vy,Vz,T,My,Mz
0.000000000000e+00,-1.529842300762e+02,0.000000000000e+00,0.000000000000e+00,0.000000000000e+00,-1.130811372974e+01
0.000000000000e+00,-9.777577714634e+01,0.000000000000e+00,0.000000000000e+00,0.000000000000e+00,-1.130811372974e+01
0.000000000000e+00,-4.256732421643e+01,0.000000000000e+00,0.000000000000e+00,0.000000000000e+00,-1.130811372974e+01
