N,Vy,Vz,T,My,Mz
0.000000000000e+00,-2.723574064214e+03,0.000000000000e+00,0.000000000000e+00,0.000000000000e+00,-4.895834125523e+02
0.000000000000e+00,-3.333307899465e+02,0.000000000000e+00,0.000000000000e+00,0.000000000000e+00,-4.895834125523e+02
0.000000000000e+00,2.056912484320e+03,0.000000000000e+00,0.000000000000e+00,0.000000000000e+00,-4.895834125523e+02
