N,Vy,Vz,T,My,Mz
0.000000000000e+00,-1.108273039628e+03,0.000000000000e+00,0.000000000000e+00,0.000000000000e+00,-1.680959859841e+02
0.000000000000e+00,-2.875951129899e+02,0.000000000000e+00,0.000000000000e+00,0.000000000000e+00,-1.680959859841e+02
0.000000000000e+00,5.330828136479e+02,0.000000000000e+00,0.000000000000e+00,0.000000000000e+00,-1.680959859841e+02
