N,Vy,Vz,T,My,Mz
0.000000000000e+00,-2.731859125650e+02,0.000000000000e+00,0.000000000000e+00,0.000000000000e+00,-2.646899222394e+01
0.000000000000e+00,-1.439590453596e+02,0.000000000000e+00,0.000000000000e+00,0.000000000000e+00,-2.646899222394e+01
0.000000000000e+00,-1.473217815423e+01,0.000000000000e+00,0.000000000000e+00,0.000000000000e+00,-2.646899222394e+01
