N,Vy,Vz,T,My,Mz
0.000000000000e+00,-4.894208053944e+02,0.000000000000e+00,0.000000000000e+00,0.000000000000e+00,-5.902361867739e+01
0.000000000000e+00,-2.012557982692e+02,0.000000000000e+00,0.000000000000e+00,0.000000000000e+00,-5.902361867739e+01
0.000000000000e+00,8.690920885595e+01,0.000000000000e+00,0.000000000000e+00,0.000000000000e+00,-5.902361867739e+01
