N,Vy,Vz,T,My,Mz
0.000000000000e+00,-2.111925724042e+03,0.000000000000e+00,0.000000000000e+00,0.000000000000e+00,-3.648771443275e+02
0.000000000000e+00,-3.305231728075e+02,0.000000000000e+00,0.000000000000e+00,0.000000000000e+00,-3.648771443275e+02
0.000000000000e+00,1.450879378427e+03,0.000000000000e+00,0.000000000000e+00,0.000000000000e+00,-3.648771443275e+02
