N,Vy,Vz,T,My,Mz
0.000000000000e+00,-4.131095727456e+02,0.000000000000e+00,0.000000000000e+00,0.000000000000e+00,-4.699460663740e+01
0.000000000000e+00,-1.836725870105e+02,0.000000000000e+00,0.000000000000e+00,0.000000000000e+00,-4.699460663740e+01
0.000000000000e+00,4.576439872456e+01,0.000000000000e+00,0.000000000000e+00,0.000000000000e+00,-4.699460663740e+01
