N,Vy,Vz,T,My,Mz
0.000000000000e+00,-3.408964192899e+02,0.000000000000e+00,0.000000000000e+00,0.000000000000e+00,-3.611127534237e+01
0.000000000000e+00,-1.645940144304e+02,0.000000000000e+00,0.000000000000e+00,0.000000000000e+00,-3.611127534237e+01
0.000000000000e+00,1.170839042918e+01,0.000000000000e+00,0.000000000000e+00,0.000000000000e+00,-3.611127534237e+01
