N,Vy,Vz,T,My,Mz
0.000000000000e+00,-1.704209677333e+03,0.000000000000e+00,0.000000000000e+00,0.000000000000e+00,-2.832082906152e+02
0.000000000000e+00,-3.215306598179e+02,0.000000000000e+00,0.000000000000e+00,0.000000000000e+00,-2.832082906152e+02
0.000000000000e+00,1.061148357697e+03,0.000000000000e+00,0.000000000000e+00,0.000000000000e+00,-2.832082906152e+02
