N,Vy,Vz,T,My,Mz
0.000000000000e+00,-2.520023625584e+03,0.000000000000e+00,0.000000000000e+00,0.000000000000e+00,-4.479243753107e+02
0.000000000000e+00,-3.331680295470e+02,0.000000000000e+00,0.000000000000e+00,0.000000000000e+00,-4.479243753107e+02
0.000000000000e+00,1.853687566490e+03,0.000000000000e+00,0.000000000000e+00,0.000000000000e+00,-4.479243753107e+02
