N,Vy,Vz,T,My,Mz
0.000000000000e+00,-1.303100750357e+03,0.000000000000e+00,0.000000000000e+00,0.000000000000e+00,-2.049930094861e+02
0.000000000000e+00,-3.022842405785e+02,0.000000000000e+00,0.000000000000e+00,0.000000000000e+00,-2.049930094861e+02
0.000000000000e+00,6.985322691997e+02,0.000000000000e+00,0.000000000000e+00,0.000000000000e+00,-2.049930094861e+02
