N,Vy,Vz,T,My,Mz
0.000000000000e+00,-9.195919797282e+02,0.000000000000e+00,0.000000000000e+00,0.000000000000e+00,-1.332830587529e+02
0.000000000000e+00,-2.688776650890e+02,0.000000000000e+00,0.000000000000e+00,0.000000000000e+00,-1.332830587529e+02
0.000000000000e+00,3.818366495505e+02,0.000000000000e+00,0.000000000000e+00,0.000000000000e+00,-1.332830587529e+02
