N,Vy,Vz,T,My,Mz
0.000000000000e+00,-2.621832205199e+03,0.000000000000e+00,0.000000000000e+00,0.000000000000e+00,-4.687513508003e+02
0.000000000000e+00,-3.332951861184e+02,0.000000000000e+00,0.000000000000e+00,0.000000000000e+00,-4.687513508003e+02
0.000000000000e+00,1.955241832963e+03,0.000000000000e+00,0.000000000000e+00,0.000000000000e+00,-4.687513508003e+02
