N,Vy,Vz,T,My,Mz
0.000000000000e+00,-8.282070206216e+02,0.000000000000e+00,0.000000000000e+00,0.000000000000e+00,-1.168226400584e+02
0.000000000000e+00,-2.578557331340e+02,0.000000000000e+00,0.000000000000e+00,0.000000000000e+00,-1.168226400584e+02
0.000000000000e+00,3.124955543536e+02,0.000000000000e+00,0.000000000000e+00,0.000000000000e+00,-1.168226400584e+02
