N,Vy,Vz,T,My,Mz
0.000000000000e+00,-7.391766645659e+02,0.000000000000e+00,0.000000000000e+00,0.000000000000e+00,-1.010882854097e+02
0.000000000000e+00,-2.456436156254e+02,0.000000000000e+00,0.000000000000e+00,0.000000000000e+00,-1.010882854097e+02
0.000000000000e+00,2.478894333152e+02,0.000000000000e+00,0.000000000000e+00,0.000000000000e+00,-1.010882854097e+02
