N,Vy,Vz,T,My,Mz
0.000000000000e+00,-5.694441737812e+02,0.000000000000e+00,0.000000000000e+00,0.000000000000e+00,-7.210675872796e+01
0.000000000000e+00,-2.174046833495e+02,0.000000000000e+00,0.000000000000e+00,0.000000000000e+00,-7.210675872796e+01
0.000000000000e+00,1.346348070823e+02,0.000000000000e+00,0.000000000000e+00,0.000000000000e+00,-7.210675872796e+01
