N,Vy,Vz,T,My,Mz
0.000000000000e+00,-1.502254003740e+03,0.000000000000e+00,0.000000000000e+00,0.000000000000e+00,-2.435011067980e+02
0.000000000000e+00,-3.134333291045e+02,0.000000000000e+00,0.000000000000e+00,0.000000000000e+00,-2.435011067980e+02
0.000000000000e+00,8.753873455306e+02,0.000000000000e+00,0.000000000000e+00,0.000000000000e+00,-2.435011067980e+02
