N,Vy,Vz,T,My,Mz
0.000000000000e+00,-1.907742634427e+03,0.000000000000e+00,0.000000000000e+00,0.000000000000e+00,-3.237636087890e+02
0.000000000000e+00,-3.270645139690e+02,0.000000000000e+00,0.000000000000e+00,0.000000000000e+00,-3.237636087890e+02
0.000000000000e+00,1.253613606489e+03,0.000000000000e+00,0.000000000000e+00,0.000000000000e+00,-3.237636087890e+02
