Local DOF,R_e Value
0,0.000000000000e+00
1,-5.165832676090e-05
2,0.000000000000e+00
3,0.000000000000e+00
4,-0.000000000000e+00
5,-5.657580751615e-07
6,0.000000000000e+00
7,-5.222520858771e-05
8,0.000000000000e+00
9,0.000000000000e+00
10,-0.000000000000e+00
11,-5.683800356335e-07
