Local DOF,R_e Value
0,0.000000000000e+00
1,-3.265111562556e-04
2,0.000000000000e+00
3,0.000000000000e+00
4,-0.000000000000e+00
5,-9.974931535555e-07
6,0.000000000000e+00
7,-3.275086680368e-04
8,0.000000000000e+00
9,0.000000000000e+00
10,-0.000000000000e+00
11,-9.975364914431e-07
