Local DOF,R_e Value
0,0.000000000000e+00
1,-8.539984002109e-06
2,0.000000000000e+00
3,0.000000000000e+00
4,-0.000000000000e+00
5,-2.494852067016e-07
6,0.000000000000e+00
7,-8.790948788818e-06
8,0.000000000000e+00
9,0.000000000000e+00
10,-0.000000000000e+00
11,-2.529374333339e-07
