Local DOF,R_e Value
0,0.000000000000e+00
1,-2.103912913481e-04
2,0.000000000000e+00
3,0.000000000000e+00
4,-0.000000000000e+00
5,-9.353350062680e-07
6,0.000000000000e+00
7,-2.113270521330e-04
8,0.000000000000e+00
9,0.000000000000e+00
10,-0.000000000000e+00
11,-9.363283632071e-07
