Local DOF,R_e Value
0,0.000000000000e+00
1,-1.969046265933e-05
2,0.000000000000e+00
3,0.000000000000e+00
4,-0.000000000000e+00
5,-3.687358701482e-07
6,0.000000000000e+00
7,-2.006055493816e-05
8,0.000000000000e+00
9,0.000000000000e+00
10,-0.000000000000e+00
11,-3.719006970280e-07
