Local DOF,R_e Value
0,0.000000000000e+00
1,-5.685386000827e-05
2,0.000000000000e+00
3,0.000000000000e+00
4,-0.000000000000e+00
5,-5.890683195736e-07
6,0.000000000000e+00
7,-5.744402128666e-05
8,0.000000000000e+00
9,0.000000000000e+00
10,-0.000000000000e+00
11,-5.916184300757e-07
