Local DOF,R_e Value
0,0.000000000000e+00
1,-1.624220118405e-04
2,0.000000000000e+00
3,0.000000000000e+00
4,-0.000000000000e+00
5,-8.712628527133e-07
6,0.000000000000e+00
7,-1.632938818089e-04
8,0.000000000000e+00
9,0.000000000000e+00
10,-0.000000000000e+00
11,-8.726793291113e-07
