Local DOF,R_e Value
0,0.000000000000e+00
1,-3.235189402437e-04
2,0.000000000000e+00
3,0.000000000000e+00
4,-0.000000000000e+00
5,-9.973152401015e-07
6,0.000000000000e+00
7,-3.245162843757e-04
8,0.000000000000e+00
9,0.000000000000e+00
10,-0.000000000000e+00
11,-9.973825278805e-07
