Local DOF,R_e Value
0,0.000000000000e+00
1,-1.529269870593e-04
2,0.000000000000e+00
3,0.000000000000e+00
4,-0.000000000000e+00
5,-8.551547099441e-07
6,0.000000000000e+00
7,-1.537827865208e-04
8,0.000000000000e+00
9,0.000000000000e+00
10,-0.000000000000e+00
11,-8.566590034037e-07
