Local DOF,R_e Value
0,0.000000000000e+00
1,-1.122270579574e-04
2,0.000000000000e+00
3,0.000000000000e+00
4,-0.000000000000e+00
5,-7.697612648030e-07
6,0.000000000000e+00
7,-1.129976350453e-04
8,0.000000000000e+00
9,0.000000000000e+00
10,-0.000000000000e+00
11,-7.716647253879e-07
