Local DOF,R_e Value
0,0.000000000000e+00
1,-1.774305480868e-04
2,0.000000000000e+00
3,0.000000000000e+00
4,-0.000000000000e+00
5,-8.942572133793e-07
6,0.000000000000e+00
7,-1.783253542512e-04
8,0.000000000000e+00
9,0.000000000000e+00
10,-0.000000000000e+00
11,-8.955379724631e-07
