Local DOF,R_e Value
0,0.000000000000e+00
1,-1.637762028041e-06
2,0.000000000000e+00
3,0.000000000000e+00
4,-0.000000000000e+00
5,-1.123849496284e-07
6,0.000000000000e+00
7,-1.751756571867e-06
8,0.000000000000e+00
9,0.000000000000e+00
10,-0.000000000000e+00
11,-1.161405427047e-07
