Local DOF,R_e Value
0,0.000000000000e+00
1,-9.432397622927e-05
2,0.000000000000e+00
3,0.000000000000e+00
4,-0.000000000000e+00
5,-7.216832142865e-07
6,0.000000000000e+00
7,-9.504655738088e-05
8,0.000000000000e+00
9,0.000000000000e+00
10,-0.000000000000e+00
11,-7.237782746467e-07
