Local DOF,R_e Value
0,0.000000000000e+00
1,-8.618418563450e-07
2,0.000000000000e+00
3,0.000000000000e+00
4,-0.000000000000e+00
5,-8.205280515548e-08
6,0.000000000000e+00
7,-9.455316271142e-07
8,0.000000000000e+00
9,0.000000000000e+00
10,-0.000000000000e+00
11,-8.587226486816e-08
