Local DOF,R_e Value
0,0.000000000000e+00
1,-2.029418007544e-04
2,0.000000000000e+00
3,0.000000000000e+00
4,-0.000000000000e+00
5,-9.271007481071e-07
6,0.000000000000e+00
7,-2.038693546529e-04
8,0.000000000000e+00
9,0.000000000000e+00
10,-0.000000000000e+00
11,-9.281579722840e-07
