Local DOF,R_e Value
0,0.000000000000e+00
1,-2.057276158747e-04
2,0.000000000000e+00
3,0.000000000000e+00
4,-0.000000000000e+00
5,-9.302484704396e-07
6,0.000000000000e+00
7,-2.066583072311e-04
8,0.000000000000e+00
9,0.000000000000e+00
10,-0.000000000000e+00
11,-9.312817444150e-07
