Local DOF,R_e Value
0,0.000000000000e+00
1,-4.830113001661e-08
2,0.000000000000e+00
3,0.000000000000e+00
4,-0.000000000000e+00
5,-1.985571614952e-08
6,0.000000000000e+00
7,-6.984855468956e-08
8,0.000000000000e+00
9,0.000000000000e+00
10,-0.000000000000e+00
11,-2.380290931762e-08
