Local DOF,R_e Value
0,0.000000000000e+00
1,-2.393403777738e-05
2,0.000000000000e+00
3,0.000000000000e+00
4,-0.000000000000e+00
5,-4.031098828003e-07
6,0.000000000000e+00
7,-2.433846643317e-05
8,0.000000000000e+00
9,0.000000000000e+00
10,-0.000000000000e+00
11,-4.061868930754e-07
