Local DOF,R_e Value
0,0.000000000000e+00
1,-6.164601046259e-05
2,0.000000000000e+00
3,0.000000000000e+00
4,-0.000000000000e+00
5,-6.092456701867e-07
6,0.000000000000e+00
7,-6.225632172014e-05
8,0.000000000000e+00
9,0.000000000000e+00
10,-0.000000000000e+00
11,-6.117319139962e-07
