Local DOF,R_e Value
0,0.000000000000e+00
1,-6.659757248266e-05
2,0.000000000000e+00
3,0.000000000000e+00
4,-0.000000000000e+00
5,-6.289120871766e-07
6,0.000000000000e+00
7,-6.722752278576e-05
8,0.000000000000e+00
9,0.000000000000e+00
10,-0.000000000000e+00
11,-6.313344642828e-07
