Local DOF,R_e Value
0,0.000000000000e+00
1,-1.992422828557e-04
2,0.000000000000e+00
3,0.000000000000e+00
4,-0.000000000000e+00
5,-9.227920173961e-07
6,0.000000000000e+00
7,-2.001655417093e-04
8,0.000000000000e+00
9,0.000000000000e+00
10,-0.000000000000e+00
11,-9.238811751753e-07
