Local DOF,R_e Value
0,0.000000000000e+00
1,-2.987282961244e-05
2,0.000000000000e+00
3,0.000000000000e+00
4,-0.000000000000e+00
5,-4.454615438086e-07
6,0.000000000000e+00
7,-3.031956202928e-05
8,0.000000000000e+00
9,0.000000000000e+00
10,-0.000000000000e+00
11,-4.484267874913e-07
