Local DOF,R_e Value
0,0.000000000000e+00
1,-7.041339896979e-05
2,0.000000000000e+00
3,0.000000000000e+00
4,-0.000000000000e+00
5,-6.433265998310e-07
6,0.000000000000e+00
7,-7.105774325698e-05
8,0.000000000000e+00
9,0.000000000000e+00
10,-0.000000000000e+00
11,-6.457010769485e-07
