Local DOF,R_e Value
0,0.000000000000e+00
1,-1.106916358323e-04
2,0.000000000000e+00
3,0.000000000000e+00
4,-0.000000000000e+00
5,-7.659303936709e-07
6,0.000000000000e+00
7,-1.114583888919e-04
8,0.000000000000e+00
9,0.000000000000e+00
10,-0.000000000000e+00
11,-7.678498208977e-07
