Local DOF,R_e Value
0,0.000000000000e+00
1,-7.830026375866e-05
2,0.000000000000e+00
3,0.000000000000e+00
4,-0.000000000000e+00
5,-6.712934252990e-07
6,0.000000000000e+00
7,-7.897253381417e-05
8,0.000000000000e+00
9,0.000000000000e+00
10,-0.000000000000e+00
11,-6.735721024012e-07
