Local DOF,R_e Value
0,0.000000000000e+00
1,-1.650321264425e-05
2,0.000000000000e+00
3,0.000000000000e+00
4,-0.000000000000e+00
5,-3.398931785017e-07
6,0.000000000000e+00
7,-1.684449302427e-05
8,0.000000000000e+00
9,0.000000000000e+00
10,-0.000000000000e+00
11,-3.431298553285e-07
