Local DOF,R_e Value
0,0.000000000000e+00
1,-7.401319921270e-09
2,-0.000000000000e+00
3,0.000000000000e+00
4,0.000000000000e+00
5,-7.966236521638e-09
6,0.000000000000e+00
7,-1.706952927854e-08
8,-0.000000000000e+00
9,0.000000000000e+00
10,-0.000000000000e+00
11,-1.193737975153e-08
