Local DOF,R_e Value
0,0.000000000000e+00
1,-2.514240022935e-06
2,0.000000000000e+00
3,0.000000000000e+00
4,-0.000000000000e+00
5,-1.385064512449e-07
6,0.000000000000e+00
7,-2.654332118390e-06
8,0.000000000000e+00
9,0.000000000000e+00
10,-0.000000000000e+00
11,-1.422061610160e-07
