Local DOF,R_e Value
0,0.000000000000e+00
1,-2.827813415090e-04
2,0.000000000000e+00
3,0.000000000000e+00
4,-0.000000000000e+00
5,-9.876828312815e-07
6,0.000000000000e+00
7,-2.837691935100e-04
8,0.000000000000e+00
9,0.000000000000e+00
10,-0.000000000000e+00
11,-9.880774339511e-07
