Local DOF,R_e Value
0,0.000000000000e+00
1,-1.148896369367e-05
2,0.000000000000e+00
3,0.000000000000e+00
4,-0.000000000000e+00
5,-2.870206167690e-07
6,0.000000000000e+00
7,-1.177742625477e-05
8,0.000000000000e+00
9,0.000000000000e+00
10,-0.000000000000e+00
11,-2.903850268222e-07
