Local DOF,R_e Value
0,0.000000000000e+00
1,-2.798202124266e-04
2,0.000000000000e+00
3,0.000000000000e+00
4,-0.000000000000e+00
5,-9.864511233325e-07
6,0.000000000000e+00
7,-2.808068429840e-04
8,0.000000000000e+00
9,0.000000000000e+00
10,-0.000000000000e+00
11,-9.868696759826e-07
