ε_xx,ε_yy,ε_zz,γ_xy,γ_yz,γ_xz
0.000000000000e+00,0.000000000000e+00,-9.267933534983e-04,-2.619315556610e-05,0.000000000000e+00,0.000000000000e+00
0.000000000000e+00,0.000000000000e+00,-9.267933534983e-04,-3.759060419379e-06,0.000000000000e+00,0.000000000000e+00
0.000000000000e+00,0.000000000000e+00,-9.267933534983e-04,1.867503472734e-05,0.000000000000e+00,0.000000000000e+00
