ε_xx,ε_yy,ε_zz,γ_xy,γ_yz,γ_xz
0.000000000000e+00,0.000000000000e+00,-6.459823573860e-04,-1.927293952313e-05,0.000000000000e+00,0.000000000000e+00
0.000000000000e+00,0.000000000000e+00,-6.459823573860e-04,-3.636196322510e-06,0.000000000000e+00,0.000000000000e+00
0.000000000000e+00,0.000000000000e+00,-6.459823573860e-04,1.200054687811e-05,0.000000000000e+00,0.000000000000e+00
