ε_xx,ε_yy,ε_zz,γ_xy,γ_yz,γ_xz
0.000000000000e+00,0.000000000000e+00,-6.004088317121e-04,-1.812796260218e-05,0.000000000000e+00,0.000000000000e+00
0.000000000000e+00,0.000000000000e+00,-6.004088317121e-04,-3.594378813828e-06,0.000000000000e+00,0.000000000000e+00
0.000000000000e+00,0.000000000000e+00,-6.004088317121e-04,1.093920497453e-05,0.000000000000e+00,0.000000000000e+00
