ε_xx,ε_yy,ε_zz,γ_xy,γ_yz,γ_xz
0.000000000000e+00,0.000000000000e+00,-7.384867822445e-04,-2.157469759035e-05,0.000000000000e+00,0.000000000000e+00
0.000000000000e+00,0.000000000000e+00,-7.384867822445e-04,-3.698778783930e-06,0.000000000000e+00,0.000000000000e+00
0.000000000000e+00,0.000000000000e+00,-7.384867822445e-04,1.417714002249e-05,0.000000000000e+00,0.000000000000e+00
