ε_xx,ε_yy,ε_zz,γ_xy,γ_yz,γ_xz
0.000000000000e+00,0.000000000000e+00,-9.742144153364e-04,-2.734661621083e-05,0.000000000000e+00,0.000000000000e+00
0.000000000000e+00,0.000000000000e+00,-9.742144153364e-04,-3.764639921877e-06,0.000000000000e+00,0.000000000000e+00
0.000000000000e+00,0.000000000000e+00,-9.742144153364e-04,1.981733636708e-05,0.000000000000e+00,0.000000000000e+00
