ε_xx,ε_yy,ε_zz,γ_xy,γ_yz,γ_xz
0.000000000000e+00,0.000000000000e+00,-3.834175936631e-04,-1.253348079873e-05,0.000000000000e+00,0.000000000000e+00
0.000000000000e+00,0.000000000000e+00,-3.834175936631e-04,-3.252418580604e-06,0.000000000000e+00,0.000000000000e+00
0.000000000000e+00,0.000000000000e+00,-3.834175936631e-04,6.028643637523e-06,0.000000000000e+00,0.000000000000e+00
