ε_xx,ε_yy,ε_zz,γ_xy,γ_yz,γ_xz
0.000000000000e+00,0.000000000000e+00,-1.644715057083e-04,-6.439854948049e-06,0.000000000000e+00,0.000000000000e+00
0.000000000000e+00,0.000000000000e+00,-1.644715057083e-04,-2.458633682211e-06,0.000000000000e+00,0.000000000000e+00
0.000000000000e+00,0.000000000000e+00,-1.644715057083e-04,1.522587583628e-06,0.000000000000e+00,0.000000000000e+00
