ε_xx,ε_yy,ε_zz,γ_xy,γ_yz,γ_xz
0.000000000000e+00,0.000000000000e+00,-8.236781036039e-05,-3.855204063217e-06,0.000000000000e+00,0.000000000000e+00
0.000000000000e+00,0.000000000000e+00,-8.236781036039e-05,-1.861396827034e-06,0.000000000000e+00,0.000000000000e+00
0.000000000000e+00,0.000000000000e+00,-8.236781036039e-05,1.324104091510e-07,0.000000000000e+00,0.000000000000e+00
