ε_xx,ε_yy,ε_zz,γ_xy,γ_yz,γ_xz
0.000000000000e+00,0.000000000000e+00,-1.116712530875e-03,-3.080095068378e-05,0.000000000000e+00,0.000000000000e+00
0.000000000000e+00,0.000000000000e+00,-1.116712530875e-03,-3.769644217659e-06,0.000000000000e+00,0.000000000000e+00
0.000000000000e+00,0.000000000000e+00,-1.116712530875e-03,2.326166224846e-05,0.000000000000e+00,0.000000000000e+00
