ε_xx,ε_yy,ε_zz,γ_xy,γ_yz,γ_xz
0.000000000000e+00,0.000000000000e+00,-2.579317840187e-05,-1.730101555852e-06,0.000000000000e+00,0.000000000000e+00
0.000000000000e+00,0.000000000000e+00,-2.579317840187e-05,-1.105748115876e-06,0.000000000000e+00,0.000000000000e+00
0.000000000000e+00,0.000000000000e+00,-2.579317840187e-05,-4.813946758997e-07,0.000000000000e+00,0.000000000000e+00
