ε_xx,ε_yy,ε_zz,γ_xy,γ_yz,γ_xz
0.000000000000e+00,0.000000000000e+00,-2.305767559672e-04,-8.359362901509e-06,0.000000000000e+00,0.000000000000e+00
0.000000000000e+00,0.000000000000e+00,-2.305767559672e-04,-2.777988302238e-06,0.000000000000e+00,0.000000000000e+00
0.000000000000e+00,0.000000000000e+00,-2.305767559672e-04,2.803386297033e-06,0.000000000000e+00,0.000000000000e+00
