ε_xx,ε_yy,ε_zz,γ_xy,γ_yz,γ_xz
0.000000000000e+00,0.000000000000e+00,-1.346295910048e-04,-5.534869159111e-06,0.000000000000e+00,0.000000000000e+00
0.000000000000e+00,0.000000000000e+00,-1.346295910048e-04,-2.276005634936e-06,0.000000000000e+00,0.000000000000e+00
0.000000000000e+00,0.000000000000e+00,-1.346295910048e-04,9.828578892389e-07,0.000000000000e+00,0.000000000000e+00
