ε_xx,ε_yy,ε_zz,γ_xy,γ_yz,γ_xz
0.000000000000e+00,0.000000000000e+00,-5.362966799791e-06,-6.345891755480e-07,0.000000000000e+00,0.000000000000e+00
0.000000000000e+00,0.000000000000e+00,-5.362966799791e-06,-5.047724186587e-07,0.000000000000e+00,0.000000000000e+00
0.000000000000e+00,0.000000000000e+00,-5.362966799791e-06,-3.749556617728e-07,0.000000000000e+00,0.000000000000e+00
