ε_xx,ε_yy,ε_zz,γ_xy,γ_yz,γ_xz
0.000000000000e+00,0.000000000000e+00,-1.368413049734e-05,-1.146681480966e-06,0.000000000000e+00,0.000000000000e+00
0.000000000000e+00,0.000000000000e+00,-1.368413049734e-05,-8.154414214423e-07,0.000000000000e+00,0.000000000000e+00
0.000000000000e+00,0.000000000000e+00,-1.368413049734e-05,-4.842013619222e-07,0.000000000000e+00,0.000000000000e+00
