ε_xx,ε_yy,ε_zz,γ_xy,γ_yz,γ_xz
0.000000000000e+00,0.000000000000e+00,-3.430473331199e-04,-1.145647406275e-05,0.000000000000e+00,0.000000000000e+00
0.000000000000e+00,0.000000000000e+00,-3.430473331199e-04,-3.152620261916e-06,0.000000000000e+00,0.000000000000e+00
0.000000000000e+00,0.000000000000e+00,-3.430473331199e-04,5.151233538923e-06,0.000000000000e+00,0.000000000000e+00
