ε_xx,ε_yy,ε_zz,γ_xy,γ_yz,γ_xz
0.000000000000e+00,0.000000000000e+00,-1.965177021858e-04,-7.382667329201e-06,0.000000000000e+00,0.000000000000e+00
0.000000000000e+00,0.000000000000e+00,-1.965177021858e-04,-2.625731155448e-06,0.000000000000e+00,0.000000000000e+00
0.000000000000e+00,0.000000000000e+00,-1.965177021858e-04,2.131205018305e-06,0.000000000000e+00,0.000000000000e+00
