ε_xx,ε_yy,ε_zz,γ_xy,γ_yz,γ_xz
0.000000000000e+00,0.000000000000e+00,-1.021690584218e-03,-2.849899491754e-05,0.000000000000e+00,0.000000000000e+00
0.000000000000e+00,0.000000000000e+00,-1.021690584218e-03,-3.767803557218e-06,0.000000000000e+00,0.000000000000e+00
0.000000000000e+00,0.000000000000e+00,-1.021690584218e-03,2.096338780311e-05,0.000000000000e+00,0.000000000000e+00
