Local DOF,R_e Value
0,0.000000000000e+00
1,-3.369766759823e-05
2,0.000000000000e+00
3,0.000000000000e+00
4,0.000000000000e+00
5,-2.616644887687e-04
6,0.000000000000e+00
7,-1.268869667232e-04
8,0.000000000000e+00
9,0.000000000000e+00
10,0.000000000000e+00
11,-4.759856456036e-04
