Local DOF,R_e Value
0,0.000000000000e+00
1,-6.476914615540e-04
2,0.000000000000e+00
3,0.000000000000e+00
4,0.000000000000e+00
5,-8.483468448161e-04
6,0.000000000000e+00
7,-8.662200895665e-04
8,0.000000000000e+00
9,0.000000000000e+00
10,0.000000000000e+00
11,-8.945485908201e-04
