Local DOF,R_e Value
0,0.000000000000e+00
1,-8.662200895665e-04
2,0.000000000000e+00
3,0.000000000000e+00
4,0.000000000000e+00
5,-8.945485908201e-04
6,-0.000000000000e+00
7,-1.092718162986e-03
8,-0.000000000000e+00
9,-0.000000000000e+00
10,-0.000000000000e+00
11,-9.137792090845e-04
