Local DOF,R_e Value
0,0.000000000000e+00
1,-3.266977620214e-05
2,0.000000000000e+00
3,0.000000000000e+00
4,0.000000000000e+00
5,-2.494782909982e-04
6,0.000000000000e+00
7,-7.016576934324e-05
8,0.000000000000e+00
9,0.000000000000e+00
10,0.000000000000e+00
11,-3.474876196046e-04
