Local DOF,R_e Value
0,0.000000000000e+00
1,-1.779319971252e-04
2,0.000000000000e+00
3,0.000000000000e+00
4,-0.000000000000e+00
5,-4.473787126127e-06
6,0.000000000000e+00
7,-1.824192323191e-04
8,0.000000000000e+00
9,0.000000000000e+00
10,-0.000000000000e+00
11,-4.505150111124e-06
