Local DOF,R_e Value
0,0.000000000000e+00
1,-1.717123360075e-06
2,0.000000000000e+00
3,0.000000000000e+00
4,-0.000000000000e+00
5,-5.803577585005e-07
6,0.000000000000e+00
7,-2.337445163076e-06
8,0.000000000000e+00
9,0.000000000000e+00
10,-0.000000000000e+00
11,-6.735913557777e-07
