Local DOF,R_e Value
0,0.000000000000e+00
1,-7.458361410969e-04
2,0.000000000000e+00
3,0.000000000000e+00
4,0.000000000000e+00
5,-1.559239319585e-03
6,0.000000000000e+00
7,-7.703551503937e-04
8,0.000000000000e+00
9,0.000000000000e+00
10,0.000000000000e+00
11,-1.579147464482e-03
