Local DOF,R_e Value
0,0.000000000000e+00
1,-1.754782315645e-04
2,0.000000000000e+00
3,0.000000000000e+00
4,0.000000000000e+00
5,-8.325224222448e-04
6,0.000000000000e+00
7,-1.887075476823e-04
8,0.000000000000e+00
9,0.000000000000e+00
10,0.000000000000e+00
11,-8.607836349112e-04
