Local DOF,R_e Value
0,0.000000000000e+00
1,-6.020082053109e-05
2,0.000000000000e+00
3,0.000000000000e+00
4,0.000000000000e+00
5,-5.032723338186e-04
6,0.000000000000e+00
7,-6.830953207603e-05
8,0.000000000000e+00
9,0.000000000000e+00
10,0.000000000000e+00
11,-5.345963380010e-04
