Local DOF,R_e Value
0,0.000000000000e+00
1,-2.093257759059e-03
2,0.000000000000e+00
3,0.000000000000e+00
4,0.000000000000e+00
5,-2.179454603396e-03
6,0.000000000000e+00
7,-2.127369744653e-03
8,0.000000000000e+00
9,0.000000000000e+00
10,0.000000000000e+00
11,-2.186833146618e-03
