Local DOF,R_e Value
0,0.000000000000e+00
1,-2.486342831594e-06
2,0.000000000000e+00
3,0.000000000000e+00
4,0.000000000000e+00
5,-1.056663074261e-04
6,0.000000000000e+00
7,-4.408563550930e-06
8,0.000000000000e+00
9,0.000000000000e+00
10,0.000000000000e+00
11,-1.403315387168e-04
