Local DOF,R_e Value
0,0.000000000000e+00
1,-9.554183821002e-05
2,0.000000000000e+00
3,0.000000000000e+00
4,0.000000000000e+00
5,-6.268977369940e-04
6,0.000000000000e+00
7,-1.055734955673e-04
8,0.000000000000e+00
9,0.000000000000e+00
10,0.000000000000e+00
11,-6.571079988070e-04
