Local DOF,R_e Value
0,0.000000000000e+00
1,-2.777104999984e-07
2,0.000000000000e+00
3,0.000000000000e+00
4,0.000000000000e+00
5,-3.550053806774e-05
6,0.000000000000e+00
7,-1.107941629240e-06
8,0.000000000000e+00
9,0.000000000000e+00
10,0.000000000000e+00
11,-7.072264054312e-05
