Local DOF,R_e Value
0,0.000000000000e+00
1,-1.662074865233e-03
2,0.000000000000e+00
3,0.000000000000e+00
4,0.000000000000e+00
5,-2.058195902505e-03
6,0.000000000000e+00
7,-1.694320462239e-03
8,0.000000000000e+00
9,0.000000000000e+00
10,0.000000000000e+00
11,-2.069194108441e-03
