Local DOF,R_e Value
0,0.000000000000e+00
1,-4.180761181273e-04
2,0.000000000000e+00
3,0.000000000000e+00
4,0.000000000000e+00
5,-1.227204875046e-03
6,0.000000000000e+00
7,-4.374397183992e-04
8,0.000000000000e+00
9,0.000000000000e+00
10,0.000000000000e+00
11,-1.251289553828e-03
