Local DOF,R_e Value
0,0.000000000000e+00
1,-2.711846658025e-05
2,0.000000000000e+00
3,0.000000000000e+00
4,0.000000000000e+00
5,-3.424757790213e-04
6,0.000000000000e+00
7,-3.272560834681e-05
8,0.000000000000e+00
9,0.000000000000e+00
10,0.000000000000e+00
11,-3.751919611655e-04
