Local DOF,R_e Value
0,0.000000000000e+00
1,-8.598439147162e-05
2,0.000000000000e+00
3,0.000000000000e+00
4,0.000000000000e+00
5,-5.964090395887e-04
6,0.000000000000e+00
7,-9.554183821002e-05
8,0.000000000000e+00
9,0.000000000000e+00
10,0.000000000000e+00
11,-6.268977369940e-04
