Local DOF,R_e Value
0,0.000000000000e+00
1,-2.164800478715e-04
2,0.000000000000e+00
3,0.000000000000e+00
4,0.000000000000e+00
5,-9.164707534668e-04
6,0.000000000000e+00
7,-2.310145308305e-04
8,0.000000000000e+00
9,0.000000000000e+00
10,0.000000000000e+00
11,-9.438966593561e-04
