Local DOF,R_e Value
0,0.000000000000e+00
1,-6.509360098916e-04
2,0.000000000000e+00
3,0.000000000000e+00
4,0.000000000000e+00
5,-1.476822384071e-03
6,0.000000000000e+00
7,-6.741759556834e-04
8,0.000000000000e+00
9,0.000000000000e+00
10,0.000000000000e+00
11,-1.497844271337e-03
