Local DOF,R_e Value
0,0.000000000000e+00
1,-5.258372182957e-05
2,0.000000000000e+00
3,0.000000000000e+00
4,0.000000000000e+00
5,-4.716698940439e-04
6,0.000000000000e+00
7,-6.020082053109e-05
8,0.000000000000e+00
9,0.000000000000e+00
10,0.000000000000e+00
11,-5.032723338186e-04
