Local DOF,R_e Value
0,0.000000000000e+00
1,-2.459753682910e-04
2,0.000000000000e+00
3,0.000000000000e+00
4,0.000000000000e+00
5,-9.710441296531e-04
6,0.000000000000e+00
7,-2.613582096968e-04
8,0.000000000000e+00
9,0.000000000000e+00
10,0.000000000000e+00
11,-9.979131643577e-04
