Local DOF,R_e Value
0,0.000000000000e+00
1,-9.503934899356e-04
2,0.000000000000e+00
3,0.000000000000e+00
4,0.000000000000e+00
5,-1.710708282184e-03
6,0.000000000000e+00
7,-9.772617995485e-04
8,0.000000000000e+00
9,0.000000000000e+00
10,0.000000000000e+00
11,-1.728388942344e-03
