Local DOF,R_e Value
0,0.000000000000e+00
1,-6.977421931856e-04
2,0.000000000000e+00
3,0.000000000000e+00
4,0.000000000000e+00
5,-1.518587723012e-03
6,0.000000000000e+00
7,-7.216303718421e-04
8,0.000000000000e+00
9,0.000000000000e+00
10,0.000000000000e+00
11,-1.539052739094e-03
