Local DOF,R_e Value
0,0.000000000000e+00
1,-3.884176518130e-05
2,0.000000000000e+00
3,0.000000000000e+00
4,0.000000000000e+00
5,-4.076297077173e-04
6,0.000000000000e+00
7,-4.546258652760e-05
8,0.000000000000e+00
9,0.000000000000e+00
10,0.000000000000e+00
11,-4.397890186768e-04
