Local DOF,R_e Value
0,0.000000000000e+00
1,-1.726735730936e-03
2,0.000000000000e+00
3,0.000000000000e+00
4,0.000000000000e+00
5,-2.079913878784e-03
6,0.000000000000e+00
7,-1.759316320766e-03
8,0.000000000000e+00
9,0.000000000000e+00
10,0.000000000000e+00
11,-2.090355213534e-03
