Local DOF,R_e Value
0,0.000000000000e+00
1,-2.771587044918e-04
2,0.000000000000e+00
3,0.000000000000e+00
4,0.000000000000e+00
5,-1.024503763470e-03
6,0.000000000000e+00
7,-2.933725021199e-04
8,0.000000000000e+00
9,0.000000000000e+00
10,0.000000000000e+00
11,-1.050815926990e-03
