ε_xx,ε_yy,ε_zz,γ_xy,γ_yz,γ_xz
0.000000000000e+00,0.000000000000e+00,-5.386241490680e-04,-6.783628673065e-06,0.000000000000e+00,0.000000000000e+00
0.000000000000e+00,0.000000000000e+00,-5.386241490680e-04,-3.524124986807e-06,0.000000000000e+00,0.000000000000e+00
0.000000000000e+00,0.000000000000e+00,-5.386241490680e-04,-2.646213005490e-07,0.000000000000e+00,0.000000000000e+00
