ε_xx,ε_yy,ε_zz,γ_xy,γ_yz,γ_xz
0.000000000000e+00,0.000000000000e+00,-1.237570987845e-04,-2.952939595617e-06,0.000000000000e+00,0.000000000000e+00
0.000000000000e+00,0.000000000000e+00,-1.237570987845e-04,-2.204018997851e-06,0.000000000000e+00,0.000000000000e+00
0.000000000000e+00,0.000000000000e+00,-1.237570987845e-04,-1.455098400091e-06,0.000000000000e+00,0.000000000000e+00
