ε_xx,ε_yy,ε_zz,γ_xy,γ_yz,γ_xz
0.000000000000e+00,0.000000000000e+00,-5.165047773955e-04,-6.620041505232e-06,0.000000000000e+00,0.000000000000e+00
0.000000000000e+00,0.000000000000e+00,-5.165047773955e-04,-3.494394003527e-06,0.000000000000e+00,0.000000000000e+00
0.000000000000e+00,0.000000000000e+00,-5.165047773955e-04,-3.687465018262e-07,0.000000000000e+00,0.000000000000e+00
