ε_xx,ε_yy,ε_zz,γ_xy,γ_yz,γ_xz
0.000000000000e+00,0.000000000000e+00,-3.183161670475e-04,-5.010946688019e-06,0.000000000000e+00,0.000000000000e+00
0.000000000000e+00,0.000000000000e+00,-3.183161670475e-04,-3.084644791450e-06,0.000000000000e+00,0.000000000000e+00
0.000000000000e+00,0.000000000000e+00,-3.183161670475e-04,-1.158342894880e-06,0.000000000000e+00,0.000000000000e+00
