ε_xx,ε_yy,ε_zz,γ_xy,γ_yz,γ_xz
0.000000000000e+00,0.000000000000e+00,-3.477621648733e-05,-1.488357398230e-06,0.000000000000e+00,0.000000000000e+00
0.000000000000e+00,0.000000000000e+00,-3.477621648733e-05,-1.277907855576e-06,0.000000000000e+00,0.000000000000e+00
0.000000000000e+00,0.000000000000e+00,-3.477621648733e-05,-1.067458312923e-06,0.000000000000e+00,0.000000000000e+00
