ε_xx,ε_yy,ε_zz,γ_xy,γ_yz,γ_xz
0.000000000000e+00,0.000000000000e+00,-3.478698347551e-04,-5.271356959345e-06,0.000000000000e+00,0.000000000000e+00
0.000000000000e+00,0.000000000000e+00,-3.478698347551e-04,-3.166209964572e-06,0.000000000000e+00,0.000000000000e+00
0.000000000000e+00,0.000000000000e+00,-3.478698347551e-04,-1.061062969800e-06,0.000000000000e+00,0.000000000000e+00
