ε_xx,ε_yy,ε_zz,γ_xy,γ_yz,γ_xz
0.000000000000e+00,0.000000000000e+00,-4.836952622431e-04,-6.372542559866e-06,0.000000000000e+00,0.000000000000e+00
0.000000000000e+00,0.000000000000e+00,-4.836952622431e-04,-3.445443035949e-06,0.000000000000e+00,0.000000000000e+00
0.000000000000e+00,0.000000000000e+00,-4.836952622431e-04,-5.183435120293e-07,0.000000000000e+00,0.000000000000e+00
