ε_xx,ε_yy,ε_zz,γ_xy,γ_yz,γ_xz
0.000000000000e+00,0.000000000000e+00,-5.747388356996e-05,-1.946116631735e-06,0.000000000000e+00,0.000000000000e+00
0.000000000000e+00,0.000000000000e+00,-5.747388356996e-05,-1.598311328760e-06,0.000000000000e+00,0.000000000000e+00
0.000000000000e+00,0.000000000000e+00,-5.747388356996e-05,-1.250506025771e-06,0.000000000000e+00,0.000000000000e+00
