ε_xx,ε_yy,ε_zz,γ_xy,γ_yz,γ_xz
0.000000000000e+00,0.000000000000e+00,-3.086403602611e-04,-4.923655336837e-06,0.000000000000e+00,0.000000000000e+00
0.000000000000e+00,0.000000000000e+00,-3.086403602611e-04,-3.055906937999e-06,0.000000000000e+00,0.000000000000e+00
0.000000000000e+00,0.000000000000e+00,-3.086403602611e-04,-1.188158539153e-06,0.000000000000e+00,0.000000000000e+00
