ε_xx,ε_yy,ε_zz,γ_xy,γ_yz,γ_xz
0.000000000000e+00,0.000000000000e+00,-3.280813075191e-04,-5.097996723942e-06,0.000000000000e+00,0.000000000000e+00
0.000000000000e+00,0.000000000000e+00,-3.280813075191e-04,-3.112600723595e-06,0.000000000000e+00,0.000000000000e+00
0.000000000000e+00,0.000000000000e+00,-3.280813075191e-04,-1.127204723249e-06,0.000000000000e+00,0.000000000000e+00
