ε_xx,ε_yy,ε_zz,γ_xy,γ_yz,γ_xz
0.000000000000e+00,0.000000000000e+00,-4.945800364623e-04,-6.455324136446e-06,0.000000000000e+00,0.000000000000e+00
0.000000000000e+00,0.000000000000e+00,-4.945800364623e-04,-3.462355004282e-06,0.000000000000e+00,0.000000000000e+00
0.000000000000e+00,0.000000000000e+00,-4.945800364623e-04,-4.693858721184e-07,0.000000000000e+00,0.000000000000e+00
