ε_xx,ε_yy,ε_zz,γ_xy,γ_yz,γ_xz
0.000000000000e+00,0.000000000000e+00,-3.085554968089e-05,-1.396986162916e-06,0.000000000000e+00,0.000000000000e+00
0.000000000000e+00,0.000000000000e+00,-3.085554968089e-05,-1.210262678464e-06,0.000000000000e+00,0.000000000000e+00
0.000000000000e+00,0.000000000000e+00,-3.085554968089e-05,-1.023539193998e-06,0.000000000000e+00,0.000000000000e+00
