ε_xx,ε_yy,ε_zz,γ_xy,γ_yz,γ_xz
0.000000000000e+00,0.000000000000e+00,-2.895667064392e-04,-4.748365813802e-06,0.000000000000e+00,0.000000000000e+00
0.000000000000e+00,0.000000000000e+00,-2.895667064392e-04,-2.996042326842e-06,0.000000000000e+00,0.000000000000e+00
0.000000000000e+00,0.000000000000e+00,-2.895667064392e-04,-1.243718839875e-06,0.000000000000e+00,0.000000000000e+00
