ε_xx,ε_yy,ε_zz,γ_xy,γ_yz,γ_xz
0.000000000000e+00,0.000000000000e+00,-1.063255334039e-03,-1.020350485474e-05,0.000000000000e+00,0.000000000000e+00
0.000000000000e+00,0.000000000000e+00,-1.063255334039e-03,-3.769176414901e-06,0.000000000000e+00,0.000000000000e+00
0.000000000000e+00,0.000000000000e+00,-1.063255334039e-03,2.665152024942e-06,0.000000000000e+00,0.000000000000e+00
