ε_xx,ε_yy,ε_zz,γ_xy,γ_yz,γ_xz
0.000000000000e+00,0.000000000000e+00,-6.516598680184e-04,-7.584722961891e-06,0.000000000000e+00,0.000000000000e+00
0.000000000000e+00,0.000000000000e+00,-6.516598680184e-04,-3.641179499036e-06,0.000000000000e+00,0.000000000000e+00
0.000000000000e+00,0.000000000000e+00,-6.516598680184e-04,3.023639638163e-07,0.000000000000e+00,0.000000000000e+00
