ε_xx,ε_yy,ε_zz,γ_xy,γ_yz,γ_xz
0.000000000000e+00,0.000000000000e+00,-4.123874741441e-06,-4.902542053431e-07,0.000000000000e+00,0.000000000000e+00
0.000000000000e+00,0.000000000000e+00,-4.123874741441e-06,-4.652984269132e-07,0.000000000000e+00,0.000000000000e+00
0.000000000000e+00,0.000000000000e+00,-4.123874741441e-06,-4.403426484834e-07,0.000000000000e+00,0.000000000000e+00
