ε_xx,ε_yy,ε_zz,γ_xy,γ_yz,γ_xz
0.000000000000e+00,0.000000000000e+00,-7.676511893926e-04,-8.358944934738e-06,0.000000000000e+00,0.000000000000e+00
0.000000000000e+00,0.000000000000e+00,-7.676511893926e-04,-3.713475759403e-06,0.000000000000e+00,0.000000000000e+00
0.000000000000e+00,0.000000000000e+00,-7.676511893926e-04,9.319934159303e-07,0.000000000000e+00,0.000000000000e+00
