ε_xx,ε_yy,ε_zz,γ_xy,γ_yz,γ_xz
0.000000000000e+00,0.000000000000e+00,-7.343519032102e-05,-2.221079480266e-06,0.000000000000e+00,0.000000000000e+00
0.000000000000e+00,0.000000000000e+00,-7.343519032102e-05,-1.776683747234e-06,0.000000000000e+00,0.000000000000e+00
0.000000000000e+00,0.000000000000e+00,-7.343519032102e-05,-1.332288014202e-06,0.000000000000e+00,0.000000000000e+00
