ε_xx,ε_yy,ε_zz,γ_xy,γ_yz,γ_xz
0.000000000000e+00,0.000000000000e+00,-9.564157020680e-04,-9.550756783757e-06,0.000000000000e+00,0.000000000000e+00
0.000000000000e+00,0.000000000000e+00,-9.564157020680e-04,-3.762972274131e-06,0.000000000000e+00,0.000000000000e+00
0.000000000000e+00,0.000000000000e+00,-9.564157020680e-04,2.024812235494e-06,0.000000000000e+00,0.000000000000e+00
