ε_xx,ε_yy,ε_zz,γ_xy,γ_yz,γ_xz
0.000000000000e+00,0.000000000000e+00,-2.039949784242e-05,-1.123452355395e-06,0.000000000000e+00,0.000000000000e+00
0.000000000000e+00,0.000000000000e+00,-2.039949784242e-05,-1.000004050067e-06,0.000000000000e+00,0.000000000000e+00
0.000000000000e+00,0.000000000000e+00,-2.039949784242e-05,-8.765557447249e-07,0.000000000000e+00,0.000000000000e+00
