ε_xx,ε_yy,ε_zz,γ_xy,γ_yz,γ_xz
0.000000000000e+00,0.000000000000e+00,-9.682764170571e-04,-9.623746558016e-06,0.000000000000e+00,0.000000000000e+00
0.000000000000e+00,0.000000000000e+00,-9.682764170571e-04,-3.764186498974e-06,0.000000000000e+00,0.000000000000e+00
0.000000000000e+00,0.000000000000e+00,-9.682764170571e-04,2.095373560069e-06,0.000000000000e+00,0.000000000000e+00
