ε_xx,ε_yy,ε_zz,γ_xy,γ_yz,γ_xz
0.000000000000e+00,0.000000000000e+00,-3.884134944284e-04,-5.615018366763e-06,0.000000000000e+00,0.000000000000e+00
0.000000000000e+00,0.000000000000e+00,-3.884134944284e-04,-3.264519936510e-06,0.000000000000e+00,0.000000000000e+00
0.000000000000e+00,0.000000000000e+00,-3.884134944284e-04,-9.140215062528e-07,0.000000000000e+00,0.000000000000e+00
