ε_xx,ε_yy,ε_zz,γ_xy,γ_yz,γ_xz
0.000000000000e+00,0.000000000000e+00,-7.326238422974e-04,-8.129344689609e-06,0.000000000000e+00,0.000000000000e+00
0.000000000000e+00,0.000000000000e+00,-7.326238422974e-04,-3.695844782966e-06,0.000000000000e+00,0.000000000000e+00
0.000000000000e+00,0.000000000000e+00,-7.326238422974e-04,7.376551236782e-07,0.000000000000e+00,0.000000000000e+00
