ε_xx,ε_yy,ε_zz,γ_xy,γ_yz,γ_xz
0.000000000000e+00,0.000000000000e+00,-7.910889721757e-04,-8.510816884762e-06,0.000000000000e+00,0.000000000000e+00
0.000000000000e+00,0.000000000000e+00,-7.910889721757e-04,-3.723513111941e-06,0.000000000000e+00,0.000000000000e+00
0.000000000000e+00,0.000000000000e+00,-7.910889721757e-04,1.063790660879e-06,0.000000000000e+00,0.000000000000e+00
