ε_xx,ε_yy,ε_zz,γ_xy,γ_yz,γ_xz
0.000000000000e+00,0.000000000000e+00,-8.971848629823e-04,-9.183524833093e-06,0.000000000000e+00,0.000000000000e+00
0.000000000000e+00,0.000000000000e+00,-8.971848629823e-04,-3.754177906843e-06,0.000000000000e+00,0.000000000000e+00
0.000000000000e+00,0.000000000000e+00,-8.971848629823e-04,1.675169019407e-06,0.000000000000e+00,0.000000000000e+00
