ε_xx,ε_yy,ε_zz,γ_xy,γ_yz,γ_xz
0.000000000000e+00,0.000000000000e+00,-2.526028520301e-04,-4.395090877747e-06,0.000000000000e+00,0.000000000000e+00
0.000000000000e+00,0.000000000000e+00,-2.526028520301e-04,-2.866455504125e-06,0.000000000000e+00,0.000000000000e+00
0.000000000000e+00,0.000000000000e+00,-2.526028520301e-04,-1.337820130502e-06,0.000000000000e+00,0.000000000000e+00
