ε_xx,ε_yy,ε_zz,γ_xy,γ_yz,γ_xz
0.000000000000e+00,0.000000000000e+00,-6.260635020349e-05,-2.037767648830e-06,0.000000000000e+00,0.000000000000e+00
0.000000000000e+00,0.000000000000e+00,-6.260635020349e-05,-1.658903036800e-06,0.000000000000e+00,0.000000000000e+00
0.000000000000e+00,0.000000000000e+00,-6.260635020349e-05,-1.280038424770e-06,0.000000000000e+00,0.000000000000e+00
