ε_xx,ε_yy,ε_zz,γ_xy,γ_yz,γ_xz
0.000000000000e+00,0.000000000000e+00,-5.716710776468e-06,-5.801570792802e-07,0.000000000000e+00,0.000000000000e+00
0.000000000000e+00,0.000000000000e+00,-5.716710776468e-06,-5.455621954753e-07,0.000000000000e+00,0.000000000000e+00
0.000000000000e+00,0.000000000000e+00,-5.716710776468e-06,-5.109673116704e-07,0.000000000000e+00,0.000000000000e+00
