ε_xx,ε_yy,ε_zz,γ_xy,γ_yz,γ_xz
0.000000000000e+00,0.000000000000e+00,-2.990563683367e-04,-4.836126900248e-06,0.000000000000e+00,0.000000000000e+00
0.000000000000e+00,0.000000000000e+00,-2.990563683367e-04,-3.026376378154e-06,0.000000000000e+00,0.000000000000e+00
0.000000000000e+00,0.000000000000e+00,-2.990563683367e-04,-1.216625856046e-06,0.000000000000e+00,0.000000000000e+00
