ε_xx,ε_yy,ε_zz,γ_xy,γ_yz,γ_xz
0.000000000000e+00,0.000000000000e+00,-2.347547974553e-04,-4.217187950857e-06,0.000000000000e+00,0.000000000000e+00
0.000000000000e+00,0.000000000000e+00,-2.347547974553e-04,-2.796560730566e-06,0.000000000000e+00,0.000000000000e+00
0.000000000000e+00,0.000000000000e+00,-2.347547974553e-04,-1.375933510274e-06,0.000000000000e+00,0.000000000000e+00
