ε_xx,ε_yy,ε_zz,γ_xy,γ_yz,γ_xz
0.000000000000e+00,0.000000000000e+00,-3.890816850562e-05,-1.579804692703e-06,0.000000000000e+00,0.000000000000e+00
0.000000000000e+00,0.000000000000e+00,-3.890816850562e-05,-1.344350491692e-06,0.000000000000e+00,0.000000000000e+00
0.000000000000e+00,0.000000000000e+00,-3.890816850562e-05,-1.108896290666e-06,0.000000000000e+00,0.000000000000e+00
