ε_xx,ε_yy,ε_zz,γ_xy,γ_yz,γ_xz
0.000000000000e+00,0.000000000000e+00,-2.801739237228e-04,-4.660376718632e-06,0.000000000000e+00,0.000000000000e+00
0.000000000000e+00,0.000000000000e+00,-2.801739237228e-04,-2.964893998918e-06,0.000000000000e+00,0.000000000000e+00
0.000000000000e+00,0.000000000000e+00,-2.801739237228e-04,-1.269411279196e-06,0.000000000000e+00,0.000000000000e+00
