ε_xx,ε_yy,ε_zz,γ_xy,γ_yz,γ_xz
0.000000000000e+00,0.000000000000e+00,-1.603556990821e-04,-3.407677056512e-06,0.000000000000e+00,0.000000000000e+00
0.000000000000e+00,0.000000000000e+00,-1.603556990821e-04,-2.437278693992e-06,0.000000000000e+00,0.000000000000e+00
0.000000000000e+00,0.000000000000e+00,-1.603556990821e-04,-1.466880331473e-06,0.000000000000e+00,0.000000000000e+00
