ε_xx,ε_yy,ε_zz,γ_xy,γ_yz,γ_xz
0.000000000000e+00,0.000000000000e+00,-6.862099455118e-04,-7.819701787743e-06,0.000000000000e+00,0.000000000000e+00
0.000000000000e+00,0.000000000000e+00,-6.862099455118e-04,-3.667077270604e-06,0.000000000000e+00,0.000000000000e+00
0.000000000000e+00,0.000000000000e+00,-6.862099455118e-04,4.855472465360e-07,0.000000000000e+00,0.000000000000e+00
