ε_xx,ε_yy,ε_zz,γ_xy,γ_yz,γ_xz
0.000000000000e+00,0.000000000000e+00,-2.366333263874e-05,-1.214521081552e-06,0.000000000000e+00,0.000000000000e+00
0.000000000000e+00,0.000000000000e+00,-2.366333263874e-05,-1.071321560894e-06,0.000000000000e+00,0.000000000000e+00
0.000000000000e+00,0.000000000000e+00,-2.366333263874e-05,-9.281220402224e-07,0.000000000000e+00,0.000000000000e+00
