ε_xx,ε_yy,ε_zz,γ_xy,γ_yz,γ_xz
0.000000000000e+00,0.000000000000e+00,-1.840104205357e-04,-3.678981361728e-06,0.000000000000e+00,0.000000000000e+00
0.000000000000e+00,0.000000000000e+00,-1.840104205357e-04,-2.565435589442e-06,0.000000000000e+00,0.000000000000e+00
0.000000000000e+00,0.000000000000e+00,-1.840104205357e-04,-1.451889817157e-06,0.000000000000e+00,0.000000000000e+00
