ε_xx,ε_yy,ε_zz,γ_xy,γ_yz,γ_xz
0.000000000000e+00,0.000000000000e+00,-9.090193500094e-04,-9.257299585960e-06,0.000000000000e+00,0.000000000000e+00
0.000000000000e+00,0.000000000000e+00,-9.090193500094e-04,-3.756335829762e-06,0.000000000000e+00,0.000000000000e+00
0.000000000000e+00,0.000000000000e+00,-9.090193500094e-04,1.744627926437e-06,0.000000000000e+00,0.000000000000e+00
