ε_xx,ε_yy,ε_zz,γ_xy,γ_yz,γ_xz
0.000000000000e+00,0.000000000000e+00,-9.445590770548e-04,-9.477624590743e-06,0.000000000000e+00,0.000000000000e+00
0.000000000000e+00,0.000000000000e+00,-9.445590770548e-04,-3.761590879895e-06,0.000000000000e+00,0.000000000000e+00
0.000000000000e+00,0.000000000000e+00,-9.445590770548e-04,1.954442830952e-06,0.000000000000e+00,0.000000000000e+00
