ε_xx,ε_yy,ε_zz,γ_xy,γ_yz,γ_xz
0.000000000000e+00,0.000000000000e+00,-1.455591921330e-05,-9.417068751183e-07,0.000000000000e+00,0.000000000000e+00
0.000000000000e+00,0.000000000000e+00,-1.455591921330e-05,-8.536211990179e-07,0.000000000000e+00,0.000000000000e+00
0.000000000000e+00,0.000000000000e+00,-1.455591921330e-05,-7.655355229313e-07,0.000000000000e+00,0.000000000000e+00
