ε_xx,ε_yy,ε_zz,γ_xy,γ_yz,γ_xz
0.000000000000e+00,0.000000000000e+00,-9.208603062229e-04,-9.330903177535e-06,0.000000000000e+00,0.000000000000e+00
0.000000000000e+00,0.000000000000e+00,-9.208603062229e-04,-3.758283442871e-06,0.000000000000e+00,0.000000000000e+00
0.000000000000e+00,0.000000000000e+00,-9.208603062229e-04,1.814336291793e-06,0.000000000000e+00,0.000000000000e+00
