ε_xx,ε_yy,ε_zz,γ_xy,γ_yz,γ_xz
0.000000000000e+00,0.000000000000e+00,-7.560428881878e-06,-6.702677829429e-07,0.000000000000e+00,0.000000000000e+00
0.000000000000e+00,0.000000000000e+00,-7.560428881878e-06,-6.245155717705e-07,0.000000000000e+00,0.000000000000e+00
0.000000000000e+00,0.000000000000e+00,-7.560428881878e-06,-5.787633605980e-07,0.000000000000e+00,0.000000000000e+00
