ε_xx,ε_yy,ε_zz,γ_xy,γ_yz,γ_xz
0.000000000000e+00,0.000000000000e+00,-5.275410393390e-04,-6.701976448042e-06,0.000000000000e+00,0.000000000000e+00
0.000000000000e+00,0.000000000000e+00,-5.275410393390e-04,-3.509542604602e-06,0.000000000000e+00,0.000000000000e+00
0.000000000000e+00,0.000000000000e+00,-5.275410393390e-04,-3.171087611629e-07,0.000000000000e+00,0.000000000000e+00
