ε_xx,ε_yy,ε_zz,γ_xy,γ_yz,γ_xz
0.000000000000e+00,0.000000000000e+00,-8.499257120561e-04,-8.886583864502e-06,0.000000000000e+00,0.000000000000e+00
0.000000000000e+00,0.000000000000e+00,-8.499257120561e-04,-3.743227414023e-06,0.000000000000e+00,0.000000000000e+00
0.000000000000e+00,0.000000000000e+00,-8.499257120561e-04,1.400129036456e-06,0.000000000000e+00,0.000000000000e+00
