ε_xx,ε_yy,ε_zz,γ_xy,γ_yz,γ_xz
0.000000000000e+00,0.000000000000e+00,-1.452768188051e-04,-3.226126440235e-06,0.000000000000e+00,0.000000000000e+00
0.000000000000e+00,0.000000000000e+00,-1.452768188051e-04,-2.346978471769e-06,0.000000000000e+00,0.000000000000e+00
0.000000000000e+00,0.000000000000e+00,-1.452768188051e-04,-1.467830503289e-06,0.000000000000e+00,0.000000000000e+00
