ε_xx,ε_yy,ε_zz,γ_xy,γ_yz,γ_xz
0.000000000000e+00,0.000000000000e+00,-6.401998800349e-04,-7.505859051132e-06,0.000000000000e+00,0.000000000000e+00
0.000000000000e+00,0.000000000000e+00,-6.401998800349e-04,-3.631666123601e-06,0.000000000000e+00,0.000000000000e+00
0.000000000000e+00,0.000000000000e+00,-6.401998800349e-04,2.425268039279e-07,0.000000000000e+00,0.000000000000e+00
