ε_xx,ε_yy,ε_zz,γ_xy,γ_yz,γ_xz
0.000000000000e+00,0.000000000000e+00,-8.922952400015e-07,-2.219366741635e-07,0.000000000000e+00,0.000000000000e+00
0.000000000000e+00,0.000000000000e+00,-8.922952400015e-07,-2.165369169804e-07,0.000000000000e+00,0.000000000000e+00
0.000000000000e+00,0.000000000000e+00,-8.922952400015e-07,-2.111371597696e-07,0.000000000000e+00,0.000000000000e+00
