ε_xx,ε_yy,ε_zz,γ_xy,γ_yz,γ_xz
0.000000000000e+00,0.000000000000e+00,-2.259987254267e-04,-4.127939786339e-06,0.000000000000e+00,0.000000000000e+00
0.000000000000e+00,0.000000000000e+00,-2.259987254267e-04,-2.760300255332e-06,0.000000000000e+00,0.000000000000e+00
0.000000000000e+00,0.000000000000e+00,-2.259987254267e-04,-1.392660724332e-06,0.000000000000e+00,0.000000000000e+00
