ε_xx,ε_yy,ε_zz,γ_xy,γ_yz,γ_xz
0.000000000000e+00,0.000000000000e+00,-8.028305680320e-04,-8.586407622464e-06,0.000000000000e+00,0.000000000000e+00
0.000000000000e+00,0.000000000000e+00,-8.028305680320e-04,-3.728049154004e-06,0.000000000000e+00,0.000000000000e+00
0.000000000000e+00,0.000000000000e+00,-8.028305680320e-04,1.130309314455e-06,0.000000000000e+00,0.000000000000e+00
