ε_xx,ε_yy,ε_zz,γ_xy,γ_yz,γ_xz
0.000000000000e+00,0.000000000000e+00,-1.075133995072e-03,-1.027558403624e-05,0.000000000000e+00,0.000000000000e+00
0.000000000000e+00,0.000000000000e+00,-1.075133995072e-03,-3.769371445844e-06,0.000000000000e+00,0.000000000000e+00
0.000000000000e+00,0.000000000000e+00,-1.075133995072e-03,2.736841144556e-06,0.000000000000e+00,0.000000000000e+00
