ε_xx,ε_yy,ε_zz,γ_xy,γ_yz,γ_xz
0.000000000000e+00,0.000000000000e+00,-2.173583283412e-04,-4.038501860419e-06,0.000000000000e+00,0.000000000000e+00
0.000000000000e+00,0.000000000000e+00,-2.173583283412e-04,-2.723150007572e-06,0.000000000000e+00,0.000000000000e+00
0.000000000000e+00,0.000000000000e+00,-2.173583283412e-04,-1.407798154725e-06,0.000000000000e+00,0.000000000000e+00
