ε_xx,ε_yy,ε_zz,γ_xy,γ_yz,γ_xz
0.000000000000e+00,0.000000000000e+00,-6.746662773001e-04,-7.741641875291e-06,0.000000000000e+00,0.000000000000e+00
0.000000000000e+00,0.000000000000e+00,-6.746662773001e-04,-3.658874287431e-06,0.000000000000e+00,0.000000000000e+00
0.000000000000e+00,0.000000000000e+00,-6.746662773001e-04,4.238933004296e-07,0.000000000000e+00,0.000000000000e+00
