ε_xx,ε_yy,ε_zz,γ_xy,γ_yz,γ_xz
0.000000000000e+00,0.000000000000e+00,-7.209869996755e-04,-8.052317126712e-06,0.000000000000e+00,0.000000000000e+00
0.000000000000e+00,0.000000000000e+00,-7.209869996755e-04,-3.689237997687e-06,0.000000000000e+00,0.000000000000e+00
0.000000000000e+00,0.000000000000e+00,-7.209869996755e-04,6.738411313361e-07,0.000000000000e+00,0.000000000000e+00
