ε_xx,ε_yy,ε_zz,γ_xy,γ_yz,γ_xz
0.000000000000e+00,0.000000000000e+00,-2.714997482293e-05,-1.305703238294e-06,0.000000000000e+00,0.000000000000e+00
0.000000000000e+00,0.000000000000e+00,-2.714997482293e-05,-1.141404175273e-06,0.000000000000e+00,0.000000000000e+00
0.000000000000e+00,0.000000000000e+00,-2.714997482293e-05,-9.771051122237e-07,0.000000000000e+00,0.000000000000e+00
