ε_xx,ε_yy,ε_zz,γ_xy,γ_yz,γ_xz
0.000000000000e+00,0.000000000000e+00,-1.736237913681e-05,-1.032509928556e-06,0.000000000000e+00,0.000000000000e+00
0.000000000000e+00,0.000000000000e+00,-1.736237913681e-05,-9.274408578619e-07,0.000000000000e+00,0.000000000000e+00
0.000000000000e+00,0.000000000000e+00,-1.736237913681e-05,-8.223717871680e-07,0.000000000000e+00,0.000000000000e+00
