ε_xx,ε_yy,ε_zz,γ_xy,γ_yz,γ_xz
0.000000000000e+00,0.000000000000e+00,-8.145859746380e-04,-8.661774560464e-06,0.000000000000e+00,0.000000000000e+00
0.000000000000e+00,0.000000000000e+00,-8.145859746380e-04,-3.732277820110e-06,0.000000000000e+00,0.000000000000e+00
0.000000000000e+00,0.000000000000e+00,-8.145859746380e-04,1.197218920244e-06,0.000000000000e+00,0.000000000000e+00
