ε_xx,ε_yy,ε_zz,γ_xy,γ_yz,γ_xz
0.000000000000e+00,0.000000000000e+00,-7.442809195369e-04,-8.206122616365e-06,0.000000000000e+00,0.000000000000e+00
0.000000000000e+00,0.000000000000e+00,-7.442809195369e-04,-3.702079481574e-06,0.000000000000e+00,0.000000000000e+00
0.000000000000e+00,0.000000000000e+00,-7.442809195369e-04,8.019636532179e-07,0.000000000000e+00,0.000000000000e+00
