ε_xx,ε_yy,ε_zz,γ_xy,γ_yz,γ_xz
0.000000000000e+00,0.000000000000e+00,-6.924705997502e-08,-4.436527320517e-08,0.000000000000e+00,0.000000000000e+00
0.000000000000e+00,0.000000000000e+00,-6.924705997502e-08,-4.394622209192e-08,0.000000000000e+00,0.000000000000e+00
0.000000000000e+00,0.000000000000e+00,-6.924705997502e-08,-4.352717097866e-08,0.000000000000e+00,0.000000000000e+00
