ε_xx,ε_yy,ε_zz,γ_xy,γ_yz,γ_xz
0.000000000000e+00,0.000000000000e+00,-5.055171646396e-04,-6.537823960748e-06,0.000000000000e+00,0.000000000000e+00
0.000000000000e+00,0.000000000000e+00,-5.055171646396e-04,-3.478668398449e-06,0.000000000000e+00,0.000000000000e+00
0.000000000000e+00,0.000000000000e+00,-5.055171646396e-04,-4.195128361535e-07,0.000000000000e+00,0.000000000000e+00
