ε_xx,ε_yy,ε_zz,γ_xy,γ_yz,γ_xz
0.000000000000e+00,0.000000000000e+00,-1.681054784130e-04,-3.498255767287e-06,0.000000000000e+00,0.000000000000e+00
0.000000000000e+00,0.000000000000e+00,-1.681054784130e-04,-2.480959332439e-06,0.000000000000e+00,0.000000000000e+00
0.000000000000e+00,0.000000000000e+00,-1.681054784130e-04,-1.463662897598e-06,0.000000000000e+00,0.000000000000e+00
