ε_xx,ε_yy,ε_zz,γ_xy,γ_yz,γ_xz
0.000000000000e+00,0.000000000000e+00,-1.168895646532e-04,-2.861681726384e-06,0.000000000000e+00,0.000000000000e+00
0.000000000000e+00,0.000000000000e+00,-1.168895646532e-04,-2.154320261925e-06,0.000000000000e+00,0.000000000000e+00
0.000000000000e+00,0.000000000000e+00,-1.168895646532e-04,-1.446958797481e-06,0.000000000000e+00,0.000000000000e+00
