ε_xx,ε_yy,ε_zz,γ_xy,γ_yz,γ_xz
0.000000000000e+00,0.000000000000e+00,-1.134532228600e-03,-1.063533569769e-05,0.000000000000e+00,0.000000000000e+00
0.000000000000e+00,0.000000000000e+00,-1.134532228600e-03,-3.769672530339e-06,0.000000000000e+00,0.000000000000e+00
0.000000000000e+00,0.000000000000e+00,-1.134532228600e-03,3.095990637011e-06,0.000000000000e+00,0.000000000000e+00
