ε_xx,ε_yy,ε_zz,γ_xy,γ_yz,γ_xz
0.000000000000e+00,0.000000000000e+00,-1.707469366327e-06,-3.111293859631e-07,0.000000000000e+00,0.000000000000e+00
0.000000000000e+00,0.000000000000e+00,-1.707469366327e-06,-3.007965728302e-07,0.000000000000e+00,0.000000000000e+00
0.000000000000e+00,0.000000000000e+00,-1.707469366327e-06,-2.904637596696e-07,0.000000000000e+00,0.000000000000e+00
