ε_xx,ε_yy,ε_zz,γ_xy,γ_yz,γ_xz
0.000000000000e+00,0.000000000000e+00,-6.060100149943e-04,-7.267624363119e-06,0.000000000000e+00,0.000000000000e+00
0.000000000000e+00,0.000000000000e+00,-6.060100149943e-04,-3.600332651073e-06,0.000000000000e+00,0.000000000000e+00
0.000000000000e+00,0.000000000000e+00,-6.060100149943e-04,6.695906096948e-08,0.000000000000e+00,0.000000000000e+00
