ε_xx,ε_yy,ε_zz,γ_xy,γ_yz,γ_xz
0.000000000000e+00,0.000000000000e+00,-1.015750489987e-03,-9.914438550231e-06,0.000000000000e+00,0.000000000000e+00
0.000000000000e+00,0.000000000000e+00,-1.015750489987e-03,-3.767587407070e-06,0.000000000000e+00,0.000000000000e+00
0.000000000000e+00,0.000000000000e+00,-1.015750489987e-03,2.379263736091e-06,0.000000000000e+00,0.000000000000e+00
