ε_xx,ε_yy,ε_zz,γ_xy,γ_yz,γ_xz
0.000000000000e+00,0.000000000000e+00,-5.497523391690e-04,-6.864998269934e-06,0.000000000000e+00,0.000000000000e+00
0.000000000000e+00,0.000000000000e+00,-5.497523391690e-04,-3.538151935340e-06,0.000000000000e+00,0.000000000000e+00
0.000000000000e+00,0.000000000000e+00,-5.497523391690e-04,-2.113056007461e-07,0.000000000000e+00,0.000000000000e+00
