ε_xx,ε_yy,ε_zz,γ_xy,γ_yz,γ_xz
0.000000000000e+00,0.000000000000e+00,-1.921595673242e-04,-3.769113409671e-06,0.000000000000e+00,0.000000000000e+00
0.000000000000e+00,0.000000000000e+00,-1.921595673242e-04,-2.606252778321e-06,0.000000000000e+00,0.000000000000e+00
0.000000000000e+00,0.000000000000e+00,-1.921595673242e-04,-1.443392146978e-06,0.000000000000e+00,0.000000000000e+00
