ε_xx,ε_yy,ε_zz,γ_xy,γ_yz,γ_xz
0.000000000000e+00,0.000000000000e+00,-4.513742669601e-04,-6.122515676471e-06,0.000000000000e+00,0.000000000000e+00
0.000000000000e+00,0.000000000000e+00,-4.513742669601e-04,-3.391007834530e-06,0.000000000000e+00,0.000000000000e+00
0.000000000000e+00,0.000000000000e+00,-4.513742669601e-04,-6.594999925891e-07,0.000000000000e+00,0.000000000000e+00
