ε_xx,ε_yy,ε_zz,γ_xy,γ_yz,γ_xz
0.000000000000e+00,0.000000000000e+00,-4.728647453502e-04,-6.289479964172e-06,0.000000000000e+00,0.000000000000e+00
0.000000000000e+00,0.000000000000e+00,-4.728647453502e-04,-3.427921708314e-06,0.000000000000e+00,0.000000000000e+00
0.000000000000e+00,0.000000000000e+00,-4.728647453502e-04,-5.663634524526e-07,0.000000000000e+00,0.000000000000e+00
