ε_xx,ε_yy,ε_zz,γ_xy,γ_yz,γ_xz
0.000000000000e+00,0.000000000000e+00,-6.977788106945e-04,-7.897498953472e-06,0.000000000000e+00,0.000000000000e+00
0.000000000000e+00,0.000000000000e+00,-6.977788106945e-04,-3.674865026667e-06,0.000000000000e+00,0.000000000000e+00
0.000000000000e+00,0.000000000000e+00,-6.977788106945e-04,5.477689001398e-07,0.000000000000e+00,0.000000000000e+00
