ε_xx,ε_yy,ε_zz,γ_xy,γ_yz,γ_xz
0.000000000000e+00,0.000000000000e+00,-5.946817446296e-04,-7.187659365120e-06,0.000000000000e+00,0.000000000000e+00
0.000000000000e+00,0.000000000000e+00,-5.946817446296e-04,-3.588921094429e-06,0.000000000000e+00,0.000000000000e+00
0.000000000000e+00,0.000000000000e+00,-5.946817446296e-04,9.817176266358e-09,0.000000000000e+00,0.000000000000e+00
