ε_xx,ε_yy,ε_zz,γ_xy,γ_yz,γ_xz
0.000000000000e+00,0.000000000000e+00,-5.721370607769e-04,-7.026890965559e-06,0.000000000000e+00,0.000000000000e+00
0.000000000000e+00,0.000000000000e+00,-5.721370607769e-04,-3.564582671596e-06,0.000000000000e+00,0.000000000000e+00
0.000000000000e+00,0.000000000000e+00,-5.721370607769e-04,-1.022743776335e-07,0.000000000000e+00,0.000000000000e+00
