ε_xx,ε_yy,ε_zz,γ_xy,γ_yz,γ_xz
0.000000000000e+00,0.000000000000e+00,-2.708806033301e-04,-4.572164461557e-06,0.000000000000e+00,0.000000000000e+00
0.000000000000e+00,0.000000000000e+00,-2.708806033301e-04,-2.932920609204e-06,0.000000000000e+00,0.000000000000e+00
0.000000000000e+00,0.000000000000e+00,-2.708806033301e-04,-1.293676756844e-06,0.000000000000e+00,0.000000000000e+00
