ε_xx,ε_yy,ε_zz,γ_xy,γ_yz,γ_xz
0.000000000000e+00,0.000000000000e+00,-3.578884291101e-04,-5.357659727562e-06,0.000000000000e+00,0.000000000000e+00
0.000000000000e+00,0.000000000000e+00,-3.578884291101e-04,-3.191884843594e-06,0.000000000000e+00,0.000000000000e+00
0.000000000000e+00,0.000000000000e+00,-3.578884291101e-04,-1.026109959612e-06,0.000000000000e+00,0.000000000000e+00
