ε_xx,ε_yy,ε_zz,γ_xy,γ_yz,γ_xz
0.000000000000e+00,0.000000000000e+00,-1.110772459347e-03,-1.049152382699e-05,0.000000000000e+00,0.000000000000e+00
0.000000000000e+00,0.000000000000e+00,-1.110772459347e-03,-3.769643769997e-06,0.000000000000e+00,0.000000000000e+00
0.000000000000e+00,0.000000000000e+00,-1.110772459347e-03,2.952236287000e-06,0.000000000000e+00,0.000000000000e+00
