ε_xx,ε_yy,ε_zz,γ_xy,γ_yz,γ_xz
0.000000000000e+00,0.000000000000e+00,-8.735380495733e-04,-9.035435363174e-06,0.000000000000e+00,0.000000000000e+00
0.000000000000e+00,0.000000000000e+00,-8.735380495733e-04,-3.749187990868e-06,0.000000000000e+00,0.000000000000e+00
0.000000000000e+00,0.000000000000e+00,-8.735380495733e-04,1.537059381438e-06,0.000000000000e+00,0.000000000000e+00
