ε_xx,ε_yy,ε_zz,γ_xy,γ_yz,γ_xz
0.000000000000e+00,0.000000000000e+00,-1.759913938962e-04,-3.588693042587e-06,0.000000000000e+00,0.000000000000e+00
0.000000000000e+00,0.000000000000e+00,-1.759913938962e-04,-2.523674702527e-06,0.000000000000e+00,0.000000000000e+00
0.000000000000e+00,0.000000000000e+00,-1.759913938962e-04,-1.458656362474e-06,0.000000000000e+00,0.000000000000e+00
