ε_xx,ε_yy,ε_zz,γ_xy,γ_yz,γ_xz
0.000000000000e+00,0.000000000000e+00,-1.198409475223e-05,-8.510564750153e-07,0.000000000000e+00,0.000000000000e+00
0.000000000000e+00,0.000000000000e+00,-1.198409475223e-05,-7.785342884675e-07,0.000000000000e+00,0.000000000000e+00
0.000000000000e+00,0.000000000000e+00,-1.198409475223e-05,-7.060121019059e-07,0.000000000000e+00,0.000000000000e+00
