ε_xx,ε_yy,ε_zz,γ_xy,γ_yz,γ_xz
0.000000000000e+00,0.000000000000e+00,-1.379539377946e-04,-3.135170604587e-06,0.000000000000e+00,0.000000000000e+00
0.000000000000e+00,0.000000000000e+00,-1.379539377946e-04,-2.300337317677e-06,0.000000000000e+00,0.000000000000e+00
0.000000000000e+00,0.000000000000e+00,-1.379539377946e-04,-1.465504030768e-06,0.000000000000e+00,0.000000000000e+00
