ε_xx,ε_yy,ε_zz,γ_xy,γ_yz,γ_xz
0.000000000000e+00,0.000000000000e+00,-4.407182821431e-04,-6.038616479288e-06,0.000000000000e+00,0.000000000000e+00
0.000000000000e+00,0.000000000000e+00,-4.407182821431e-04,-3.371593718177e-06,0.000000000000e+00,0.000000000000e+00
0.000000000000e+00,0.000000000000e+00,-4.407182821431e-04,-7.045709570705e-07,0.000000000000e+00,0.000000000000e+00
