ε_xx,ε_yy,ε_zz,γ_xy,γ_yz,γ_xz
0.000000000000e+00,0.000000000000e+00,-8.499228407849e-05,-2.404333325053e-06,0.000000000000e+00,0.000000000000e+00
0.000000000000e+00,0.000000000000e+00,-8.499228407849e-05,-1.889999417568e-06,0.000000000000e+00,0.000000000000e+00
0.000000000000e+00,0.000000000000e+00,-8.499228407849e-05,-1.375665510082e-06,0.000000000000e+00,0.000000000000e+00
