ε_xx,ε_yy,ε_zz,γ_xy,γ_yz,γ_xz
0.000000000000e+00,0.000000000000e+00,-9.920081116284e-04,-9.769329855488e-06,0.000000000000e+00,0.000000000000e+00
0.000000000000e+00,0.000000000000e+00,-9.920081116284e-04,-3.766156581051e-06,0.000000000000e+00,0.000000000000e+00
0.000000000000e+00,0.000000000000e+00,-9.920081116284e-04,2.237016693386e-06,0.000000000000e+00,0.000000000000e+00
