ε_xx,ε_yy,ε_zz,γ_xy,γ_yz,γ_xz
0.000000000000e+00,0.000000000000e+00,-3.987373528051e-04,-5.700278039054e-06,0.000000000000e+00,0.000000000000e+00
0.000000000000e+00,0.000000000000e+00,-3.987373528051e-04,-3.287304403233e-06,0.000000000000e+00,0.000000000000e+00
0.000000000000e+00,0.000000000000e+00,-3.987373528051e-04,-8.743307674149e-07,0.000000000000e+00,0.000000000000e+00
