ε_xx,ε_yy,ε_zz,γ_xy,γ_yz,γ_xz
0.000000000000e+00,0.000000000000e+00,-8.617271847065e-04,-8.961107920322e-06,0.000000000000e+00,0.000000000000e+00
0.000000000000e+00,0.000000000000e+00,-8.617271847065e-04,-3.746334427600e-06,0.000000000000e+00,0.000000000000e+00
0.000000000000e+00,0.000000000000e+00,-8.617271847065e-04,1.468439065124e-06,0.000000000000e+00,0.000000000000e+00
