ε_xx,ε_yy,ε_zz,γ_xy,γ_yz,γ_xz
0.000000000000e+00,0.000000000000e+00,-1.101802933310e-04,-2.770340826096e-06,0.000000000000e+00,0.000000000000e+00
0.000000000000e+00,0.000000000000e+00,-1.101802933310e-04,-2.103580761796e-06,0.000000000000e+00,0.000000000000e+00
0.000000000000e+00,0.000000000000e+00,-1.101802933310e-04,-1.436820697504e-06,0.000000000000e+00,0.000000000000e+00
