ε_xx,ε_yy,ε_zz,γ_xy,γ_yz,γ_xz
0.000000000000e+00,0.000000000000e+00,-1.122652321315e-03,-1.056343771401e-05,0.000000000000e+00,0.000000000000e+00
0.000000000000e+00,0.000000000000e+00,-1.122652321315e-03,-3.769666238961e-06,0.000000000000e+00,0.000000000000e+00
0.000000000000e+00,0.000000000000e+00,-1.122652321315e-03,3.024105236090e-06,0.000000000000e+00,0.000000000000e+00
