ε_xx,ε_yy,ε_zz,γ_xy,γ_yz,γ_xz
0.000000000000e+00,0.000000000000e+00,-3.781625531853e-04,-5.529493529832e-06,0.000000000000e+00,0.000000000000e+00
0.000000000000e+00,0.000000000000e+00,-3.781625531853e-04,-3.241029044448e-06,0.000000000000e+00,0.000000000000e+00
0.000000000000e+00,0.000000000000e+00,-3.781625531853e-04,-9.525645590612e-07,0.000000000000e+00,0.000000000000e+00
