Local DOF,R_e Value
0,0.000000000000e+00
1,-2.641390584231e-04
2,0.000000000000e+00
3,0.000000000000e+00
4,0.000000000000e+00
5,-9.979131640016e-04
6,0.000000000000e+00
7,-2.963271538847e-04
8,0.000000000000e+00
9,0.000000000000e+00
10,0.000000000000e+00
11,-1.050815926602e-03
