Local DOF,R_e Value
0,0.000000000000e+00
1,-1.777376711692e-04
2,0.000000000000e+00
3,0.000000000000e+00
4,0.000000000000e+00
5,-8.325224219768e-04
6,0.000000000000e+00
7,-2.048095126162e-04
8,0.000000000000e+00
9,0.000000000000e+00
10,0.000000000000e+00
11,-8.887664116889e-04
