Local DOF,R_e Value
0,0.000000000000e+00
1,-9.028844222231e-04
2,0.000000000000e+00
3,0.000000000000e+00
4,0.000000000000e+00
5,-1.674511654102e-03
6,0.000000000000e+00
7,-9.559551871323e-04
8,0.000000000000e+00
9,0.000000000000e+00
10,0.000000000000e+00
11,-1.710708281145e-03
