Local DOF,R_e Value
0,0.000000000000e+00
1,-2.204966465853e-03
2,0.000000000000e+00
3,0.000000000000e+00
4,0.000000000000e+00
5,-2.200754924179e-03
6,0.000000000000e+00
7,-2.274116886237e-03
8,0.000000000000e+00
9,0.000000000000e+00
10,0.000000000000e+00
11,-2.213562961441e-03
