Local DOF,R_e Value
0,0.000000000000e+00
1,-6.554548889528e-04
2,0.000000000000e+00
3,0.000000000000e+00
4,0.000000000000e+00
5,-1.476822383332e-03
6,0.000000000000e+00
7,-7.024348752732e-04
8,0.000000000000e+00
9,0.000000000000e+00
10,0.000000000000e+00
11,-1.518587722227e-03
