Local DOF,R_e Value
0,0.000000000000e+00
1,-8.754861890243e-05
2,0.000000000000e+00
3,0.000000000000e+00
4,0.000000000000e+00
5,-5.964090394229e-04
6,0.000000000000e+00
7,-1.073115260428e-04
8,0.000000000000e+00
9,0.000000000000e+00
10,0.000000000000e+00
11,-6.571079986172e-04
