Local DOF,R_e Value
0,-0.000000000000e+00
1,-2.980935047670e-03
2,-0.000000000000e+00
3,-0.000000000000e+00
4,-0.000000000000e+00
5,-2.280387503672e-03
6,0.000000000000e+00
7,-3.052382561693e-03
8,0.000000000000e+00
9,0.000000000000e+00
10,0.000000000000e+00
11,-2.280944374858e-03
