Local DOF,R_e Value
0,0.000000000000e+00
1,-1.800052820436e-03
2,0.000000000000e+00
3,0.000000000000e+00
4,0.000000000000e+00
5,-2.100518110832e-03
6,0.000000000000e+00
7,-1.866175253750e-03
8,0.000000000000e+00
9,0.000000000000e+00
10,0.000000000000e+00
11,-2.120008602316e-03
