Local DOF,R_e Value
0,0.000000000000e+00
1,-6.969995646144e-05
2,0.000000000000e+00
3,0.000000000000e+00
4,0.000000000000e+00
5,-5.345963378581e-04
6,0.000000000000e+00
7,-8.754861890243e-05
8,0.000000000000e+00
9,0.000000000000e+00
10,0.000000000000e+00
11,-5.964090394229e-04
