Local DOF,R_e Value
0,0.000000000000e+00
1,-3.988458347385e-05
2,0.000000000000e+00
3,0.000000000000e+00
4,0.000000000000e+00
5,-4.076297076168e-04
6,0.000000000000e+00
7,-5.380034316888e-05
8,0.000000000000e+00
9,0.000000000000e+00
10,0.000000000000e+00
11,-4.716698939227e-04
