Local DOF,R_e Value
0,0.000000000000e+00
1,-1.281744679249e-06
2,0.000000000000e+00
3,0.000000000000e+00
4,0.000000000000e+00
5,-7.072264052915e-05
6,0.000000000000e+00
7,-4.756169650493e-06
8,0.000000000000e+00
9,0.000000000000e+00
10,0.000000000000e+00
11,-1.403315386878e-04
