Local DOF,R_e Value
0,0.000000000000e+00
1,-2.048095126162e-04
2,0.000000000000e+00
3,0.000000000000e+00
4,0.000000000000e+00
5,-8.887664116889e-04
6,0.000000000000e+00
7,-2.336215765172e-04
8,0.000000000000e+00
9,0.000000000000e+00
10,0.000000000000e+00
11,-9.438966590305e-04
