Local DOF,R_e Value
0,0.000000000000e+00
1,-2.798748182541e-05
2,0.000000000000e+00
3,0.000000000000e+00
4,0.000000000000e+00
5,-3.424757789404e-04
6,0.000000000000e+00
7,-3.988458347385e-05
8,0.000000000000e+00
9,0.000000000000e+00
10,0.000000000000e+00
11,-4.076297076168e-04
