Local DOF,R_e Value
0,0.000000000000e+00
1,-8.002233373126e-04
2,0.000000000000e+00
3,0.000000000000e+00
4,0.000000000000e+00
5,-1.598777172906e-03
6,0.000000000000e+00
7,-8.509622041335e-04
8,0.000000000000e+00
9,0.000000000000e+00
10,0.000000000000e+00
11,-1.637201284689e-03
