Local DOF,R_e Value
0,0.000000000000e+00
1,-1.669722198508e-03
2,0.000000000000e+00
3,0.000000000000e+00
4,0.000000000000e+00
5,-2.058195900751e-03
6,0.000000000000e+00
7,-1.734556867206e-03
8,0.000000000000e+00
9,0.000000000000e+00
10,0.000000000000e+00
11,-2.079913876977e-03
