Local DOF,R_e Value
0,0.000000000000e+00
1,-2.613582096168e-04
2,0.000000000000e+00
3,0.000000000000e+00
4,0.000000000000e+00
5,-9.979131639915e-04
6,0.000000000000e+00
7,-9.503934895157e-04
8,0.000000000000e+00
9,0.000000000000e+00
10,0.000000000000e+00
11,-1.710708281128e-03
