Local DOF,R_e Value
0,0.000000000000e+00
1,-9.788794712584e-05
2,0.000000000000e+00
3,0.000000000000e+00
4,-0.000000000000e+00
5,-1.463875619600e-06
6,0.000000000000e+00
7,-9.935533844500e-05
8,0.000000000000e+00
9,0.000000000000e+00
10,-0.000000000000e+00
11,-1.472077904812e-06
