Local DOF,R_e Value
0,0.000000000000e+00
1,-1.068136414168e-04
2,0.000000000000e+00
3,0.000000000000e+00
4,-0.000000000000e+00
5,-1.512131332341e-06
6,0.000000000000e+00
7,-1.083291242204e-04
8,0.000000000000e+00
9,0.000000000000e+00
10,-0.000000000000e+00
11,-1.519950418136e-06
