Local DOF,R_e Value
0,0.000000000000e+00
1,-1.263938530639e-05
2,0.000000000000e+00
3,0.000000000000e+00
4,-0.000000000000e+00
5,-6.007651344899e-07
6,0.000000000000e+00
7,-1.324585585122e-05
8,0.000000000000e+00
9,0.000000000000e+00
10,-0.000000000000e+00
11,-6.140767448600e-07
