sigma1,sigma2,sigma3
0.000000000000e+00,0.000000000000e+00,-3.042114476992e-12
0.000000000000e+00,0.000000000000e+00,-3.042114476992e-12
0.000000000000e+00,0.000000000000e+00,-3.042114476992e-12
