Local DOF,R_e Value
0,0.000000000000e+00
1,-4.988637701387e-05
2,0.000000000000e+00
3,0.000000000000e+00
4,0.000000000000e+00
5,-3.007104400465e-04
6,0.000000000000e+00
7,-7.016576934417e-05
8,0.000000000000e+00
9,0.000000000000e+00
10,0.000000000000e+00
11,-3.474876196095e-04
