Local DOF,R_e Value
0,0.000000000000e+00
1,-2.181078808977e-06
2,0.000000000000e+00
3,0.000000000000e+00
4,0.000000000000e+00
5,-6.905202697358e-05
6,0.000000000000e+00
7,-8.538691507486e-06
8,0.000000000000e+00
9,0.000000000000e+00
10,0.000000000000e+00
11,-1.336490844650e-04
