Local DOF,R_e Value
0,0.000000000000e+00
1,-1.708815710442e-09
2,0.000000000000e+00
3,0.000000000000e+00
4,0.000000000000e+00
5,-3.987109937793e-09
6,0.000000000000e+00
7,-7.401319921270e-09
8,-0.000000000000e+00
9,0.000000000000e+00
10,0.000000000000e+00
11,-7.966236521638e-09
