Local DOF,R_e Value
0,0.000000000000e+00
1,-2.188481054835e-04
2,0.000000000000e+00
3,0.000000000000e+00
4,-0.000000000000e+00
5,-9.439878159288e-07
6,0.000000000000e+00
7,-2.197924882850e-04
8,0.000000000000e+00
9,0.000000000000e+00
10,-0.000000000000e+00
11,-9.449093221653e-07
