Local DOF,R_e Value
0,0.000000000000e+00
1,-2.778482286389e-04
2,0.000000000000e+00
3,0.000000000000e+00
4,-0.000000000000e+00
5,-9.855900680221e-07
6,0.000000000000e+00
7,-2.788340049838e-04
8,0.000000000000e+00
9,0.000000000000e+00
10,-0.000000000000e+00
11,-9.860245873520e-07
