Local DOF,R_e Value
0,0.000000000000e+00
1,-1.909831285679e-04
2,0.000000000000e+00
3,0.000000000000e+00
4,-0.000000000000e+00
5,-9.126303446356e-07
6,0.000000000000e+00
7,-1.918962565419e-04
8,0.000000000000e+00
9,0.000000000000e+00
10,-0.000000000000e+00
11,-9.137913529504e-07
