Local DOF,R_e Value
0,0.000000000000e+00
1,-3.076925626837e-05
2,0.000000000000e+00
3,0.000000000000e+00
4,-0.000000000000e+00
5,-4.513840478456e-07
6,0.000000000000e+00
7,-3.122190434640e-05
8,0.000000000000e+00
9,0.000000000000e+00
10,-0.000000000000e+00
11,-4.543333248717e-07
