Local DOF,R_e Value
0,0.000000000000e+00
1,-2.070222061523e-04
2,0.000000000000e+00
3,0.000000000000e+00
4,0.000000000000e+00
5,-6.773718014610e-04
6,0.000000000000e+00
7,-2.510657908090e-04
8,0.000000000000e+00
9,0.000000000000e+00
10,0.000000000000e+00
11,-7.313458885104e-04
