Local DOF,R_e Value
0,0.000000000000e+00
1,-2.923732336710e-06
2,0.000000000000e+00
3,0.000000000000e+00
4,0.000000000000e+00
5,-9.281715738884e-05
6,0.000000000000e+00
7,-1.150945063696e-05
8,0.000000000000e+00
9,0.000000000000e+00
10,0.000000000000e+00
11,-1.811850010185e-04
