Local DOF,R_e Value
0,0.000000000000e+00
1,-1.105445062399e-03
2,0.000000000000e+00
3,0.000000000000e+00
4,0.000000000000e+00
5,-1.118475775627e-03
6,0.000000000000e+00
7,-1.175585865896e-03
8,0.000000000000e+00
9,0.000000000000e+00
10,0.000000000000e+00
11,-1.125722714509e-03
