Local DOF,R_e Value
0,0.000000000000e+00
1,-9.693736970381e-05
2,0.000000000000e+00
3,0.000000000000e+00
4,0.000000000000e+00
5,-4.905547879975e-04
6,0.000000000000e+00
7,-1.296971344411e-04
8,0.000000000000e+00
9,0.000000000000e+00
10,0.000000000000e+00
11,-5.570458601027e-04
