Local DOF,R_e Value
0,0.000000000000e+00
1,-2.983567212015e-04
2,0.000000000000e+00
3,0.000000000000e+00
4,0.000000000000e+00
5,-7.813013668581e-04
6,0.000000000000e+00
7,-3.486466440199e-04
8,0.000000000000e+00
9,0.000000000000e+00
10,0.000000000000e+00
11,-8.273295981827e-04
