Local DOF,R_e Value
0,0.000000000000e+00
1,-6.056747138193e-04
2,0.000000000000e+00
3,0.000000000000e+00
4,0.000000000000e+00
5,-9.886273775334e-04
6,0.000000000000e+00
7,-6.367842277769e-04
8,0.000000000000e+00
9,0.000000000000e+00
10,0.000000000000e+00
11,-1.002246752752e-03
