Local DOF,R_e Value
0,0.000000000000e+00
1,-2.510503542436e-04
2,0.000000000000e+00
3,0.000000000000e+00
4,0.000000000000e+00
5,-7.312893313491e-04
6,0.000000000000e+00
7,-2.743037265629e-04
8,0.000000000000e+00
9,0.000000000000e+00
10,0.000000000000e+00
11,-7.567599206368e-04
