Local DOF,R_e Value
0,0.000000000000e+00
1,-4.858809502991e-04
2,0.000000000000e+00
3,0.000000000000e+00
4,0.000000000000e+00
5,-9.258003439896e-04
6,0.000000000000e+00
7,-5.150800178009e-04
8,0.000000000000e+00
9,0.000000000000e+00
10,0.000000000000e+00
11,-9.427937929118e-04
