Local DOF,R_e Value
0,0.000000000000e+00
1,-2.923616212288e-06
2,0.000000000000e+00
3,0.000000000000e+00
4,0.000000000000e+00
5,-9.281345952376e-05
6,0.000000000000e+00
7,-6.525955578079e-06
8,0.000000000000e+00
9,0.000000000000e+00
10,0.000000000000e+00
11,-1.375509216604e-04
