Local DOF,R_e Value
0,0.000000000000e+00
1,-3.231207943893e-04
2,0.000000000000e+00
3,0.000000000000e+00
4,0.000000000000e+00
5,-8.047315454734e-04
6,0.000000000000e+00
7,-3.486231170298e-04
8,0.000000000000e+00
9,0.000000000000e+00
10,0.000000000000e+00
11,-8.272565090756e-04
