Local DOF,R_e Value
0,0.000000000000e+00
1,-1.862866153660e-04
2,0.000000000000e+00
3,0.000000000000e+00
4,0.000000000000e+00
5,-6.488063080504e-04
6,0.000000000000e+00
7,-2.070100670598e-04
8,0.000000000000e+00
9,0.000000000000e+00
10,0.000000000000e+00
11,-6.773228576192e-04
