Local DOF,R_e Value
0,0.000000000000e+00
1,-7.367036617212e-07
2,0.000000000000e+00
3,0.000000000000e+00
4,0.000000000000e+00
5,-4.696342421426e-05
6,0.000000000000e+00
7,-2.923616212288e-06
8,0.000000000000e+00
9,0.000000000000e+00
10,0.000000000000e+00
11,-9.281345952376e-05
