Local DOF,R_e Value
0,0.000000000000e+00
1,-2.070100670598e-04
2,0.000000000000e+00
3,0.000000000000e+00
4,0.000000000000e+00
5,-6.773228576192e-04
6,0.000000000000e+00
7,-2.286086110295e-04
8,0.000000000000e+00
9,0.000000000000e+00
10,0.000000000000e+00
11,-7.048138451687e-04
