Local DOF,R_e Value
0,0.000000000000e+00
1,-4.455501294937e-05
2,0.000000000000e+00
3,0.000000000000e+00
4,0.000000000000e+00
5,-3.446162525900e-04
6,0.000000000000e+00
7,-5.592258263225e-05
8,0.000000000000e+00
9,0.000000000000e+00
10,0.000000000000e+00
11,-3.827258598971e-04
