Local DOF,R_e Value
0,0.000000000000e+00
1,-6.846400798353e-05
2,0.000000000000e+00
3,0.000000000000e+00
4,0.000000000000e+00
5,-4.197438310982e-04
6,0.000000000000e+00
7,-8.214525468184e-05
8,0.000000000000e+00
9,0.000000000000e+00
10,0.000000000000e+00
11,-4.556753324741e-04
