Local DOF,R_e Value
0,0.000000000000e+00
1,-8.985341211659e-04
2,0.000000000000e+00
3,0.000000000000e+00
4,0.000000000000e+00
5,-1.084070272913e-03
6,0.000000000000e+00
7,-9.325246023054e-04
8,0.000000000000e+00
9,0.000000000000e+00
10,0.000000000000e+00
11,-1.091216754712e-03
