N,Vy,Vz,T,My,Mz
0.000000000000e+00,-5.012098716068e+03,0.000000000000e+00,0.000000000000e+00,0.000000000000e+00,-4.791679382328e+02
0.000000000000e+00,-3.333129882816e+02,0.000000000000e+00,0.000000000000e+00,0.000000000000e+00,-4.791679382328e+02
0.000000000000e+00,4.345472739505e+03,0.000000000000e+00,0.000000000000e+00,0.000000000000e+00,-4.791679382328e+02
