N,Vy,Vz,T,My,Mz
0.000000000000e+00,-3.388138467649e+03,0.000000000000e+00,0.000000000000e+00,0.000000000000e+00,-3.136202494306e+02
0.000000000000e+00,-3.258260091149e+02,0.000000000000e+00,0.000000000000e+00,0.000000000000e+00,-3.136202494306e+02
0.000000000000e+00,2.736486449420e+03,0.000000000000e+00,0.000000000000e+00,0.000000000000e+00,-3.136202494306e+02
