N,Vy,Vz,T,My,Mz
0.000000000000e+00,-3.792180917680e+03,0.000000000000e+00,0.000000000000e+00,0.000000000000e+00,-3.545951843264e+02
0.000000000000e+00,-3.297729492190e+02,0.000000000000e+00,0.000000000000e+00,0.000000000000e+00,-3.545951843264e+02
0.000000000000e+00,3.132635019242e+03,0.000000000000e+00,0.000000000000e+00,0.000000000000e+00,-3.545951843264e+02
