N,Vy,Vz,T,My,Mz
0.000000000000e+00,-4.605162689301e+03,0.000000000000e+00,0.000000000000e+00,0.000000000000e+00,-4.375216166182e+02
0.000000000000e+00,-3.330281575524e+02,0.000000000000e+00,0.000000000000e+00,0.000000000000e+00,-4.375216166182e+02
0.000000000000e+00,3.939106374196e+03,0.000000000000e+00,0.000000000000e+00,0.000000000000e+00,-4.375216166182e+02
