N,Vy,Vz,T,My,Mz
0.000000000000e+00,-4.198288869279e+03,0.000000000000e+00,0.000000000000e+00,0.000000000000e+00,-3.959566752119e+02
0.000000000000e+00,-3.320109049482e+02,0.000000000000e+00,0.000000000000e+00,0.000000000000e+00,-3.959566752119e+02
0.000000000000e+00,3.534267059382e+03,0.000000000000e+00,0.000000000000e+00,0.000000000000e+00,-3.959566752119e+02
