N,Vy,Vz,T,My,Mz
0.000000000000e+00,-5.827834844399e+02,0.000000000000e+00,0.000000000000e+00,0.000000000000e+00,-4.185104370119e+01
0.000000000000e+00,-1.741333007814e+02,0.000000000000e+00,0.000000000000e+00,0.000000000000e+00,-4.185104370119e+01
0.000000000000e+00,2.345168828771e+02,0.000000000000e+00,0.000000000000e+00,0.000000000000e+00,-4.185104370119e+01
