Local DOF,R_e Value
0,0.000000000000e+00
1,-8.973406400230e-04
2,0.000000000000e+00
3,0.000000000000e+00
4,0.000000000000e+00
5,-8.950147110673e-04
6,0.000000000000e+00
7,-9.254222062115e-04
8,0.000000000000e+00
9,0.000000000000e+00
10,0.000000000000e+00
11,-8.981547989532e-04
