Local DOF,R_e Value
0,0.000000000000e+00
1,-9.254222062115e-04
2,0.000000000000e+00
3,0.000000000000e+00
4,0.000000000000e+00
5,-8.981547989532e-04
6,0.000000000000e+00
7,-9.535924623194e-04
8,0.000000000000e+00
9,0.000000000000e+00
10,0.000000000000e+00
11,-9.009065827098e-04
