Local DOF,R_e Value
0,0.000000000000e+00
1,-5.297829564300e-05
2,0.000000000000e+00
3,0.000000000000e+00
4,0.000000000000e+00
5,-3.192872105353e-04
6,0.000000000000e+00
7,-6.350849378744e-05
8,0.000000000000e+00
9,0.000000000000e+00
10,0.000000000000e+00
11,-3.471394939148e-04
