Local DOF,R_e Value
0,0.000000000000e+00
1,-3.331982370275e-04
2,0.000000000000e+00
3,0.000000000000e+00
4,0.000000000000e+00
5,-6.936707444807e-04
6,0.000000000000e+00
7,-3.552280719146e-04
8,0.000000000000e+00
9,0.000000000000e+00
10,0.000000000000e+00
11,-7.092976648924e-04
