Local DOF,R_e Value
0,0.000000000000e+00
1,-1.401767164311e-05
2,0.000000000000e+00
3,0.000000000000e+00
4,0.000000000000e+00
5,-1.689180647498e-04
6,0.000000000000e+00
7,-1.990716171908e-05
8,0.000000000000e+00
9,0.000000000000e+00
10,0.000000000000e+00
11,-2.004747786988e-04
