Local DOF,R_e Value
0,0.000000000000e+00
1,-2.701839265090e-04
2,0.000000000000e+00
3,0.000000000000e+00
4,0.000000000000e+00
5,-6.426465317116e-04
6,0.000000000000e+00
7,-2.906544527007e-04
8,0.000000000000e+00
9,0.000000000000e+00
10,0.000000000000e+00
11,-6.603509276488e-04
