Local DOF,R_e Value
0,0.000000000000e+00
1,-5.724493345953e-04
2,0.000000000000e+00
3,0.000000000000e+00
4,0.000000000000e+00
5,-8.202656209403e-04
6,0.000000000000e+00
7,-5.983204540167e-04
8,0.000000000000e+00
9,0.000000000000e+00
10,0.000000000000e+00
11,-8.294636033271e-04
