Local DOF,R_e Value
0,0.000000000000e+00
1,-7.861625127958e-04
2,0.000000000000e+00
3,0.000000000000e+00
4,0.000000000000e+00
5,-8.781672320057e-04
6,0.000000000000e+00
7,-8.137571638020e-04
8,0.000000000000e+00
9,0.000000000000e+00
10,0.000000000000e+00
11,-8.830605317009e-04
