Local DOF,R_e Value
0,0.000000000000e+00
1,-5.216109351610e-04
2,0.000000000000e+00
3,0.000000000000e+00
4,0.000000000000e+00
5,-8.000615695695e-04
6,0.000000000000e+00
7,-5.468731644339e-04
8,0.000000000000e+00
9,0.000000000000e+00
10,0.000000000000e+00
11,-8.104687176573e-04
