Local DOF,R_e Value
0,0.000000000000e+00
1,-1.237910707484e-03
2,0.000000000000e+00
3,0.000000000000e+00
4,0.000000000000e+00
5,-9.122783395169e-04
6,0.000000000000e+00
7,-1.266434389789e-03
8,0.000000000000e+00
9,0.000000000000e+00
10,0.000000000000e+00
11,-9.123883160387e-04
