Local DOF,R_e Value
0,0.000000000000e+00
1,-1.941583818487e-04
2,0.000000000000e+00
3,0.000000000000e+00
4,0.000000000000e+00
5,-5.647512049312e-04
6,0.000000000000e+00
7,-2.122417872936e-04
8,0.000000000000e+00
9,0.000000000000e+00
10,0.000000000000e+00
11,-5.852953187534e-04
