Local DOF,R_e Value
0,0.000000000000e+00
1,-7.314619832100e-04
2,0.000000000000e+00
3,0.000000000000e+00
4,0.000000000000e+00
5,-8.669110056897e-04
6,0.000000000000e+00
7,-7.587256138468e-04
8,0.000000000000e+00
9,0.000000000000e+00
10,0.000000000000e+00
11,-8.727896666957e-04
