Local DOF,R_e Value
0,0.000000000000e+00
1,-3.116664895788e-04
2,0.000000000000e+00
3,0.000000000000e+00
4,0.000000000000e+00
5,-6.773571556279e-04
6,0.000000000000e+00
7,-3.331982370275e-04
8,0.000000000000e+00
9,0.000000000000e+00
10,0.000000000000e+00
11,-6.936707444807e-04
