Local DOF,R_e Value
0,0.000000000000e+00
1,-9.125890679569e-06
2,0.000000000000e+00
3,0.000000000000e+00
4,0.000000000000e+00
5,-1.366192240986e-04
6,0.000000000000e+00
7,-1.401767164311e-05
8,0.000000000000e+00
9,0.000000000000e+00
10,0.000000000000e+00
11,-1.689180647498e-04
