Local DOF,R_e Value
0,0.000000000000e+00
1,-4.006964813655e-04
2,0.000000000000e+00
3,0.000000000000e+00
4,0.000000000000e+00
5,-7.385176943656e-04
6,0.000000000000e+00
7,-4.240928238999e-04
8,0.000000000000e+00
9,0.000000000000e+00
10,0.000000000000e+00
11,-7.521251070133e-04
