Local DOF,R_e Value
0,0.000000000000e+00
1,-6.688726173214e-07
2,0.000000000000e+00
3,0.000000000000e+00
4,0.000000000000e+00
5,-3.526850874109e-05
6,0.000000000000e+00
7,-2.428283165467e-06
8,0.000000000000e+00
9,0.000000000000e+00
10,0.000000000000e+00
11,-6.979452823368e-05
