Local DOF,R_e Value
0,0.000000000000e+00
1,-1.152355479952e-03
2,0.000000000000e+00
3,0.000000000000e+00
4,0.000000000000e+00
5,-9.112284722187e-04
6,0.000000000000e+00
7,-1.180867019755e-03
8,0.000000000000e+00
9,0.000000000000e+00
10,0.000000000000e+00
11,-9.117290131196e-04
