Local DOF,R_e Value
0,0.000000000000e+00
1,-2.428283165467e-06
2,0.000000000000e+00
3,0.000000000000e+00
4,0.000000000000e+00
5,-6.979452823368e-05
6,0.000000000000e+00
7,-5.255025165049e-06
8,0.000000000000e+00
9,0.000000000000e+00
10,0.000000000000e+00
11,-1.035780811369e-04
