ε_xx,ε_yy,ε_zz,γ_xy,γ_yz,γ_xz
0.000000000000e+00,0.000000000000e+00,-1.030118880873e-03,-5.525250757525e-05,0.000000000000e+00,0.000000000000e+00
0.000000000000e+00,0.000000000000e+00,-1.030118880873e-03,-5.382091697300e-06,0.000000000000e+00,0.000000000000e+00
0.000000000000e+00,0.000000000000e+00,-1.030118880873e-03,4.448832418065e-05,0.000000000000e+00,0.000000000000e+00
