ε_xx,ε_yy,ε_zz,γ_xy,γ_yz,γ_xz
0.000000000000e+00,0.000000000000e+00,-1.307626354863e-03,-6.890815966660e-05,0.000000000000e+00,0.000000000000e+00
0.000000000000e+00,0.000000000000e+00,-1.307626354863e-03,-5.602970973522e-06,0.000000000000e+00,0.000000000000e+00
0.000000000000e+00,0.000000000000e+00,-1.307626354863e-03,5.770221771955e-05,0.000000000000e+00,0.000000000000e+00
