ε_xx,ε_yy,ε_zz,γ_xy,γ_yz,γ_xz
0.000000000000e+00,0.000000000000e+00,-1.167480439905e-03,-6.203502302272e-05,0.000000000000e+00,0.000000000000e+00
0.000000000000e+00,0.000000000000e+00,-1.167480439905e-03,-5.514619263033e-06,0.000000000000e+00,0.000000000000e+00
0.000000000000e+00,0.000000000000e+00,-1.167480439905e-03,5.100578449665e-05,0.000000000000e+00,0.000000000000e+00
