ε_xx,ε_yy,ε_zz,γ_xy,γ_yz,γ_xz
0.000000000000e+00,0.000000000000e+00,-2.401042927127e-04,-1.484147387818e-05,0.000000000000e+00,0.000000000000e+00
0.000000000000e+00,0.000000000000e+00,-2.401042927127e-04,-3.217474790314e-06,0.000000000000e+00,0.000000000000e+00
0.000000000000e+00,0.000000000000e+00,-2.401042927127e-04,8.406524297552e-06,0.000000000000e+00,0.000000000000e+00
