ε_xx,ε_yy,ε_zz,γ_xy,γ_yz,γ_xz
0.000000000000e+00,0.000000000000e+00,-2.143954063264e-05,-2.046619325841e-06,0.000000000000e+00,0.000000000000e+00
0.000000000000e+00,0.000000000000e+00,-2.143954063264e-05,-1.008682028085e-06,0.000000000000e+00,0.000000000000e+00
0.000000000000e+00,0.000000000000e+00,-2.143954063264e-05,2.925526967207e-08,0.000000000000e+00,0.000000000000e+00
