ε_xx,ε_yy,ε_zz,γ_xy,γ_yz,γ_xz
0.000000000000e+00,0.000000000000e+00,-7.682038000710e-04,-4.217501555220e-05,0.000000000000e+00,0.000000000000e+00
0.000000000000e+00,0.000000000000e+00,-7.682038000710e-04,-4.984509000099e-06,0.000000000000e+00,0.000000000000e+00
0.000000000000e+00,0.000000000000e+00,-7.682038000710e-04,3.220599755200e-05,0.000000000000e+00,0.000000000000e+00
