ε_xx,ε_yy,ε_zz,γ_xy,γ_yz,γ_xz
0.000000000000e+00,0.000000000000e+00,-8.966554201384e-04,-4.861453214486e-05,0.000000000000e+00,0.000000000000e+00
0.000000000000e+00,0.000000000000e+00,-8.966554201384e-04,-5.205388276321e-06,0.000000000000e+00,0.000000000000e+00
0.000000000000e+00,0.000000000000e+00,-8.966554201384e-04,3.820375559221e-05,0.000000000000e+00,0.000000000000e+00
