ε_xx,ε_yy,ε_zz,γ_xy,γ_yz,γ_xz
0.000000000000e+00,0.000000000000e+00,-3.267905738854e-04,-1.947991397221e-05,0.000000000000e+00,0.000000000000e+00
0.000000000000e+00,0.000000000000e+00,-3.267905738854e-04,-3.659233342761e-06,0.000000000000e+00,0.000000000000e+00
0.000000000000e+00,0.000000000000e+00,-3.267905738854e-04,1.216144728669e-05,0.000000000000e+00,0.000000000000e+00
