ε_xx,ε_yy,ε_zz,γ_xy,γ_yz,γ_xz
0.000000000000e+00,0.000000000000e+00,-9.511359844294e-04,-1.879416390795e-04,0.000000000000e+00,0.000000000000e+00
0.000000000000e+00,0.000000000000e+00,-9.511359844294e-04,-3.754947695788e-06,0.000000000000e+00,0.000000000000e+00
0.000000000000e+00,0.000000000000e+00,-9.511359844294e-04,1.804317436879e-04,0.000000000000e+00,0.000000000000e+00
