Local DOF,R_e Value
0,0.000000000000e+00
1,-1.202966587998e-05
2,0.000000000000e+00
3,0.000000000000e+00
4,0.000000000000e+00
5,-1.811803604221e-04
6,0.000000000000e+00
7,-4.559341320179e-05
8,0.000000000000e+00
9,0.000000000000e+00
10,0.000000000000e+00
11,-3.446336547800e-04
