Local DOF,R_e Value
0,0.000000000000e+00
1,-9.848288839393e-05
2,0.000000000000e+00
3,0.000000000000e+00
4,0.000000000000e+00
5,-4.905687097681e-04
6,0.000000000000e+00
7,-1.685245423339e-04
8,0.000000000000e+00
9,0.000000000000e+00
10,0.000000000000e+00
11,-6.193335698772e-04
