Local DOF,R_e Value
0,0.000000000000e+00
1,-7.045702656936e-04
2,0.000000000000e+00
3,0.000000000000e+00
4,0.000000000000e+00
5,-1.027531750158e-03
6,0.000000000000e+00
7,-8.360221899897e-04
8,0.000000000000e+00
9,0.000000000000e+00
10,0.000000000000e+00
11,-1.068380571894e-03
