Local DOF,R_e Value
0,0.000000000000e+00
1,-8.360221899897e-04
2,0.000000000000e+00
3,0.000000000000e+00
4,0.000000000000e+00
5,-1.068380571894e-03
6,0.000000000000e+00
7,-9.718477606121e-04
8,0.000000000000e+00
9,0.000000000000e+00
10,0.000000000000e+00
11,-1.098393608483e-03
