Local DOF,R_e Value
0,0.000000000000e+00
1,-1.685245423339e-04
2,0.000000000000e+00
3,0.000000000000e+00
4,0.000000000000e+00
5,-6.193335698772e-04
6,0.000000000000e+00
7,-2.535970325729e-04
8,0.000000000000e+00
9,0.000000000000e+00
10,0.000000000000e+00
11,-7.314154973945e-04
