element_id,total_strain_energy
0,8.315943033262e-02
1,1.187991861895e-02
2,5.153542382663e-31
3,8.154049281014e-31
