ε_xx,ε_yy,ε_zz,γ_xy,γ_yz,γ_xz
0.000000000000e+00,0.000000000000e+00,-3.118478637549e-04,-7.541668194590e-06,0.000000000000e+00,0.000000000000e+00
0.000000000000e+00,0.000000000000e+00,-3.118478637549e-04,-5.654509471351e-06,0.000000000000e+00,0.000000000000e+00
0.000000000000e+00,0.000000000000e+00,-3.118478637549e-04,-3.767350748111e-06,0.000000000000e+00,0.000000000000e+00
