ε_xx,ε_yy,ε_zz,γ_xy,γ_yz,γ_xz
0.000000000000e+00,0.000000000000e+00,-4.365870092549e-04,-8.296531683877e-06,0.000000000000e+00,0.000000000000e+00
0.000000000000e+00,0.000000000000e+00,-4.365870092549e-04,-5.654509471355e-06,0.000000000000e+00,0.000000000000e+00
0.000000000000e+00,0.000000000000e+00,-4.365870092549e-04,-3.012487258831e-06,0.000000000000e+00,0.000000000000e+00
