ε_xx,ε_yy,ε_zz,γ_xy,γ_yz,γ_xz
0.000000000000e+00,0.000000000000e+00,-4.420075416789e-15,-7.285838599103e-17,0.000000000000e+00,0.000000000000e+00
0.000000000000e+00,0.000000000000e+00,-4.420075416789e-15,-4.857225732735e-17,0.000000000000e+00,0.000000000000e+00
0.000000000000e+00,0.000000000000e+00,-4.420075416789e-15,-2.081668171172e-17,0.000000000000e+00,0.000000000000e+00
