ε_xx,ε_yy,ε_zz,γ_xy,γ_yz,γ_xz
0.000000000000e+00,0.000000000000e+00,-4.900466430406e-04,-8.620044607848e-06,0.000000000000e+00,0.000000000000e+00
0.000000000000e+00,0.000000000000e+00,-4.900466430406e-04,-5.654509471346e-06,0.000000000000e+00,0.000000000000e+00
0.000000000000e+00,0.000000000000e+00,-4.900466430406e-04,-2.688974334846e-06,0.000000000000e+00,0.000000000000e+00
