ε_xx,ε_yy,ε_zz,γ_xy,γ_yz,γ_xz
0.000000000000e+00,0.000000000000e+00,-8.820839574690e-04,-1.099247271703e-05,0.000000000000e+00,0.000000000000e+00
0.000000000000e+00,0.000000000000e+00,-8.820839574690e-04,-5.654509471350e-06,0.000000000000e+00,0.000000000000e+00
0.000000000000e+00,0.000000000000e+00,-8.820839574690e-04,-3.165462256719e-07,0.000000000000e+00,0.000000000000e+00
