ε_xx,ε_yy,ε_zz,γ_xy,γ_yz,γ_xz
0.000000000000e+00,0.000000000000e+00,-7.395249340405e-04,-1.012977158642e-05,0.000000000000e+00,0.000000000000e+00
0.000000000000e+00,0.000000000000e+00,-7.395249340405e-04,-5.654509471349e-06,0.000000000000e+00,0.000000000000e+00
0.000000000000e+00,0.000000000000e+00,-7.395249340405e-04,-1.179247356281e-06,0.000000000000e+00,0.000000000000e+00
