ε_xx,ε_yy,ε_zz,γ_xy,γ_yz,γ_xz
0.000000000000e+00,0.000000000000e+00,-5.009881398621e-15,-7.632783294298e-17,0.000000000000e+00,0.000000000000e+00
0.000000000000e+00,0.000000000000e+00,-5.009881398621e-15,-4.857225732735e-17,0.000000000000e+00,0.000000000000e+00
0.000000000000e+00,0.000000000000e+00,-5.009881398621e-15,-1.387778780781e-17,0.000000000000e+00,0.000000000000e+00
