ε_xx,ε_yy,ε_zz,γ_xy,γ_yz,γ_xz
0.000000000000e+00,0.000000000000e+00,-1.866562460151e-15,-5.551115123126e-17,0.000000000000e+00,0.000000000000e+00
0.000000000000e+00,0.000000000000e+00,-1.866562460151e-15,-4.163336342344e-17,0.000000000000e+00,0.000000000000e+00
0.000000000000e+00,0.000000000000e+00,-1.866562460151e-15,-2.775557561563e-17,0.000000000000e+00,0.000000000000e+00
