ε_xx,ε_yy,ε_zz,γ_xy,γ_yz,γ_xz
0.000000000000e+00,0.000000000000e+00,-6.682454223263e-04,-9.698421021115e-06,0.000000000000e+00,0.000000000000e+00
0.000000000000e+00,0.000000000000e+00,-6.682454223263e-04,-5.654509471350e-06,0.000000000000e+00,0.000000000000e+00
0.000000000000e+00,0.000000000000e+00,-6.682454223263e-04,-1.610597921587e-06,0.000000000000e+00,0.000000000000e+00
