ε_xx,ε_yy,ε_zz,γ_xy,γ_yz,γ_xz
0.000000000000e+00,0.000000000000e+00,-8.909938969369e-06,-5.708428292041e-06,0.000000000000e+00,0.000000000000e+00
0.000000000000e+00,0.000000000000e+00,-8.909938969369e-06,-5.654509471348e-06,0.000000000000e+00,0.000000000000e+00
0.000000000000e+00,0.000000000000e+00,-8.909938969369e-06,-5.600590650651e-06,0.000000000000e+00,0.000000000000e+00
