ε_xx,ε_yy,ε_zz,γ_xy,γ_yz,γ_xz
0.000000000000e+00,0.000000000000e+00,-7.038851781834e-04,-9.914096303767e-06,0.000000000000e+00,0.000000000000e+00
0.000000000000e+00,0.000000000000e+00,-7.038851781834e-04,-5.654509471350e-06,0.000000000000e+00,0.000000000000e+00
0.000000000000e+00,0.000000000000e+00,-7.038851781834e-04,-1.394922638934e-06,0.000000000000e+00,0.000000000000e+00
