ε_xx,ε_yy,ε_zz,γ_xy,γ_yz,γ_xz
0.000000000000e+00,0.000000000000e+00,-7.702172233337e-16,-4.857225732735e-17,0.000000000000e+00,0.000000000000e+00
0.000000000000e+00,0.000000000000e+00,-7.702172233337e-16,-4.163336342344e-17,0.000000000000e+00,0.000000000000e+00
0.000000000000e+00,0.000000000000e+00,-7.702172233337e-16,-3.469446951954e-17,0.000000000000e+00,0.000000000000e+00
