ε_xx,ε_yy,ε_zz,γ_xy,γ_yz,γ_xz
0.000000000000e+00,0.000000000000e+00,-9.800932861219e-05,-6.247616498676e-06,0.000000000000e+00,0.000000000000e+00
0.000000000000e+00,0.000000000000e+00,-9.800932861219e-05,-5.654509471348e-06,0.000000000000e+00,0.000000000000e+00
0.000000000000e+00,0.000000000000e+00,-9.800932861219e-05,-5.061402444023e-06,0.000000000000e+00,0.000000000000e+00
