ε_xx,ε_yy,ε_zz,γ_xy,γ_yz,γ_xz
0.000000000000e+00,0.000000000000e+00,-6.236957275505e-05,-6.031941216022e-06,0.000000000000e+00,0.000000000000e+00
0.000000000000e+00,0.000000000000e+00,-6.236957275505e-05,-5.654509471351e-06,0.000000000000e+00,0.000000000000e+00
0.000000000000e+00,0.000000000000e+00,-6.236957275505e-05,-5.277077726677e-06,0.000000000000e+00,0.000000000000e+00
