ε_xx,ε_yy,ε_zz,γ_xy,γ_yz,γ_xz
0.000000000000e+00,0.000000000000e+00,-6.869504964868e-16,-2.775557561563e-17,0.000000000000e+00,0.000000000000e+00
0.000000000000e+00,0.000000000000e+00,-6.869504964868e-16,-2.081668171172e-17,0.000000000000e+00,0.000000000000e+00
0.000000000000e+00,0.000000000000e+00,-6.869504964868e-16,-2.081668171172e-17,0.000000000000e+00,0.000000000000e+00
