ε_xx,ε_yy,ε_zz,γ_xy,γ_yz,γ_xz
0.000000000000e+00,0.000000000000e+00,-4.187671313263e-04,-8.188694042550e-06,0.000000000000e+00,0.000000000000e+00
0.000000000000e+00,0.000000000000e+00,-4.187671313263e-04,-5.654509471355e-06,0.000000000000e+00,0.000000000000e+00
0.000000000000e+00,0.000000000000e+00,-4.187671313263e-04,-3.120324900158e-06,0.000000000000e+00,0.000000000000e+00
