ε_xx,ε_yy,ε_zz,γ_xy,γ_yz,γ_xz
0.000000000000e+00,0.000000000000e+00,-7.573448119691e-04,-1.023760922775e-05,0.000000000000e+00,0.000000000000e+00
0.000000000000e+00,0.000000000000e+00,-7.573448119691e-04,-5.654509471350e-06,0.000000000000e+00,0.000000000000e+00
0.000000000000e+00,0.000000000000e+00,-7.573448119691e-04,-1.071409714955e-06,0.000000000000e+00,0.000000000000e+00
