ε_xx,ε_yy,ε_zz,γ_xy,γ_yz,γ_xz
0.000000000000e+00,0.000000000000e+00,-1.089406342913e-15,-4.163336342344e-17,0.000000000000e+00,0.000000000000e+00
0.000000000000e+00,0.000000000000e+00,-1.089406342913e-15,-2.775557561563e-17,0.000000000000e+00,0.000000000000e+00
0.000000000000e+00,0.000000000000e+00,-1.089406342913e-15,-2.081668171172e-17,0.000000000000e+00,0.000000000000e+00
