ε_xx,ε_yy,ε_zz,γ_xy,γ_yz,γ_xz
0.000000000000e+00,0.000000000000e+00,-3.831273754692e-04,-7.973018759898e-06,0.000000000000e+00,0.000000000000e+00
0.000000000000e+00,0.000000000000e+00,-3.831273754692e-04,-5.654509471353e-06,0.000000000000e+00,0.000000000000e+00
0.000000000000e+00,0.000000000000e+00,-3.831273754692e-04,-3.336000182808e-06,0.000000000000e+00,0.000000000000e+00
