ε_xx,ε_yy,ε_zz,γ_xy,γ_yz,γ_xz
0.000000000000e+00,0.000000000000e+00,-4.010680676458e-15,-6.245004513517e-17,0.000000000000e+00,0.000000000000e+00
0.000000000000e+00,0.000000000000e+00,-4.010680676458e-15,-4.163336342344e-17,0.000000000000e+00,0.000000000000e+00
0.000000000000e+00,0.000000000000e+00,-4.010680676458e-15,-1.387778780781e-17,0.000000000000e+00,0.000000000000e+00
