ε_xx,ε_yy,ε_zz,γ_xy,γ_yz,γ_xz
0.000000000000e+00,0.000000000000e+00,-3.653074975406e-04,-7.865181118567e-06,0.000000000000e+00,0.000000000000e+00
0.000000000000e+00,0.000000000000e+00,-3.653074975406e-04,-5.654509471350e-06,0.000000000000e+00,0.000000000000e+00
0.000000000000e+00,0.000000000000e+00,-3.653074975406e-04,-3.443837824132e-06,0.000000000000e+00,0.000000000000e+00
