ε_xx,ε_yy,ε_zz,γ_xy,γ_yz,γ_xz
0.000000000000e+00,0.000000000000e+00,-1.095922492612e-03,-1.228652441294e-05,0.000000000000e+00,0.000000000000e+00
0.000000000000e+00,0.000000000000e+00,-1.095922492612e-03,-5.654509471351e-06,0.000000000000e+00,0.000000000000e+00
0.000000000000e+00,0.000000000000e+00,-1.095922492612e-03,9.775054702424e-07,0.000000000000e+00,0.000000000000e+00
