Local DOF,R_e Value
0,0.000000000000e+00
1,-4.907509552555e-06
2,0.000000000000e+00
3,0.000000000000e+00
4,0.000000000000e+00
5,-1.035798199766e-04
6,0.000000000000e+00
7,-8.662589082043e-06
8,0.000000000000e+00
9,0.000000000000e+00
10,0.000000000000e+00
11,-1.366215412461e-04
