Local DOF,R_e Value
0,0.000000000000e+00
1,-1.419569572180e-04
2,0.000000000000e+00
3,0.000000000000e+00
4,0.000000000000e+00
5,-4.987972021971e-04
6,0.000000000000e+00
7,-1.579011602031e-04
8,0.000000000000e+00
9,0.000000000000e+00
10,0.000000000000e+00
11,-5.215105709148e-04
