Local DOF,R_e Value
0,0.000000000000e+00
1,-1.745438061241e-04
2,0.000000000000e+00
3,0.000000000000e+00
4,0.000000000000e+00
5,-5.434980091274e-04
6,0.000000000000e+00
7,-1.918622543248e-04
8,0.000000000000e+00
9,0.000000000000e+00
10,0.000000000000e+00
11,-5.647624282528e-04
