Local DOF,R_e Value
0,0.000000000000e+00
1,-8.923197249645e-04
2,0.000000000000e+00
3,0.000000000000e+00
4,0.000000000000e+00
5,-8.950375798087e-04
6,0.000000000000e+00
7,-9.203397557545e-04
8,0.000000000000e+00
9,0.000000000000e+00
10,0.000000000000e+00
11,-8.981779007008e-04
