Local DOF,R_e Value
0,0.000000000000e+00
1,-1.061594648833e-03
2,0.000000000000e+00
3,0.000000000000e+00
4,0.000000000000e+00
5,-9.085012973377e-04
6,0.000000000000e+00
7,-1.090004004094e-03
8,0.000000000000e+00
9,0.000000000000e+00
10,0.000000000000e+00
11,-9.096543955595e-04
