Local DOF,R_e Value
0,0.000000000000e+00
1,-4.929000950404e-04
2,0.000000000000e+00
3,0.000000000000e+00
4,0.000000000000e+00
5,-7.890513308778e-04
6,0.000000000000e+00
7,-5.177319003560e-04
8,0.000000000000e+00
9,0.000000000000e+00
10,0.000000000000e+00
11,-8.000798473364e-04
