Local DOF,R_e Value
0,0.000000000000e+00
1,-6.730949525906e-04
2,0.000000000000e+00
3,0.000000000000e+00
4,0.000000000000e+00
5,-8.536073266276e-04
6,0.000000000000e+00
7,-6.998798489054e-04
8,0.000000000000e+00
9,0.000000000000e+00
10,0.000000000000e+00
11,-8.605360314255e-04
