Local DOF,R_e Value
0,0.000000000000e+00
1,-5.683810058445e-04
2,0.000000000000e+00
3,0.000000000000e+00
4,0.000000000000e+00
5,-8.202846916321e-04
6,0.000000000000e+00
7,-5.941601714532e-04
8,0.000000000000e+00
9,0.000000000000e+00
10,0.000000000000e+00
11,-8.294830549106e-04
