Local DOF,R_e Value
0,0.000000000000e+00
1,-1.118445497112e-03
2,0.000000000000e+00
3,0.000000000000e+00
4,0.000000000000e+00
5,-9.105625552070e-04
6,0.000000000000e+00
7,-1.146911894938e-03
8,0.000000000000e+00
9,0.000000000000e+00
10,0.000000000000e+00
11,-9.112529046608e-04
