Local DOF,R_e Value
0,0.000000000000e+00
1,-9.854264957575e-05
2,0.000000000000e+00
3,0.000000000000e+00
4,0.000000000000e+00
5,-4.262768853379e-04
6,0.000000000000e+00
7,-1.122548641755e-04
8,0.000000000000e+00
9,0.000000000000e+00
10,0.000000000000e+00
11,-4.511825400700e-04
