Local DOF,R_e Value
0,0.000000000000e+00
1,-9.766440554910e-04
2,0.000000000000e+00
3,0.000000000000e+00
4,0.000000000000e+00
5,-9.033152607998e-04
6,0.000000000000e+00
7,-1.004905418147e-03
8,0.000000000000e+00
9,0.000000000000e+00
10,0.000000000000e+00
11,-9.053565131144e-04
