Local DOF,R_e Value
0,0.000000000000e+00
1,-1.267339239827e-04
2,0.000000000000e+00
3,0.000000000000e+00
4,0.000000000000e+00
5,-4.753552974541e-04
6,0.000000000000e+00
7,-1.419569572180e-04
8,0.000000000000e+00
9,0.000000000000e+00
10,0.000000000000e+00
11,-4.987972021971e-04
