Local DOF,R_e Value
0,0.000000000000e+00
1,-3.366054892656e-05
2,0.000000000000e+00
3,0.000000000000e+00
4,0.000000000000e+00
5,-2.613675870569e-04
6,0.000000000000e+00
7,-4.228854150099e-05
8,0.000000000000e+00
9,0.000000000000e+00
10,0.000000000000e+00
11,-2.907004790622e-04
