Local DOF,R_e Value
0,0.000000000000e+00
1,-1.921241852344e-05
2,0.000000000000e+00
3,0.000000000000e+00
4,0.000000000000e+00
5,-2.004782488041e-04
6,0.000000000000e+00
7,-2.596078631349e-05
8,0.000000000000e+00
9,0.000000000000e+00
10,0.000000000000e+00
11,-2.312936707110e-04
