Local DOF,R_e Value
0,0.000000000000e+00
1,-2.476475084521e-04
2,0.000000000000e+00
3,0.000000000000e+00
4,0.000000000000e+00
5,-6.242516306468e-04
6,0.000000000000e+00
7,-2.674448373912e-04
8,0.000000000000e+00
9,0.000000000000e+00
10,0.000000000000e+00
11,-6.426598003752e-04
