Local DOF,R_e Value
0,0.000000000000e+00
1,-8.089394936566e-04
2,0.000000000000e+00
3,0.000000000000e+00
4,0.000000000000e+00
5,-8.830826192631e-04
6,0.000000000000e+00
7,-8.366061877730e-04
8,0.000000000000e+00
9,0.000000000000e+00
10,0.000000000000e+00
11,-8.875095219746e-04
