Local DOF,R_e Value
0,0.000000000000e+00
1,-6.223664719280e-05
2,0.000000000000e+00
3,0.000000000000e+00
4,0.000000000000e+00
5,-3.471458117189e-04
6,0.000000000000e+00
7,-7.351053476586e-05
8,0.000000000000e+00
9,0.000000000000e+00
10,0.000000000000e+00
11,-3.742599625697e-04
