ε_xx,ε_yy,ε_zz,γ_xy,γ_yz,γ_xz
0.000000000000e+00,0.000000000000e+00,-1.009814846368e-03,-1.598912346537e-05,0.000000000000e+00,0.000000000000e+00
0.000000000000e+00,0.000000000000e+00,-1.009814846368e-03,-3.767260706812e-06,0.000000000000e+00,0.000000000000e+00
0.000000000000e+00,0.000000000000e+00,-1.009814846368e-03,8.454602051744e-06,0.000000000000e+00,0.000000000000e+00
