ε_xx,ε_yy,ε_zz,γ_xy,γ_yz,γ_xz
0.000000000000e+00,0.000000000000e+00,-5.441992953320e-04,-1.011762223502e-05,0.000000000000e+00,0.000000000000e+00
0.000000000000e+00,0.000000000000e+00,-5.441992953320e-04,-3.531138460524e-06,0.000000000000e+00,0.000000000000e+00
0.000000000000e+00,0.000000000000e+00,-5.441992953320e-04,3.055345313972e-06,0.000000000000e+00,0.000000000000e+00
