ε_xx,ε_yy,ε_zz,γ_xy,γ_yz,γ_xz
0.000000000000e+00,0.000000000000e+00,-6.804445741166e-04,-1.189844610195e-05,0.000000000000e+00,0.000000000000e+00
0.000000000000e+00,0.000000000000e+00,-6.804445741166e-04,-3.662975778289e-06,0.000000000000e+00,0.000000000000e+00
0.000000000000e+00,0.000000000000e+00,-6.804445741166e-04,4.572494545369e-06,0.000000000000e+00,0.000000000000e+00
