ε_xx,ε_yy,ε_zz,γ_xy,γ_yz,γ_xz
0.000000000000e+00,0.000000000000e+00,-1.104832623763e-03,-1.714148890384e-05,0.000000000000e+00,0.000000000000e+00
0.000000000000e+00,0.000000000000e+00,-1.104832623763e-03,-3.769619053276e-06,0.000000000000e+00,0.000000000000e+00
0.000000000000e+00,0.000000000000e+00,-1.104832623763e-03,9.602250797288e-06,0.000000000000e+00,0.000000000000e+00
