ε_xx,ε_yy,ε_zz,γ_xy,γ_yz,γ_xz
0.000000000000e+00,0.000000000000e+00,-1.565855902461e-04,-4.310117170458e-06,0.000000000000e+00,0.000000000000e+00
0.000000000000e+00,0.000000000000e+00,-1.565855902461e-04,-2.414950347713e-06,0.000000000000e+00,0.000000000000e+00
0.000000000000e+00,0.000000000000e+00,-1.565855902461e-04,-5.197835249646e-07,0.000000000000e+00,0.000000000000e+00
