ε_xx,ε_yy,ε_zz,γ_xy,γ_yz,γ_xz
0.000000000000e+00,0.000000000000e+00,-1.033562900838e-03,-1.627763360340e-05,0.000000000000e+00,0.000000000000e+00
0.000000000000e+00,0.000000000000e+00,-1.033562900838e-03,-3.768346409021e-06,0.000000000000e+00,0.000000000000e+00
0.000000000000e+00,0.000000000000e+00,-1.033562900838e-03,8.740940785358e-06,0.000000000000e+00,0.000000000000e+00
