ε_xx,ε_yy,ε_zz,γ_xy,γ_yz,γ_xz
0.000000000000e+00,0.000000000000e+00,-3.689454007741e-05,-1.757666483727e-06,0.000000000000e+00,0.000000000000e+00
0.000000000000e+00,0.000000000000e+00,-3.689454007741e-05,-1.311129173460e-06,0.000000000000e+00,0.000000000000e+00
0.000000000000e+00,0.000000000000e+00,-3.689454007741e-05,-8.645918631936e-07,0.000000000000e+00,0.000000000000e+00
