ε_xx,ε_yy,ε_zz,γ_xy,γ_yz,γ_xz
0.000000000000e+00,0.000000000000e+00,-2.217077961005e-04,-5.425070762444e-06,0.000000000000e+00,0.000000000000e+00
0.000000000000e+00,0.000000000000e+00,-2.217077961005e-04,-2.741725131129e-06,0.000000000000e+00,0.000000000000e+00
0.000000000000e+00,0.000000000000e+00,-2.217077961005e-04,-5.837949981075e-08,0.000000000000e+00,0.000000000000e+00
