ε_xx,ε_yy,ε_zz,γ_xy,γ_yz,γ_xz
0.000000000000e+00,0.000000000000e+00,-3.330287388083e-04,-7.156864243619e-06,0.000000000000e+00,0.000000000000e+00
0.000000000000e+00,0.000000000000e+00,-3.330287388083e-04,-3.126193121077e-06,0.000000000000e+00,0.000000000000e+00
0.000000000000e+00,0.000000000000e+00,-3.330287388083e-04,9.044780014608e-07,0.000000000000e+00,0.000000000000e+00
