ε_xx,ε_yy,ε_zz,γ_xy,γ_yz,γ_xz
0.000000000000e+00,0.000000000000e+00,-9.386343098427e-04,-1.512117073658e-05,0.000000000000e+00,0.000000000000e+00
0.000000000000e+00,0.000000000000e+00,-9.386343098427e-04,-3.760811204702e-06,0.000000000000e+00,0.000000000000e+00
0.000000000000e+00,0.000000000000e+00,-9.386343098427e-04,7.599548327172e-06,0.000000000000e+00,0.000000000000e+00
