ε_xx,ε_yy,ε_zz,γ_xy,γ_yz,γ_xz
0.000000000000e+00,0.000000000000e+00,-9.623470160443e-04,-1.541093553075e-05,0.000000000000e+00,0.000000000000e+00
0.000000000000e+00,0.000000000000e+00,-9.623470160443e-04,-3.763579385709e-06,0.000000000000e+00,0.000000000000e+00
0.000000000000e+00,0.000000000000e+00,-9.623470160443e-04,7.883776759328e-06,0.000000000000e+00,0.000000000000e+00
