ε_xx,ε_yy,ε_zz,γ_xy,γ_yz,γ_xz
0.000000000000e+00,0.000000000000e+00,-7.268106261061e-04,-1.248918342332e-05,0.000000000000e+00,0.000000000000e+00
0.000000000000e+00,0.000000000000e+00,-7.268106261061e-04,-3.692541389707e-06,0.000000000000e+00,0.000000000000e+00
0.000000000000e+00,0.000000000000e+00,-7.268106261061e-04,5.104100643904e-06,0.000000000000e+00,0.000000000000e+00
