ε_xx,ε_yy,ε_zz,γ_xy,γ_yz,γ_xz
0.000000000000e+00,0.000000000000e+00,-5.000614531729e-04,-9.522791951572e-06,0.000000000000e+00,0.000000000000e+00
0.000000000000e+00,0.000000000000e+00,-5.000614531729e-04,-3.470511700888e-06,0.000000000000e+00,0.000000000000e+00
0.000000000000e+00,0.000000000000e+00,-5.000614531729e-04,2.581768549795e-06,0.000000000000e+00,0.000000000000e+00
