ε_xx,ε_yy,ε_zz,γ_xy,γ_yz,γ_xz
0.000000000000e+00,0.000000000000e+00,-5.890453717737e-04,-1.071222367091e-05,0.000000000000e+00,0.000000000000e+00
0.000000000000e+00,0.000000000000e+00,-5.890453717737e-04,-3.582964561412e-06,0.000000000000e+00,0.000000000000e+00
0.000000000000e+00,0.000000000000e+00,-5.890453717737e-04,3.546294548087e-06,0.000000000000e+00,0.000000000000e+00
