ε_xx,ε_yy,ε_zz,γ_xy,γ_yz,γ_xz
0.000000000000e+00,0.000000000000e+00,-1.273067100127e-04,-3.769155775171e-06,0.000000000000e+00,0.000000000000e+00
0.000000000000e+00,0.000000000000e+00,-1.273067100127e-04,-2.228353375985e-06,0.000000000000e+00,0.000000000000e+00
0.000000000000e+00,0.000000000000e+00,-1.273067100127e-04,-6.875509767981e-07,0.000000000000e+00,0.000000000000e+00
