ε_xx,ε_yy,ε_zz,γ_xy,γ_yz,γ_xz
0.000000000000e+00,0.000000000000e+00,-4.556973028146e-05,-1.993170096672e-06,0.000000000000e+00,0.000000000000e+00
0.000000000000e+00,0.000000000000e+00,-4.556973028146e-05,-1.441636326448e-06,0.000000000000e+00,0.000000000000e+00
0.000000000000e+00,0.000000000000e+00,-4.556973028146e-05,-8.901025562238e-07,0.000000000000e+00,0.000000000000e+00
