ε_xx,ε_yy,ε_zz,γ_xy,γ_yz,γ_xz
0.000000000000e+00,0.000000000000e+00,-1.081073692903e-03,-1.685375307832e-05,0.000000000000e+00,0.000000000000e+00
0.000000000000e+00,0.000000000000e+00,-1.081073692903e-03,-3.769439301333e-06,0.000000000000e+00,0.000000000000e+00
0.000000000000e+00,0.000000000000e+00,-1.081073692903e-03,9.314874475658e-06,0.000000000000e+00,0.000000000000e+00
