ε_xx,ε_yy,ε_zz,γ_xy,γ_yz,γ_xz
0.000000000000e+00,0.000000000000e+00,-4.143803317698e-04,-8.335370602030e-06,0.000000000000e+00,0.000000000000e+00
0.000000000000e+00,0.000000000000e+00,-4.143803317698e-04,-3.320095214716e-06,0.000000000000e+00,0.000000000000e+00
0.000000000000e+00,0.000000000000e+00,-4.143803317698e-04,1.695180172597e-06,0.000000000000e+00,0.000000000000e+00
