ε_xx,ε_yy,ε_zz,γ_xy,γ_yz,γ_xz
0.000000000000e+00,0.000000000000e+00,-4.354372047288e-04,-8.631688666459e-06,0.000000000000e+00,0.000000000000e+00
0.000000000000e+00,0.000000000000e+00,-4.354372047288e-04,-3.361560409478e-06,0.000000000000e+00,0.000000000000e+00
0.000000000000e+00,0.000000000000e+00,-4.354372047288e-04,1.908567847504e-06,0.000000000000e+00,0.000000000000e+00
