ε_xx,ε_yy,ε_zz,γ_xy,γ_yz,γ_xz
0.000000000000e+00,0.000000000000e+00,-2.392171530803e-04,-5.709514130387e-06,0.000000000000e+00,0.000000000000e+00
0.000000000000e+00,0.000000000000e+00,-2.392171530803e-04,-2.814251474113e-06,0.000000000000e+00,0.000000000000e+00
0.000000000000e+00,0.000000000000e+00,-2.392171530803e-04,8.101118215836e-08,0.000000000000e+00,0.000000000000e+00
