ε_xx,ε_yy,ε_zz,γ_xy,γ_yz,γ_xz
0.000000000000e+00,0.000000000000e+00,-8.912730681413e-04,-1.454013136540e-05,0.000000000000e+00,0.000000000000e+00
0.000000000000e+00,0.000000000000e+00,-8.912730681413e-04,-3.752988397171e-06,0.000000000000e+00,0.000000000000e+00
0.000000000000e+00,0.000000000000e+00,-8.912730681413e-04,7.034154571062e-06,0.000000000000e+00,0.000000000000e+00
