ε_xx,ε_yy,ε_zz,γ_xy,γ_yz,γ_xz
0.000000000000e+00,0.000000000000e+00,-2.046668489974e-04,-5.142715933260e-06,0.000000000000e+00,0.000000000000e+00
0.000000000000e+00,0.000000000000e+00,-2.046668489974e-04,-2.665618127989e-06,0.000000000000e+00,0.000000000000e+00
0.000000000000e+00,0.000000000000e+00,-2.046668489974e-04,-1.885203227137e-07,0.000000000000e+00,0.000000000000e+00
