ε_xx,ε_yy,ε_zz,γ_xy,γ_yz,γ_xz
0.000000000000e+00,0.000000000000e+00,-6.574116423086e-04,-1.160241346431e-05,0.000000000000e+00,0.000000000000e+00
0.000000000000e+00,0.000000000000e+00,-6.574116423086e-04,-3.645712394731e-06,0.000000000000e+00,0.000000000000e+00
0.000000000000e+00,0.000000000000e+00,-6.574116423086e-04,4.310988674844e-06,0.000000000000e+00,0.000000000000e+00
