ε_xx,ε_yy,ε_zz,γ_xy,γ_yz,γ_xz
0.000000000000e+00,0.000000000000e+00,-6.117003490179e-04,-1.100924701916e-05,0.000000000000e+00,0.000000000000e+00
0.000000000000e+00,0.000000000000e+00,-6.117003490179e-04,-3.605793067240e-06,0.000000000000e+00,0.000000000000e+00
0.000000000000e+00,0.000000000000e+00,-6.117003490179e-04,3.797660884684e-06,0.000000000000e+00,0.000000000000e+00
