ε_xx,ε_yy,ε_zz,γ_xy,γ_yz,γ_xz
0.000000000000e+00,0.000000000000e+00,-3.935933745640e-04,-8.039601497117e-06,0.000000000000e+00,0.000000000000e+00
0.000000000000e+00,0.000000000000e+00,-3.935933745640e-04,-3.275912169417e-06,0.000000000000e+00,0.000000000000e+00
0.000000000000e+00,0.000000000000e+00,-3.935933745640e-04,1.487777158282e-06,0.000000000000e+00,0.000000000000e+00
