ε_xx,ε_yy,ε_zz,γ_xy,γ_yz,γ_xz
0.000000000000e+00,0.000000000000e+00,-1.135749046689e-04,-3.503555868912e-06,0.000000000000e+00,0.000000000000e+00
0.000000000000e+00,0.000000000000e+00,-1.135749046689e-04,-2.128950511632e-06,0.000000000000e+00,0.000000000000e+00
0.000000000000e+00,0.000000000000e+00,-1.135749046689e-04,-7.543451543482e-07,0.000000000000e+00,0.000000000000e+00
