ε_xx,ε_yy,ε_zz,γ_xy,γ_yz,γ_xz
0.000000000000e+00,0.000000000000e+00,-2.755465513919e-07,-9.076993521401e-08,0.000000000000e+00,0.000000000000e+00
0.000000000000e+00,0.000000000000e+00,-2.755465513919e-07,-8.743497519753e-08,0.000000000000e+00,0.000000000000e+00
0.000000000000e+00,0.000000000000e+00,-2.755465513919e-07,-8.410001518105e-08,0.000000000000e+00,0.000000000000e+00
