ε_xx,ε_yy,ε_zz,γ_xy,γ_yz,γ_xz
0.000000000000e+00,0.000000000000e+00,-6.700774140698e-06,-6.661388418649e-07,0.000000000000e+00,0.000000000000e+00
0.000000000000e+00,0.000000000000e+00,-6.700774140698e-06,-5.850388835743e-07,0.000000000000e+00,0.000000000000e+00
0.000000000000e+00,0.000000000000e+00,-6.700774140698e-06,-5.039389252837e-07,0.000000000000e+00,0.000000000000e+00
