ε_xx,ε_yy,ε_zz,γ_xy,γ_yz,γ_xz
0.000000000000e+00,0.000000000000e+00,-6.531400420158e-05,-2.479130133362e-06,0.000000000000e+00,0.000000000000e+00
0.000000000000e+00,0.000000000000e+00,-6.531400420158e-05,-1.688629975405e-06,0.000000000000e+00,0.000000000000e+00
0.000000000000e+00,0.000000000000e+00,-6.531400420158e-05,-8.981298174407e-07,0.000000000000e+00,0.000000000000e+00
