ε_xx,ε_yy,ε_zz,γ_xy,γ_yz,γ_xz
0.000000000000e+00,0.000000000000e+00,-8.440327356453e-04,-1.395693156631e-05,0.000000000000e+00,0.000000000000e+00
0.000000000000e+00,0.000000000000e+00,-8.440327356453e-04,-3.741541788787e-06,0.000000000000e+00,0.000000000000e+00
0.000000000000e+00,0.000000000000e+00,-8.440327356453e-04,6.473847988739e-06,0.000000000000e+00,0.000000000000e+00
