ε_xx,ε_yy,ε_zz,γ_xy,γ_yz,γ_xz
0.000000000000e+00,0.000000000000e+00,-2.905701320211e-05,-1.527512577426e-06,0.000000000000e+00,0.000000000000e+00
0.000000000000e+00,0.000000000000e+00,-2.905701320211e-05,-1.175833426730e-06,0.000000000000e+00,0.000000000000e+00
0.000000000000e+00,0.000000000000e+00,-2.905701320211e-05,-8.241542760329e-07,0.000000000000e+00,0.000000000000e+00
