ε_xx,ε_yy,ε_zz,γ_xy,γ_yz,γ_xz
0.000000000000e+00,0.000000000000e+00,-2.943354363759e-04,-6.573572612221e-06,0.000000000000e+00,0.000000000000e+00
0.000000000000e+00,0.000000000000e+00,-2.943354363759e-04,-3.011209351960e-06,0.000000000000e+00,0.000000000000e+00
0.000000000000e+00,0.000000000000e+00,-2.943354363759e-04,5.511539082972e-07,0.000000000000e+00,0.000000000000e+00
