ε_xx,ε_yy,ε_zz,γ_xy,γ_yz,γ_xz
0.000000000000e+00,0.000000000000e+00,-1.881171521911e-04,-4.862639801036e-06,0.000000000000e+00,0.000000000000e+00
0.000000000000e+00,0.000000000000e+00,-1.881171521911e-04,-2.585844183622e-06,0.000000000000e+00,0.000000000000e+00
0.000000000000e+00,0.000000000000e+00,-1.881171521911e-04,-3.090485662105e-07,0.000000000000e+00,0.000000000000e+00
