ε_xx,ε_yy,ε_zz,γ_xy,γ_yz,γ_xz
0.000000000000e+00,0.000000000000e+00,-2.755524540890e-04,-6.283938758875e-06,0.000000000000e+00,0.000000000000e+00
0.000000000000e+00,0.000000000000e+00,-2.755524540890e-04,-2.948907303582e-06,0.000000000000e+00,0.000000000000e+00
0.000000000000e+00,0.000000000000e+00,-2.755524540890e-04,3.861241517078e-07,0.000000000000e+00,0.000000000000e+00
