ε_xx,ε_yy,ε_zz,γ_xy,γ_yz,γ_xz
0.000000000000e+00,0.000000000000e+00,-1.087767057565e-05,-8.720050553648e-07,0.000000000000e+00,0.000000000000e+00
0.000000000000e+00,0.000000000000e+00,-1.087767057565e-05,-7.403518147917e-07,0.000000000000e+00,0.000000000000e+00
0.000000000000e+00,0.000000000000e+00,-1.087767057565e-05,-6.086985742115e-07,0.000000000000e+00,0.000000000000e+00
