ε_xx,ε_yy,ε_zz,γ_xy,γ_yz,γ_xz
0.000000000000e+00,0.000000000000e+00,-3.528993601292e-04,-7.450214105739e-06,0.000000000000e+00,0.000000000000e+00
0.000000000000e+00,0.000000000000e+00,-3.528993601292e-04,-3.179047403653e-06,0.000000000000e+00,0.000000000000e+00
0.000000000000e+00,0.000000000000e+00,-3.528993601292e-04,1.092119298433e-06,0.000000000000e+00,0.000000000000e+00
