ε_xx,ε_yy,ε_zz,γ_xy,γ_yz,γ_xz
0.000000000000e+00,0.000000000000e+00,-2.571726233367e-04,-5.995862460747e-06,0.000000000000e+00,0.000000000000e+00
0.000000000000e+00,0.000000000000e+00,-2.571726233367e-04,-2.883283437984e-06,0.000000000000e+00,0.000000000000e+00
0.000000000000e+00,0.000000000000e+00,-2.571726233367e-04,2.292955847763e-07,0.000000000000e+00,0.000000000000e+00
