ε_xx,ε_yy,ε_zz,γ_xy,γ_yz,γ_xz
0.000000000000e+00,0.000000000000e+00,-1.057316574775e-03,-1.656582348990e-05,0.000000000000e+00,0.000000000000e+00
0.000000000000e+00,0.000000000000e+00,-1.057316574775e-03,-3.769043846862e-06,0.000000000000e+00,0.000000000000e+00
0.000000000000e+00,0.000000000000e+00,-1.057316574775e-03,9.027735796179e-06,0.000000000000e+00,0.000000000000e+00
