ε_xx,ε_yy,ε_zz,γ_xy,γ_yz,γ_xz
0.000000000000e+00,0.000000000000e+00,-7.632489923013e-05,-2.729054857077e-06,0.000000000000e+00,0.000000000000e+00
0.000000000000e+00,0.000000000000e+00,-7.632489923013e-05,-1.805289033267e-06,0.000000000000e+00,0.000000000000e+00
0.000000000000e+00,0.000000000000e+00,-7.632489923013e-05,-8.815232094596e-07,0.000000000000e+00,0.000000000000e+00
