ε_xx,ε_yy,ε_zz,γ_xy,γ_yz,γ_xz
0.000000000000e+00,0.000000000000e+00,-9.860751304651e-04,-1.570023970439e-05,0.000000000000e+00,0.000000000000e+00
0.000000000000e+00,0.000000000000e+00,-9.860751304651e-04,-3.765700459393e-06,0.000000000000e+00,0.000000000000e+00
0.000000000000e+00,0.000000000000e+00,-9.860751304651e-04,8.168838785609e-06,0.000000000000e+00,0.000000000000e+00
