ε_xx,ε_yy,ε_zz,γ_xy,γ_yz,γ_xz
0.000000000000e+00,0.000000000000e+00,-7.035810129061e-04,-1.219404901329e-05,0.000000000000e+00,0.000000000000e+00
0.000000000000e+00,0.000000000000e+00,-7.035810129061e-04,-3.678556683001e-06,0.000000000000e+00,0.000000000000e+00
0.000000000000e+00,0.000000000000e+00,-7.035810129061e-04,4.836935647290e-06,0.000000000000e+00,0.000000000000e+00
