Local DOF,R_e Value
0,0.000000000000e+00
1,-7.973373348052e-06
2,-0.000000000000e+00
3,0.000000000000e+00
4,-0.000000000000e+00
5,-1.212036764602e-06
6,0.000000000000e+00
7,-9.222380417889e-06
8,0.000000000000e+00
9,0.000000000000e+00
10,-0.000000000000e+00
11,-1.298284970261e-06
