Local DOF,R_e Value
0,0.000000000000e+00
1,-8.211351896355e-05
2,0.000000000000e+00
3,0.000000000000e+00
4,-0.000000000000e+00
5,-3.421701551353e-06
6,0.000000000000e+00
7,-8.555893283187e-05
8,0.000000000000e+00
9,0.000000000000e+00
10,-0.000000000000e+00
11,-3.477014451051e-06
