Local DOF,R_e Value
0,0.000000000000e+00
1,-4.253010672572e-08
2,0.000000000000e+00
3,0.000000000000e+00
4,0.000000000000e+00
5,-9.922107580306e-08
6,0.000000000000e+00
7,-1.838536122167e-07
8,-0.000000000000e+00
9,0.000000000000e+00
10,0.000000000000e+00
11,-1.974442385180e-07
