ε_xx,ε_yy,ε_zz,γ_xy,γ_yz,γ_xz
0.000000000000e+00,0.000000000000e+00,-8.899131431761e-16,-1.908195823574e-17,0.000000000000e+00,0.000000000000e+00
0.000000000000e+00,0.000000000000e+00,-8.899131431761e-16,-1.561251128379e-17,0.000000000000e+00,0.000000000000e+00
0.000000000000e+00,0.000000000000e+00,-8.899131431761e-16,-8.673617379884e-18,0.000000000000e+00,0.000000000000e+00
