ε_xx,ε_yy,ε_zz,γ_xy,γ_yz,γ_xz
0.000000000000e+00,0.000000000000e+00,-8.018945068086e-05,-6.139778857299e-06,0.000000000000e+00,0.000000000000e+00
0.000000000000e+00,0.000000000000e+00,-8.018945068086e-05,-5.654509471317e-06,0.000000000000e+00,0.000000000000e+00
0.000000000000e+00,0.000000000000e+00,-8.018945068086e-05,-5.169240085335e-06,0.000000000000e+00,0.000000000000e+00
