ε_xx,ε_yy,ε_zz,γ_xy,γ_yz,γ_xz
0.000000000000e+00,0.000000000000e+00,-4.900466430355e-04,-8.620044607788e-06,0.000000000000e+00,0.000000000000e+00
0.000000000000e+00,0.000000000000e+00,-4.900466430355e-04,-5.654509471317e-06,0.000000000000e+00,0.000000000000e+00
0.000000000000e+00,0.000000000000e+00,-4.900466430355e-04,-2.688974334847e-06,0.000000000000e+00,0.000000000000e+00
