ε_xx,ε_yy,ε_zz,γ_xy,γ_yz,γ_xz
0.000000000000e+00,0.000000000000e+00,-6.071532165919e-17,-6.938893903907e-18,0.000000000000e+00,0.000000000000e+00
0.000000000000e+00,0.000000000000e+00,-6.071532165919e-17,-5.204170427930e-18,0.000000000000e+00,0.000000000000e+00
0.000000000000e+00,0.000000000000e+00,-6.071532165919e-17,-5.204170427930e-18,0.000000000000e+00,0.000000000000e+00
