ε_xx,ε_yy,ε_zz,γ_xy,γ_yz,γ_xz
0.000000000000e+00,0.000000000000e+00,-2.371366991660e-15,-2.688821387764e-17,0.000000000000e+00,0.000000000000e+00
0.000000000000e+00,0.000000000000e+00,-2.371366991660e-15,-1.301042606983e-17,0.000000000000e+00,0.000000000000e+00
0.000000000000e+00,0.000000000000e+00,-2.371366991660e-15,1.734723475977e-18,0.000000000000e+00,0.000000000000e+00
