ε_xx,ε_yy,ε_zz,γ_xy,γ_yz,γ_xz
0.000000000000e+00,0.000000000000e+00,-5.655198531684e-16,-1.214306433184e-17,0.000000000000e+00,0.000000000000e+00
0.000000000000e+00,0.000000000000e+00,-5.655198531684e-16,-8.673617379884e-18,0.000000000000e+00,0.000000000000e+00
0.000000000000e+00,0.000000000000e+00,-5.655198531684e-16,-3.469446951954e-18,0.000000000000e+00,0.000000000000e+00
