ε_xx,ε_yy,ε_zz,γ_xy,γ_yz,γ_xz
0.000000000000e+00,0.000000000000e+00,-3.831273754647e-04,-7.973018759834e-06,0.000000000000e+00,0.000000000000e+00
0.000000000000e+00,0.000000000000e+00,-3.831273754647e-04,-5.654509471317e-06,0.000000000000e+00,0.000000000000e+00
0.000000000000e+00,0.000000000000e+00,-3.831273754647e-04,-3.336000182800e-06,0.000000000000e+00,0.000000000000e+00
