ε_xx,ε_yy,ε_zz,γ_xy,γ_yz,γ_xz
0.000000000000e+00,0.000000000000e+00,-2.768618667659e-15,-2.992397996060e-17,0.000000000000e+00,0.000000000000e+00
0.000000000000e+00,0.000000000000e+00,-2.768618667659e-15,-1.344410693882e-17,0.000000000000e+00,0.000000000000e+00
0.000000000000e+00,0.000000000000e+00,-2.768618667659e-15,3.469446951954e-18,0.000000000000e+00,0.000000000000e+00
