ε_xx,ε_yy,ε_zz,γ_xy,γ_yz,γ_xz
0.000000000000e+00,0.000000000000e+00,-1.181346687140e-15,-1.908195823574e-17,0.000000000000e+00,0.000000000000e+00
0.000000000000e+00,0.000000000000e+00,-1.181346687140e-15,-1.214306433184e-17,0.000000000000e+00,0.000000000000e+00
0.000000000000e+00,0.000000000000e+00,-1.181346687140e-15,-5.204170427930e-18,0.000000000000e+00,0.000000000000e+00
