ε_xx,ε_yy,ε_zz,γ_xy,γ_yz,γ_xz
0.000000000000e+00,0.000000000000e+00,-2.589942149633e-15,-2.862293735362e-17,0.000000000000e+00,0.000000000000e+00
0.000000000000e+00,0.000000000000e+00,-2.589942149633e-15,-1.301042606983e-17,0.000000000000e+00,0.000000000000e+00
0.000000000000e+00,0.000000000000e+00,-2.589942149633e-15,2.602085213965e-18,0.000000000000e+00,0.000000000000e+00
