ε_xx,ε_yy,ε_zz,γ_xy,γ_yz,γ_xz
0.000000000000e+00,0.000000000000e+00,-5.435062768208e-04,-8.943557531765e-06,0.000000000000e+00,0.000000000000e+00
0.000000000000e+00,0.000000000000e+00,-5.435062768208e-04,-5.654509471317e-06,0.000000000000e+00,0.000000000000e+00
0.000000000000e+00,0.000000000000e+00,-5.435062768208e-04,-2.365461410870e-06,0.000000000000e+00,0.000000000000e+00
