ε_xx,ε_yy,ε_zz,γ_xy,γ_yz,γ_xz
0.000000000000e+00,0.000000000000e+00,-1.432881591157e-15,-2.255140518770e-17,0.000000000000e+00,0.000000000000e+00
0.000000000000e+00,0.000000000000e+00,-1.432881591157e-15,-1.561251128379e-17,0.000000000000e+00,0.000000000000e+00
0.000000000000e+00,0.000000000000e+00,-1.432881591157e-15,-5.204170427930e-18,0.000000000000e+00,0.000000000000e+00
