ε_xx,ε_yy,ε_zz,γ_xy,γ_yz,γ_xz
0.000000000000e+00,0.000000000000e+00,-6.869504964868e-16,-1.214306433184e-17,0.000000000000e+00,0.000000000000e+00
0.000000000000e+00,0.000000000000e+00,-6.869504964868e-16,-1.040834085586e-17,0.000000000000e+00,0.000000000000e+00
0.000000000000e+00,0.000000000000e+00,-6.869504964868e-16,-5.204170427930e-18,0.000000000000e+00,0.000000000000e+00
