ε_xx,ε_yy,ε_zz,γ_xy,γ_yz,γ_xz
0.000000000000e+00,0.000000000000e+00,-1.965441698282e-15,-2.428612866368e-17,0.000000000000e+00,0.000000000000e+00
0.000000000000e+00,0.000000000000e+00,-1.965441698282e-15,-1.301042606983e-17,0.000000000000e+00,0.000000000000e+00
0.000000000000e+00,0.000000000000e+00,-1.965441698282e-15,-8.673617379884e-19,0.000000000000e+00,0.000000000000e+00
