ε_xx,ε_yy,ε_zz,γ_xy,γ_yz,γ_xz
0.000000000000e+00,0.000000000000e+00,-2.159730727591e-15,-2.688821387764e-17,0.000000000000e+00,0.000000000000e+00
0.000000000000e+00,0.000000000000e+00,-2.159730727591e-15,-1.301042606983e-17,0.000000000000e+00,0.000000000000e+00
0.000000000000e+00,0.000000000000e+00,-2.159730727591e-15,0.000000000000e+00,0.000000000000e+00,0.000000000000e+00
