ε_xx,ε_yy,ε_zz,γ_xy,γ_yz,γ_xz
0.000000000000e+00,0.000000000000e+00,-2.081668171172e-17,-1.734723475977e-18,0.000000000000e+00,0.000000000000e+00
0.000000000000e+00,0.000000000000e+00,-2.081668171172e-17,-1.734723475977e-18,0.000000000000e+00,0.000000000000e+00
0.000000000000e+00,0.000000000000e+00,-2.081668171172e-17,-1.734723475977e-18,0.000000000000e+00,0.000000000000e+00
