ε_xx,ε_yy,ε_zz,γ_xy,γ_yz,γ_xz
0.000000000000e+00,0.000000000000e+00,-2.040034807749e-15,-2.515349040166e-17,0.000000000000e+00,0.000000000000e+00
0.000000000000e+00,0.000000000000e+00,-2.040034807749e-15,-1.301042606983e-17,0.000000000000e+00,0.000000000000e+00
0.000000000000e+00,0.000000000000e+00,-2.040034807749e-15,0.000000000000e+00,0.000000000000e+00,0.000000000000e+00
