ε_xx,ε_yy,ε_zz,γ_xy,γ_yz,γ_xz
0.000000000000e+00,0.000000000000e+00,-2.049285961801e-04,-6.894642346578e-06,0.000000000000e+00,0.000000000000e+00
0.000000000000e+00,0.000000000000e+00,-2.049285961801e-04,-5.654509471316e-06,0.000000000000e+00,0.000000000000e+00
0.000000000000e+00,0.000000000000e+00,-2.049285961801e-04,-4.414376596055e-06,0.000000000000e+00,0.000000000000e+00
