ε_xx,ε_yy,ε_zz,γ_xy,γ_yz,γ_xz
0.000000000000e+00,0.000000000000e+00,-1.158292065378e-04,-6.355454139950e-06,0.000000000000e+00,0.000000000000e+00
0.000000000000e+00,0.000000000000e+00,-1.158292065378e-04,-5.654509471317e-06,0.000000000000e+00,0.000000000000e+00
0.000000000000e+00,0.000000000000e+00,-1.158292065378e-04,-4.953564802684e-06,0.000000000000e+00,0.000000000000e+00
