N,Vy,Vz,T,My,Mz
0.000000000000e+00,-6.573364666721e+02,0.000000000000e+00,0.000000000000e+00,0.000000000000e+00,-1.289062500033e+02
0.000000000000e+00,-5.000000000039e+02,0.000000000000e+00,0.000000000000e+00,0.000000000000e+00,-1.289062500033e+02
0.000000000000e+00,-3.426635333358e+02,0.000000000000e+00,0.000000000000e+00,0.000000000000e+00,-1.289062500033e+02
