N,Vy,Vz,T,My,Mz
0.000000000000e+00,-4.908573547624e-09,0.000000000000e+00,0.000000000000e+00,0.000000000000e+00,-8.730868548967e-10
0.000000000000e+00,-3.681430160718e-09,0.000000000000e+00,0.000000000000e+00,0.000000000000e+00,-8.730868548967e-10
0.000000000000e+00,-3.067858467265e-09,0.000000000000e+00,0.000000000000e+00,0.000000000000e+00,-8.730868548967e-10
