N,Vy,Vz,T,My,Mz
0.000000000000e+00,-7.240852707125e+02,0.000000000000e+00,0.000000000000e+00,0.000000000000e+00,-1.835937500037e+02
0.000000000000e+00,-5.000000000045e+02,0.000000000000e+00,0.000000000000e+00,0.000000000000e+00,-1.835937500037e+02
0.000000000000e+00,-2.759147292964e+02,0.000000000000e+00,0.000000000000e+00,0.000000000000e+00,-1.835937500037e+02
