N,Vy,Vz,T,My,Mz
0.000000000000e+00,-7.145497272780e+02,0.000000000000e+00,0.000000000000e+00,0.000000000000e+00,-1.757812500036e+02
0.000000000000e+00,-5.000000000042e+02,0.000000000000e+00,0.000000000000e+00,0.000000000000e+00,-1.757812500036e+02
0.000000000000e+00,-2.854502727305e+02,0.000000000000e+00,0.000000000000e+00,0.000000000000e+00,-1.757812500036e+02
