N,Vy,Vz,T,My,Mz
0.000000000000e+00,-8.289762484892e+02,0.000000000000e+00,0.000000000000e+00,0.000000000000e+00,-2.695312500044e+02
0.000000000000e+00,-5.000000000041e+02,0.000000000000e+00,0.000000000000e+00,0.000000000000e+00,-2.695312500044e+02
0.000000000000e+00,-1.710237515191e+02,0.000000000000e+00,0.000000000000e+00,0.000000000000e+00,-2.695312500044e+02
