N,Vy,Vz,T,My,Mz
0.000000000000e+00,-9.052605959634e+02,0.000000000000e+00,0.000000000000e+00,0.000000000000e+00,-3.320312500049e+02
0.000000000000e+00,-5.000000000041e+02,0.000000000000e+00,0.000000000000e+00,0.000000000000e+00,-3.320312500049e+02
0.000000000000e+00,-9.473940404491e+01,0.000000000000e+00,0.000000000000e+00,0.000000000000e+00,-3.320312500049e+02
