N,Vy,Vz,T,My,Mz
0.000000000000e+00,-6.749288627983e-09,0.000000000000e+00,0.000000000000e+00,0.000000000000e+00,-2.196406652388e-09
0.000000000000e+00,-4.295001854171e-09,0.000000000000e+00,0.000000000000e+00,0.000000000000e+00,-2.196406652388e-09
0.000000000000e+00,-1.227143386906e-09,0.000000000000e+00,0.000000000000e+00,0.000000000000e+00,-2.196406652388e-09
