N,Vy,Vz,T,My,Mz
0.000000000000e+00,-7.362860321436e-09,0.000000000000e+00,0.000000000000e+00,0.000000000000e+00,-2.004753440338e-09
0.000000000000e+00,-4.908573547624e-09,0.000000000000e+00,0.000000000000e+00,0.000000000000e+00,-2.004753440338e-09
0.000000000000e+00,-2.454286773812e-09,0.000000000000e+00,0.000000000000e+00,0.000000000000e+00,-2.004753440338e-09
