N,Vy,Vz,T,My,Mz
0.000000000000e+00,-6.001232060668e+02,0.000000000000e+00,0.000000000000e+00,0.000000000000e+00,-8.203125000290e+01
0.000000000000e+00,-5.000000000042e+02,0.000000000000e+00,0.000000000000e+00,0.000000000000e+00,-8.203125000290e+01
0.000000000000e+00,-3.998767939417e+02,0.000000000000e+00,0.000000000000e+00,0.000000000000e+00,-8.203125000290e+01
