N,Vy,Vz,T,My,Mz
0.000000000000e+00,-6.749288627983e-09,0.000000000000e+00,0.000000000000e+00,0.000000000000e+00,-1.819184457241e-09
0.000000000000e+00,-4.601787700897e-09,0.000000000000e+00,0.000000000000e+00,0.000000000000e+00,-1.819184457241e-09
0.000000000000e+00,-2.147500927085e-09,0.000000000000e+00,0.000000000000e+00,0.000000000000e+00,-1.819184457241e-09
