N,Vy,Vz,T,My,Mz
0.000000000000e+00,-6.096587495009e+02,0.000000000000e+00,0.000000000000e+00,0.000000000000e+00,-8.984375000296e+01
0.000000000000e+00,-5.000000000042e+02,0.000000000000e+00,0.000000000000e+00,0.000000000000e+00,-8.984375000296e+01
0.000000000000e+00,-3.903412505070e+02,0.000000000000e+00,0.000000000000e+00,0.000000000000e+00,-8.984375000296e+01
