N,Vy,Vz,T,My,Mz
0.000000000000e+00,-5.715165757641e+02,0.000000000000e+00,0.000000000000e+00,0.000000000000e+00,-5.859375000271e+01
0.000000000000e+00,-5.000000000042e+02,0.000000000000e+00,0.000000000000e+00,0.000000000000e+00,-5.859375000271e+01
0.000000000000e+00,-4.284834242447e+02,0.000000000000e+00,0.000000000000e+00,0.000000000000e+00,-5.859375000271e+01
