N,Vy,Vz,T,My,Mz
0.000000000000e+00,-7.526919010154e+02,0.000000000000e+00,0.000000000000e+00,0.000000000000e+00,-2.070312500039e+02
0.000000000000e+00,-5.000000000044e+02,0.000000000000e+00,0.000000000000e+00,0.000000000000e+00,-2.070312500039e+02
0.000000000000e+00,-2.473080989934e+02,0.000000000000e+00,0.000000000000e+00,0.000000000000e+00,-2.070312500039e+02
