N,Vy,Vz,T,My,Mz
0.000000000000e+00,-1.019687117175e+03,0.000000000000e+00,0.000000000000e+00,0.000000000000e+00,-4.257812500057e+02
0.000000000000e+00,-5.000000000042e+02,0.000000000000e+00,0.000000000000e+00,0.000000000000e+00,-4.257812500057e+02
0.000000000000e+00,1.968711716627e+01,0.000000000000e+00,0.000000000000e+00,0.000000000000e+00,-4.257812500057e+02
