N,Vy,Vz,T,My,Mz
0.000000000000e+00,-6.191942929352e+02,0.000000000000e+00,0.000000000000e+00,0.000000000000e+00,-9.765625000302e+01
0.000000000000e+00,-5.000000000042e+02,0.000000000000e+00,0.000000000000e+00,0.000000000000e+00,-9.765625000302e+01
0.000000000000e+00,-3.808057070730e+02,0.000000000000e+00,0.000000000000e+00,0.000000000000e+00,-9.765625000302e+01
