N,Vy,Vz,T,My,Mz
0.000000000000e+00,-5.047677717237e+02,0.000000000000e+00,0.000000000000e+00,0.000000000000e+00,-3.906250002262e+00
0.000000000000e+00,-5.000000000039e+02,0.000000000000e+00,0.000000000000e+00,0.000000000000e+00,-3.906250002262e+00
0.000000000000e+00,-4.952322282838e+02,0.000000000000e+00,0.000000000000e+00,0.000000000000e+00,-3.906250002262e+00
