N,Vy,Vz,T,My,Mz
0.000000000000e+00,-4.908573547624e-09,0.000000000000e+00,0.000000000000e+00,0.000000000000e+00,-1.058655837993e-09
0.000000000000e+00,-3.681430160718e-09,0.000000000000e+00,0.000000000000e+00,0.000000000000e+00,-1.058655837993e-09
0.000000000000e+00,-2.454286773812e-09,0.000000000000e+00,0.000000000000e+00,0.000000000000e+00,-1.058655837993e-09
