N,Vy,Vz,T,My,Mz
0.000000000000e+00,-6.668720101066e+02,0.000000000000e+00,0.000000000000e+00,0.000000000000e+00,-1.367187500033e+02
0.000000000000e+00,-5.000000000042e+02,0.000000000000e+00,0.000000000000e+00,0.000000000000e+00,-1.367187500033e+02
0.000000000000e+00,-3.331279899017e+02,0.000000000000e+00,0.000000000000e+00,0.000000000000e+00,-1.367187500033e+02
