N,Vy,Vz,T,My,Mz
0.000000000000e+00,-6.478009232379e+02,0.000000000000e+00,0.000000000000e+00,0.000000000000e+00,-1.210937500032e+02
0.000000000000e+00,-5.000000000039e+02,0.000000000000e+00,0.000000000000e+00,0.000000000000e+00,-1.210937500032e+02
0.000000000000e+00,-3.521990767703e+02,0.000000000000e+00,0.000000000000e+00,0.000000000000e+00,-1.210937500032e+02
