N,Vy,Vz,T,My,Mz
0.000000000000e+00,-9.147961393976e+02,0.000000000000e+00,0.000000000000e+00,0.000000000000e+00,-3.398437500050e+02
0.000000000000e+00,-5.000000000041e+02,0.000000000000e+00,0.000000000000e+00,0.000000000000e+00,-3.398437500050e+02
0.000000000000e+00,-8.520386061065e+01,0.000000000000e+00,0.000000000000e+00,0.000000000000e+00,-3.398437500050e+02
