N,Vy,Vz,T,My,Mz
0.000000000000e+00,-8.194407050548e+02,0.000000000000e+00,0.000000000000e+00,0.000000000000e+00,-2.617187500044e+02
0.000000000000e+00,-5.000000000039e+02,0.000000000000e+00,0.000000000000e+00,0.000000000000e+00,-2.617187500044e+02
0.000000000000e+00,-1.805592949532e+02,0.000000000000e+00,0.000000000000e+00,0.000000000000e+00,-2.617187500044e+02
