N,Vy,Vz,T,My,Mz
0.000000000000e+00,-5.522145241077e-09,0.000000000000e+00,0.000000000000e+00,0.000000000000e+00,-1.168171959165e-09
0.000000000000e+00,-3.681430160718e-09,0.000000000000e+00,0.000000000000e+00,0.000000000000e+00,-1.168171959165e-09
0.000000000000e+00,-2.454286773812e-09,0.000000000000e+00,0.000000000000e+00,0.000000000000e+00,-1.168171959165e-09
