N,Vy,Vz,T,My,Mz
0.000000000000e+00,-4.295001854171e-09,0.000000000000e+00,0.000000000000e+00,0.000000000000e+00,-1.006939891884e-09
0.000000000000e+00,-3.067858467265e-09,0.000000000000e+00,0.000000000000e+00,0.000000000000e+00,-1.006939891884e-09
0.000000000000e+00,-1.227143386906e-09,0.000000000000e+00,0.000000000000e+00,0.000000000000e+00,-1.006939891884e-09
