N,Vy,Vz,T,My,Mz
0.000000000000e+00,-5.143033151584e+02,0.000000000000e+00,0.000000000000e+00,0.000000000000e+00,-1.171875000233e+01
0.000000000000e+00,-5.000000000045e+02,0.000000000000e+00,0.000000000000e+00,0.000000000000e+00,-1.171875000233e+01
0.000000000000e+00,-4.856966848504e+02,0.000000000000e+00,0.000000000000e+00,0.000000000000e+00,-1.171875000233e+01
