N,Vy,Vz,T,My,Mz
0.000000000000e+00,-1.029222660609e+03,0.000000000000e+00,0.000000000000e+00,0.000000000000e+00,-4.335937500058e+02
0.000000000000e+00,-5.000000000042e+02,0.000000000000e+00,0.000000000000e+00,0.000000000000e+00,-4.335937500058e+02
0.000000000000e+00,2.922266060054e+01,0.000000000000e+00,0.000000000000e+00,0.000000000000e+00,-4.335937500058e+02
