N,Vy,Vz,T,My,Mz
0.000000000000e+00,-1.038758204043e+03,0.000000000000e+00,0.000000000000e+00,0.000000000000e+00,-4.414062500058e+02
0.000000000000e+00,-5.000000000042e+02,0.000000000000e+00,0.000000000000e+00,0.000000000000e+00,-4.414062500058e+02
0.000000000000e+00,3.875820403482e+01,0.000000000000e+00,0.000000000000e+00,0.000000000000e+00,-4.414062500058e+02
