N,Vy,Vz,T,My,Mz
0.000000000000e+00,-8.575828787921e+02,0.000000000000e+00,0.000000000000e+00,0.000000000000e+00,-2.929687500046e+02
0.000000000000e+00,-5.000000000042e+02,0.000000000000e+00,0.000000000000e+00,0.000000000000e+00,-2.929687500046e+02
0.000000000000e+00,-1.424171212164e+02,0.000000000000e+00,0.000000000000e+00,0.000000000000e+00,-2.929687500046e+02
