N,Vy,Vz,T,My,Mz
0.000000000000e+00,-1.105507008083e+03,0.000000000000e+00,0.000000000000e+00,0.000000000000e+00,-4.960937500063e+02
0.000000000000e+00,-5.000000000042e+02,0.000000000000e+00,0.000000000000e+00,0.000000000000e+00,-4.960937500063e+02
0.000000000000e+00,1.055070080747e+02,0.000000000000e+00,0.000000000000e+00,0.000000000000e+00,-4.960937500063e+02
