N,Vy,Vz,T,My,Mz
0.000000000000e+00,-6.749288627983e-09,0.000000000000e+00,0.000000000000e+00,0.000000000000e+00,-2.141648591802e-09
0.000000000000e+00,-4.601787700897e-09,0.000000000000e+00,0.000000000000e+00,0.000000000000e+00,-2.141648591802e-09
0.000000000000e+00,-1.840715080359e-09,0.000000000000e+00,0.000000000000e+00,0.000000000000e+00,-2.141648591802e-09
