N,Vy,Vz,T,My,Mz
0.000000000000e+00,-5.828931087803e-09,0.000000000000e+00,0.000000000000e+00,0.000000000000e+00,-1.694457763685e-09
0.000000000000e+00,-3.988216007444e-09,0.000000000000e+00,0.000000000000e+00,0.000000000000e+00,-1.694457763685e-09
0.000000000000e+00,-1.840715080359e-09,0.000000000000e+00,0.000000000000e+00,0.000000000000e+00,-1.694457763685e-09
