N,Vy,Vz,T,My,Mz
0.000000000000e+00,6.135716934530e-10,0.000000000000e+00,0.000000000000e+00,0.000000000000e+00,6.084228953984e-12
0.000000000000e+00,1.227143386906e-09,0.000000000000e+00,0.000000000000e+00,0.000000000000e+00,6.084228953984e-12
0.000000000000e+00,6.135716934530e-10,0.000000000000e+00,0.000000000000e+00,0.000000000000e+00,6.084228953984e-12
