N,Vy,Vz,T,My,Mz
0.000000000000e+00,-6.135716934530e-09,0.000000000000e+00,0.000000000000e+00,0.000000000000e+00,-1.876984632304e-09
0.000000000000e+00,-3.988216007444e-09,0.000000000000e+00,0.000000000000e+00,0.000000000000e+00,-1.876984632304e-09
0.000000000000e+00,-1.533929233632e-09,0.000000000000e+00,0.000000000000e+00,0.000000000000e+00,-1.876984632304e-09
