N,Vy,Vz,T,My,Mz
0.000000000000e+00,-4.295001854171e-09,0.000000000000e+00,0.000000000000e+00,0.000000000000e+00,-9.187185720516e-10
0.000000000000e+00,-3.067858467265e-09,0.000000000000e+00,0.000000000000e+00,0.000000000000e+00,-9.187185720516e-10
0.000000000000e+00,-1.840715080359e-09,0.000000000000e+00,0.000000000000e+00,0.000000000000e+00,-9.187185720516e-10
