N,Vy,Vz,T,My,Mz
0.000000000000e+00,-3.067858467265e-09,0.000000000000e+00,0.000000000000e+00,0.000000000000e+00,-5.536648348126e-10
0.000000000000e+00,-3.067858467265e-09,0.000000000000e+00,0.000000000000e+00,0.000000000000e+00,-5.536648348126e-10
0.000000000000e+00,-2.454286773812e-09,0.000000000000e+00,0.000000000000e+00,0.000000000000e+00,-5.536648348126e-10
