N,Vy,Vz,T,My,Mz
0.000000000000e+00,-6.859430969751e+02,0.000000000000e+00,0.000000000000e+00,0.000000000000e+00,-1.523437500034e+02
0.000000000000e+00,-5.000000000042e+02,0.000000000000e+00,0.000000000000e+00,0.000000000000e+00,-1.523437500034e+02
0.000000000000e+00,-3.140569030332e+02,0.000000000000e+00,0.000000000000e+00,0.000000000000e+00,-1.523437500034e+02
