N,Vy,Vz,T,My,Mz
0.000000000000e+00,-1.840715080359e-09,0.000000000000e+00,0.000000000000e+00,0.000000000000e+00,-2.403270436824e-10
0.000000000000e+00,-1.840715080359e-09,0.000000000000e+00,0.000000000000e+00,0.000000000000e+00,-2.403270436824e-10
0.000000000000e+00,-1.840715080359e-09,0.000000000000e+00,0.000000000000e+00,0.000000000000e+00,-2.403270436824e-10
