N,Vy,Vz,T,My,Mz
0.000000000000e+00,-8.003696181865e+02,0.000000000000e+00,0.000000000000e+00,0.000000000000e+00,-2.460937500042e+02
0.000000000000e+00,-5.000000000042e+02,0.000000000000e+00,0.000000000000e+00,0.000000000000e+00,-2.460937500042e+02
0.000000000000e+00,-1.996303818219e+02,0.000000000000e+00,0.000000000000e+00,0.000000000000e+00,-2.460937500042e+02
