N,Vy,Vz,T,My,Mz
0.000000000000e+00,-7.431563575809e+02,0.000000000000e+00,0.000000000000e+00,0.000000000000e+00,-1.992187500038e+02
0.000000000000e+00,-5.000000000044e+02,0.000000000000e+00,0.000000000000e+00,0.000000000000e+00,-1.992187500038e+02
0.000000000000e+00,-2.568436424278e+02,0.000000000000e+00,0.000000000000e+00,0.000000000000e+00,-1.992187500038e+02
