N,Vy,Vz,T,My,Mz
0.000000000000e+00,-6.135716934530e-09,0.000000000000e+00,0.000000000000e+00,0.000000000000e+00,-1.636657588622e-09
0.000000000000e+00,-4.295001854171e-09,0.000000000000e+00,0.000000000000e+00,0.000000000000e+00,-1.636657588622e-09
0.000000000000e+00,-2.147500927085e-09,0.000000000000e+00,0.000000000000e+00,0.000000000000e+00,-1.636657588622e-09
