N,Vy,Vz,T,My,Mz
0.000000000000e+00,-1.000616030306e+03,0.000000000000e+00,0.000000000000e+00,0.000000000000e+00,-4.101562500056e+02
0.000000000000e+00,-5.000000000042e+02,0.000000000000e+00,0.000000000000e+00,0.000000000000e+00,-4.101562500056e+02
0.000000000000e+00,6.160302977199e-01,0.000000000000e+00,0.000000000000e+00,0.000000000000e+00,-4.101562500056e+02
