N,Vy,Vz,T,My,Mz
0.000000000000e+00,-6.287298363695e+02,0.000000000000e+00,0.000000000000e+00,0.000000000000e+00,-1.054687500031e+02
0.000000000000e+00,-5.000000000042e+02,0.000000000000e+00,0.000000000000e+00,0.000000000000e+00,-1.054687500031e+02
0.000000000000e+00,-3.712701636389e+02,0.000000000000e+00,0.000000000000e+00,0.000000000000e+00,-1.054687500031e+02
