N,Vy,Vz,T,My,Mz
0.000000000000e+00,-6.382653798036e+02,0.000000000000e+00,0.000000000000e+00,0.000000000000e+00,-1.132812500031e+02
0.000000000000e+00,-5.000000000039e+02,0.000000000000e+00,0.000000000000e+00,0.000000000000e+00,-1.132812500031e+02
0.000000000000e+00,-3.617346202043e+02,0.000000000000e+00,0.000000000000e+00,0.000000000000e+00,-1.132812500031e+02
