N,Vy,Vz,T,My,Mz
0.000000000000e+00,-1.067364834346e+03,0.000000000000e+00,0.000000000000e+00,0.000000000000e+00,-4.648437500060e+02
0.000000000000e+00,-5.000000000042e+02,0.000000000000e+00,0.000000000000e+00,0.000000000000e+00,-4.648437500060e+02
0.000000000000e+00,6.736483433764e+01,0.000000000000e+00,0.000000000000e+00,0.000000000000e+00,-4.648437500060e+02
