N,Vy,Vz,T,My,Mz
0.000000000000e+00,-5.522145241077e-09,0.000000000000e+00,0.000000000000e+00,0.000000000000e+00,-1.758342167701e-09
0.000000000000e+00,-3.681430160718e-09,0.000000000000e+00,0.000000000000e+00,0.000000000000e+00,-1.758342167701e-09
0.000000000000e+00,-1.227143386906e-09,0.000000000000e+00,0.000000000000e+00,0.000000000000e+00,-1.758342167701e-09
