N,Vy,Vz,T,My,Mz
0.000000000000e+00,-5.905876626325e+02,0.000000000000e+00,0.000000000000e+00,0.000000000000e+00,-7.421875000284e+01
0.000000000000e+00,-5.000000000039e+02,0.000000000000e+00,0.000000000000e+00,0.000000000000e+00,-7.421875000284e+01
0.000000000000e+00,-4.094123373757e+02,0.000000000000e+00,0.000000000000e+00,0.000000000000e+00,-7.421875000284e+01
