Local DOF,R_e Value
0,0.000000000000e+00
1,-2.187370981652e-04
2,0.000000000000e+00
3,0.000000000000e+00
4,-0.000000000000e+00
5,-1.887529469887e-06
6,0.000000000000e+00
7,-2.206261999669e-04
8,0.000000000000e+00
9,0.000000000000e+00
10,-0.000000000000e+00
11,-1.891197230325e-06
