Local DOF,R_e Value
0,0.000000000000e+00
1,-1.519491361165e-06
2,0.000000000000e+00
3,0.000000000000e+00
4,-0.000000000000e+00
5,-2.172100928932e-07
6,0.000000000000e+00
7,-1.743145891793e-06
8,0.000000000000e+00
9,0.000000000000e+00
10,-0.000000000000e+00
11,-2.322461005187e-07
