Local DOF,R_e Value
0,0.000000000000e+00
1,-1.857048802192e-05
2,0.000000000000e+00
3,0.000000000000e+00
4,-0.000000000000e+00
5,-7.182704314953e-07
6,0.000000000000e+00
7,-1.929421752129e-05
8,0.000000000000e+00
9,0.000000000000e+00
10,-0.000000000000e+00
11,-7.310072427800e-07
