Local DOF,R_e Value
0,0.000000000000e+00
1,-2.637204382351e-05
2,0.000000000000e+00
3,0.000000000000e+00
4,-0.000000000000e+00
5,-8.427645489866e-07
6,0.000000000000e+00
7,-2.721999372653e-05
8,0.000000000000e+00
9,0.000000000000e+00
10,-0.000000000000e+00
11,-8.548626946369e-07
