Local DOF,R_e Value
0,0.000000000000e+00
1,-6.654111610205e-05
2,0.000000000000e+00
3,0.000000000000e+00
4,-0.000000000000e+00
5,-1.257595887956e-06
6,0.000000000000e+00
7,-6.780285723140e-05
8,0.000000000000e+00
9,0.000000000000e+00
10,-0.000000000000e+00
11,-1.267267104103e-06
