Local DOF,R_e Value
0,0.000000000000e+00
1,-6.863234923849e-06
2,0.000000000000e+00
3,0.000000000000e+00
4,-0.000000000000e+00
5,-4.501222271308e-07
6,0.000000000000e+00
7,-7.319363646554e-06
8,0.000000000000e+00
9,0.000000000000e+00
10,-0.000000000000e+00
11,-4.641363697176e-07
