Local DOF,R_e Value
0,0.000000000000e+00
1,-8.094014200471e-05
2,0.000000000000e+00
3,0.000000000000e+00
4,-0.000000000000e+00
5,-1.360466604856e-06
6,0.000000000000e+00
7,-8.230445276575e-05
8,0.000000000000e+00
9,0.000000000000e+00
10,-0.000000000000e+00
11,-1.369435288858e-06
