Local DOF,R_e Value
0,0.000000000000e+00
1,-3.795162515645e-07
2,0.000000000000e+00
3,0.000000000000e+00
4,-0.000000000000e+00
5,-1.101697763677e-07
6,0.000000000000e+00
7,-4.963220652726e-07
8,0.000000000000e+00
9,0.000000000000e+00
10,-0.000000000000e+00
11,-1.256528497409e-07
