Local DOF,R_e Value
0,0.000000000000e+00
1,-8.925884892896e-05
2,0.000000000000e+00
3,0.000000000000e+00
4,-0.000000000000e+00
5,-1.413320710425e-06
6,0.000000000000e+00
7,-9.067584956726e-05
8,0.000000000000e+00
9,0.000000000000e+00
10,-0.000000000000e+00
11,-1.421906195043e-06
