Local DOF,R_e Value
0,0.000000000000e+00
1,-8.645077745832e-05
2,0.000000000000e+00
3,0.000000000000e+00
4,-0.000000000000e+00
5,-1.395958141491e-06
6,0.000000000000e+00
7,-8.785047027046e-05
8,0.000000000000e+00
9,0.000000000000e+00
10,-0.000000000000e+00
11,-1.404671359240e-06
