Local DOF,R_e Value
0,0.000000000000e+00
1,-3.255894407452e-05
2,0.000000000000e+00
3,0.000000000000e+00
4,-0.000000000000e+00
5,-9.261103707127e-07
6,0.000000000000e+00
7,-3.349004819957e-05
8,0.000000000000e+00
9,0.000000000000e+00
10,-0.000000000000e+00
11,-9.377614504180e-07
