Local DOF,R_e Value
0,0.000000000000e+00
1,-3.349004819957e-05
2,0.000000000000e+00
3,0.000000000000e+00
4,-0.000000000000e+00
5,-9.377614504180e-07
6,0.000000000000e+00
7,-3.443277603295e-05
8,0.000000000000e+00
9,0.000000000000e+00
10,-0.000000000000e+00
11,-9.493486635593e-07
