Local DOF,R_e Value
0,0.000000000000e+00
1,-2.808001440382e-05
2,0.000000000000e+00
3,0.000000000000e+00
4,-0.000000000000e+00
5,-8.668969737246e-07
6,0.000000000000e+00
7,-2.895204198880e-05
8,0.000000000000e+00
9,0.000000000000e+00
10,-0.000000000000e+00
11,-8.788673862492e-07
