Local DOF,R_e Value
0,0.000000000000e+00
1,-9.935533844500e-05
2,0.000000000000e+00
3,0.000000000000e+00
4,-0.000000000000e+00
5,-1.472077904812e-06
6,0.000000000000e+00
7,-1.008309046780e-04
8,0.000000000000e+00
9,0.000000000000e+00
10,-0.000000000000e+00
11,-1.480216323457e-06
