Local DOF,R_e Value
0,0.000000000000e+00
1,-1.982155098454e-04
2,0.000000000000e+00
3,0.000000000000e+00
4,-0.000000000000e+00
5,-1.842968915847e-06
6,0.000000000000e+00
7,-2.000603521780e-04
8,0.000000000000e+00
9,0.000000000000e+00
10,-0.000000000000e+00
11,-1.847339207854e-06
