Local DOF,R_e Value
0,0.000000000000e+00
1,-2.056206812336e-04
2,0.000000000000e+00
3,0.000000000000e+00
4,-0.000000000000e+00
5,-1.860066884808e-06
6,0.000000000000e+00
7,-2.074825120497e-04
8,0.000000000000e+00
9,0.000000000000e+00
10,-0.000000000000e+00
11,-1.864181710768e-06
