Local DOF,R_e Value
0,-0.000000000000e+00
1,-3.303572287171e-04
2,-0.000000000000e+00
3,-0.000000000000e+00
4,-0.000000000000e+00
5,-1.994660916488e-06
6,0.000000000000e+00
7,-3.323519017986e-04
8,0.000000000000e+00
9,0.000000000000e+00
10,-0.000000000000e+00
11,-1.994688287820e-06
