Local DOF,R_e Value
0,0.000000000000e+00
1,-1.890586773199e-04
2,0.000000000000e+00
3,0.000000000000e+00
4,-0.000000000000e+00
5,-1.820159458124e-06
6,0.000000000000e+00
7,-1.908808470516e-04
8,0.000000000000e+00
9,0.000000000000e+00
10,-0.000000000000e+00
11,-1.824849082702e-06
