Local DOF,R_e Value
0,0.000000000000e+00
1,-1.435279419459e-04
2,0.000000000000e+00
3,0.000000000000e+00
4,-0.000000000000e+00
5,-1.675812063350e-06
6,0.000000000000e+00
7,-1.452064759386e-04
8,0.000000000000e+00
9,0.000000000000e+00
10,-0.000000000000e+00
11,-1.682162218109e-06
