Local DOF,R_e Value
0,0.000000000000e+00
1,-2.358647036017e-04
2,0.000000000000e+00
3,0.000000000000e+00
4,-0.000000000000e+00
5,-1.918240120007e-06
6,0.000000000000e+00
7,-2.377842697113e-04
8,0.000000000000e+00
9,0.000000000000e+00
10,-0.000000000000e+00
11,-1.921333082008e-06
