sigma1,sigma2,sigma3
0.000000000000e+00,0.000000000000e+00,0.000000000000e+00
1.711189393308e-12,0.000000000000e+00,0.000000000000e+00
0.000000000000e+00,0.000000000000e+00,0.000000000000e+00
