ε_xx,ε_yy,ε_zz,γ_xy,γ_yz,γ_xz
0.000000000000e+00,0.000000000000e+00,-1.123818077280e-03,-1.228058784213e-05,0.000000000000e+00,0.000000000000e+00
0.000000000000e+00,0.000000000000e+00,-1.123818077280e-03,-5.479761752328e-06,0.000000000000e+00,0.000000000000e+00
0.000000000000e+00,0.000000000000e+00,-1.123818077280e-03,1.321064337473e-06,0.000000000000e+00,0.000000000000e+00
