ε_xx,ε_yy,ε_zz,γ_xy,γ_yz,γ_xz
0.000000000000e+00,0.000000000000e+00,-5.815424640246e-06,-5.948681287421e-07,0.000000000000e+00,0.000000000000e+00
0.000000000000e+00,0.000000000000e+00,-5.815424640246e-06,-5.596758743953e-07,0.000000000000e+00,0.000000000000e+00
0.000000000000e+00,0.000000000000e+00,-5.815424640246e-06,-5.244836200485e-07,0.000000000000e+00,0.000000000000e+00
