ε_xx,ε_yy,ε_zz,γ_xy,γ_yz,γ_xz
0.000000000000e+00,0.000000000000e+00,-1.021163442359e-03,-1.155376167028e-05,0.000000000000e+00,0.000000000000e+00
0.000000000000e+00,0.000000000000e+00,-1.021163442359e-03,-5.374153848383e-06,0.000000000000e+00,0.000000000000e+00
0.000000000000e+00,0.000000000000e+00,-1.021163442359e-03,8.054539735129e-07,0.000000000000e+00,0.000000000000e+00
