ε_xx,ε_yy,ε_zz,γ_xy,γ_yz,γ_xz
0.000000000000e+00,0.000000000000e+00,-6.942762499629e-08,-4.448095776433e-08,0.000000000000e+00,0.000000000000e+00
0.000000000000e+00,0.000000000000e+00,-6.942762499629e-08,-4.406081396957e-08,0.000000000000e+00,0.000000000000e+00
0.000000000000e+00,0.000000000000e+00,-6.942762499629e-08,-4.364067016094e-08,0.000000000000e+00,0.000000000000e+00
