ε_xx,ε_yy,ε_zz,γ_xy,γ_yz,γ_xz
0.000000000000e+00,0.000000000000e+00,-1.004258631404e-03,-1.143144440571e-05,0.000000000000e+00,0.000000000000e+00
0.000000000000e+00,0.000000000000e+00,-1.004258631404e-03,-5.354136663973e-06,0.000000000000e+00,0.000000000000e+00
0.000000000000e+00,0.000000000000e+00,-1.004258631404e-03,7.231710777659e-07,0.000000000000e+00,0.000000000000e+00
