ε_xx,ε_yy,ε_zz,γ_xy,γ_yz,γ_xz
0.000000000000e+00,0.000000000000e+00,-4.954164982231e-04,-7.304371608424e-06,0.000000000000e+00,0.000000000000e+00
0.000000000000e+00,0.000000000000e+00,-4.954164982231e-04,-4.306340597393e-06,0.000000000000e+00,0.000000000000e+00
0.000000000000e+00,0.000000000000e+00,-4.954164982231e-04,-1.308309586376e-06,0.000000000000e+00,0.000000000000e+00
