ε_xx,ε_yy,ε_zz,γ_xy,γ_yz,γ_xz
0.000000000000e+00,0.000000000000e+00,-9.868330226231e-06,-7.857441396419e-07,0.000000000000e+00,0.000000000000e+00
0.000000000000e+00,0.000000000000e+00,-9.868330226231e-06,-7.260255792813e-07,0.000000000000e+00,0.000000000000e+00
0.000000000000e+00,0.000000000000e+00,-9.868330226231e-06,-6.663070189344e-07,0.000000000000e+00,0.000000000000e+00
