ε_xx,ε_yy,ε_zz,γ_xy,γ_yz,γ_xz
0.000000000000e+00,0.000000000000e+00,-3.668666280939e-04,-6.060530156747e-06,0.000000000000e+00,0.000000000000e+00
0.000000000000e+00,0.000000000000e+00,-3.668666280939e-04,-3.840423374112e-06,0.000000000000e+00,0.000000000000e+00
0.000000000000e+00,0.000000000000e+00,-3.668666280939e-04,-1.620316591476e-06,0.000000000000e+00,0.000000000000e+00
