ε_xx,ε_yy,ε_zz,γ_xy,γ_yz,γ_xz
0.000000000000e+00,0.000000000000e+00,-1.592544638704e-04,-3.665248803561e-06,0.000000000000e+00,0.000000000000e+00
0.000000000000e+00,0.000000000000e+00,-1.592544638704e-04,-2.701514606074e-06,0.000000000000e+00,0.000000000000e+00
0.000000000000e+00,0.000000000000e+00,-1.592544638704e-04,-1.737780408614e-06,0.000000000000e+00,0.000000000000e+00
