ε_xx,ε_yy,ε_zz,γ_xy,γ_yz,γ_xz
0.000000000000e+00,0.000000000000e+00,-1.678682024712e-04,-3.780877948792e-06,0.000000000000e+00,0.000000000000e+00
0.000000000000e+00,0.000000000000e+00,-1.678682024712e-04,-2.765017397960e-06,0.000000000000e+00,0.000000000000e+00
0.000000000000e+00,0.000000000000e+00,-1.678682024712e-04,-1.749156847156e-06,0.000000000000e+00,0.000000000000e+00
