ε_xx,ε_yy,ε_zz,γ_xy,γ_yz,γ_xz
0.000000000000e+00,0.000000000000e+00,-1.245775767225e-03,-1.311042220084e-05,0.000000000000e+00,0.000000000000e+00
0.000000000000e+00,0.000000000000e+00,-1.245775767225e-03,-5.571564701508e-06,0.000000000000e+00,0.000000000000e+00
0.000000000000e+00,0.000000000000e+00,-1.245775767225e-03,1.967292797822e-06,0.000000000000e+00,0.000000000000e+00
