ε_xx,ε_yy,ε_zz,γ_xy,γ_yz,γ_xz
0.000000000000e+00,0.000000000000e+00,-2.451157708337e-05,-1.278153208994e-06,0.000000000000e+00,0.000000000000e+00
0.000000000000e+00,0.000000000000e+00,-2.451157708337e-05,-1.129820506138e-06,0.000000000000e+00,0.000000000000e+00
0.000000000000e+00,0.000000000000e+00,-2.451157708337e-05,-9.814878032810e-07,0.000000000000e+00,0.000000000000e+00
