ε_xx,ε_yy,ε_zz,γ_xy,γ_yz,γ_xz
0.000000000000e+00,0.000000000000e+00,-1.118736446437e-04,-2.983010093605e-06,0.000000000000e+00,0.000000000000e+00
0.000000000000e+00,0.000000000000e+00,-1.118736446437e-04,-2.306002652080e-06,0.000000000000e+00,0.000000000000e+00
0.000000000000e+00,0.000000000000e+00,-1.118736446437e-04,-1.628995210542e-06,0.000000000000e+00,0.000000000000e+00
