ε_xx,ε_yy,ε_zz,γ_xy,γ_yz,γ_xz
0.000000000000e+00,0.000000000000e+00,-2.236542961507e-04,-4.484991078670e-06,0.000000000000e+00,0.000000000000e+00
0.000000000000e+00,0.000000000000e+00,-2.236542961507e-04,-3.131538946946e-06,0.000000000000e+00,0.000000000000e+00
0.000000000000e+00,0.000000000000e+00,-2.236542961507e-04,-1.778086815236e-06,0.000000000000e+00,0.000000000000e+00
