ε_xx,ε_yy,ε_zz,γ_xy,γ_yz,γ_xz
0.000000000000e+00,0.000000000000e+00,-9.539379238696e-04,-1.106273376880e-05,0.000000000000e+00,0.000000000000e+00
0.000000000000e+00,0.000000000000e+00,-9.539379238696e-04,-5.289943624325e-06,0.000000000000e+00,0.000000000000e+00
0.000000000000e+00,0.000000000000e+00,-9.539379238696e-04,4.828465201487e-07,0.000000000000e+00,0.000000000000e+00
