ε_xx,ε_yy,ε_zz,γ_xy,γ_yz,γ_xz
0.000000000000e+00,0.000000000000e+00,-6.825313797624e-04,-8.939204493113e-06,0.000000000000e+00,0.000000000000e+00
0.000000000000e+00,0.000000000000e+00,-6.825313797624e-04,-4.808840950794e-06,0.000000000000e+00,0.000000000000e+00
0.000000000000e+00,0.000000000000e+00,-6.825313797624e-04,-6.784774084778e-07,0.000000000000e+00,0.000000000000e+00
