ε_xx,ε_yy,ε_zz,γ_xy,γ_yz,γ_xz
0.000000000000e+00,0.000000000000e+00,-9.042534851696e-04,-1.069166130630e-05,0.000000000000e+00,0.000000000000e+00
0.000000000000e+00,0.000000000000e+00,-9.042534851696e-04,-5.219538355033e-06,0.000000000000e+00,0.000000000000e+00
0.000000000000e+00,0.000000000000e+00,-9.042534851696e-04,2.525845962369e-07,0.000000000000e+00,0.000000000000e+00
