ε_xx,ε_yy,ε_zz,γ_xy,γ_yz,γ_xz
0.000000000000e+00,0.000000000000e+00,-4.538155740896e-05,-1.790987389658e-06,0.000000000000e+00,0.000000000000e+00
0.000000000000e+00,0.000000000000e+00,-4.538155740896e-05,-1.516359239548e-06,0.000000000000e+00,0.000000000000e+00
0.000000000000e+00,0.000000000000e+00,-4.538155740896e-05,-1.241731089452e-06,0.000000000000e+00,0.000000000000e+00
