ε_xx,ε_yy,ε_zz,γ_xy,γ_yz,γ_xz
0.000000000000e+00,0.000000000000e+00,-1.072241146661e-03,-1.191877032789e-05,0.000000000000e+00,0.000000000000e+00
0.000000000000e+00,0.000000000000e+00,-1.072241146661e-03,-5.430063915178e-06,0.000000000000e+00,0.000000000000e+00
0.000000000000e+00,0.000000000000e+00,-1.072241146661e-03,1.058642497538e-06,0.000000000000e+00,0.000000000000e+00
