ε_xx,ε_yy,ε_zz,γ_xy,γ_yz,γ_xz
0.000000000000e+00,0.000000000000e+00,-4.685492762654e-04,-7.054122171911e-06,0.000000000000e+00,0.000000000000e+00
0.000000000000e+00,0.000000000000e+00,-4.685492762654e-04,-4.218679134645e-06,0.000000000000e+00,0.000000000000e+00
0.000000000000e+00,0.000000000000e+00,-4.685492762654e-04,-1.383236097371e-06,0.000000000000e+00,0.000000000000e+00
