ε_xx,ε_yy,ε_zz,γ_xy,γ_yz,γ_xz
0.000000000000e+00,0.000000000000e+00,-1.511719825558e-03,-1.480262209965e-05,0.000000000000e+00,0.000000000000e+00
0.000000000000e+00,0.000000000000e+00,-1.511719825558e-03,-5.654394430093e-06,0.000000000000e+00,0.000000000000e+00
0.000000000000e+00,0.000000000000e+00,-1.511719825558e-03,3.493833239467e-06,0.000000000000e+00,0.000000000000e+00
