ε_xx,ε_yy,ε_zz,γ_xy,γ_yz,γ_xz
0.000000000000e+00,0.000000000000e+00,-7.753189533693e-04,-9.693290998508e-06,0.000000000000e+00,0.000000000000e+00
0.000000000000e+00,0.000000000000e+00,-7.753189533693e-04,-5.001420069761e-06,0.000000000000e+00,0.000000000000e+00
0.000000000000e+00,0.000000000000e+00,-7.753189533693e-04,-3.095491410143e-07,0.000000000000e+00,0.000000000000e+00
