ε_xx,ε_yy,ε_zz,γ_xy,γ_yz,γ_xz
0.000000000000e+00,0.000000000000e+00,-5.027883343149e-05,-1.895860437640e-06,0.000000000000e+00,0.000000000000e+00
0.000000000000e+00,0.000000000000e+00,-5.027883343149e-05,-1.591596243022e-06,0.000000000000e+00,0.000000000000e+00
0.000000000000e+00,0.000000000000e+00,-5.027883343149e-05,-1.287332048419e-06,0.000000000000e+00,0.000000000000e+00
