ε_xx,ε_yy,ε_zz,γ_xy,γ_yz,γ_xz
0.000000000000e+00,0.000000000000e+00,-2.042917835257e-04,-4.248405268518e-06,0.000000000000e+00,0.000000000000e+00
0.000000000000e+00,0.000000000000e+00,-2.042917835257e-04,-3.012126088268e-06,0.000000000000e+00,0.000000000000e+00
0.000000000000e+00,0.000000000000e+00,-2.042917835257e-04,-1.775846908018e-06,0.000000000000e+00,0.000000000000e+00
