ε_xx,ε_yy,ε_zz,γ_xy,γ_yz,γ_xz
0.000000000000e+00,0.000000000000e+00,-2.971674558947e-04,-5.326060848278e-06,0.000000000000e+00,0.000000000000e+00
0.000000000000e+00,0.000000000000e+00,-2.971674558947e-04,-3.527741148722e-06,0.000000000000e+00,0.000000000000e+00
0.000000000000e+00,0.000000000000e+00,-2.971674558947e-04,-1.729421449173e-06,0.000000000000e+00,0.000000000000e+00
