ε_xx,ε_yy,ε_zz,γ_xy,γ_yz,γ_xz
0.000000000000e+00,0.000000000000e+00,-3.429795370886e-04,-5.814510136662e-06,0.000000000000e+00,0.000000000000e+00
0.000000000000e+00,0.000000000000e+00,-3.429795370886e-04,-3.738956956607e-06,0.000000000000e+00,0.000000000000e+00
0.000000000000e+00,0.000000000000e+00,-3.429795370886e-04,-1.663403776553e-06,0.000000000000e+00,0.000000000000e+00
