ε_xx,ε_yy,ε_zz,γ_xy,γ_yz,γ_xz
0.000000000000e+00,0.000000000000e+00,-5.367315545586e-04,-7.680706515023e-06,0.000000000000e+00,0.000000000000e+00
0.000000000000e+00,0.000000000000e+00,-5.367315545586e-04,-4.432655933480e-06,0.000000000000e+00,0.000000000000e+00
0.000000000000e+00,0.000000000000e+00,-5.367315545586e-04,-1.184605351937e-06,0.000000000000e+00,0.000000000000e+00
