ε_xx,ε_yy,ε_zz,γ_xy,γ_yz,γ_xz
0.000000000000e+00,0.000000000000e+00,-7.439880608172e-04,-9.442258910631e-06,0.000000000000e+00,0.000000000000e+00
0.000000000000e+00,0.000000000000e+00,-7.439880608172e-04,-4.939988021063e-06,0.000000000000e+00,0.000000000000e+00
0.000000000000e+00,0.000000000000e+00,-7.439880608172e-04,-4.377171314955e-07,0.000000000000e+00,0.000000000000e+00
