ε_xx,ε_yy,ε_zz,γ_xy,γ_yz,γ_xz
0.000000000000e+00,0.000000000000e+00,-4.422432760491e-04,-6.804507998295e-06,0.000000000000e+00,0.000000000000e+00
0.000000000000e+00,0.000000000000e+00,-4.422432760491e-04,-4.128256680939e-06,0.000000000000e+00,0.000000000000e+00
0.000000000000e+00,0.000000000000e+00,-4.422432760491e-04,-1.452005363577e-06,0.000000000000e+00,0.000000000000e+00
