ε_xx,ε_yy,ε_zz,γ_xy,γ_yz,γ_xz
0.000000000000e+00,0.000000000000e+00,-1.089380887648e-03,-1.203974828916e-05,0.000000000000e+00,0.000000000000e+00
0.000000000000e+00,0.000000000000e+00,-1.089380887648e-03,-5.447320108633e-06,0.000000000000e+00,0.000000000000e+00
0.000000000000e+00,0.000000000000e+00,-1.089380887648e-03,1.145108071892e-06,0.000000000000e+00,0.000000000000e+00
