ε_xx,ε_yy,ε_zz,γ_xy,γ_yz,γ_xz
0.000000000000e+00,0.000000000000e+00,-5.228275396976e-04,-7.555150997617e-06,0.000000000000e+00,0.000000000000e+00
0.000000000000e+00,0.000000000000e+00,-5.228275396976e-04,-4.391241069199e-06,0.000000000000e+00,0.000000000000e+00
0.000000000000e+00,0.000000000000e+00,-5.228275396976e-04,-1.227331140781e-06,0.000000000000e+00,0.000000000000e+00
