ε_xx,ε_yy,ε_zz,γ_xy,γ_yz,γ_xz
0.000000000000e+00,0.000000000000e+00,-6.081495589771e-04,-8.309615779373e-06,0.000000000000e+00,0.000000000000e+00
0.000000000000e+00,0.000000000000e+00,-6.081495589771e-04,-4.629376538869e-06,0.000000000000e+00,0.000000000000e+00
0.000000000000e+00,0.000000000000e+00,-6.081495589771e-04,-9.491372983672e-07,0.000000000000e+00,0.000000000000e+00
