ε_xx,ε_yy,ε_zz,γ_xy,γ_yz,γ_xz
0.000000000000e+00,0.000000000000e+00,-2.107608792223e-05,-1.177984731121e-06,0.000000000000e+00,0.000000000000e+00
0.000000000000e+00,0.000000000000e+00,-2.107608792223e-05,-1.050442016232e-06,0.000000000000e+00,0.000000000000e+00
0.000000000000e+00,0.000000000000e+00,-2.107608792223e-05,-9.228993013422e-07,0.000000000000e+00,0.000000000000e+00
