ε_xx,ε_yy,ε_zz,γ_xy,γ_yz,γ_xz
0.000000000000e+00,0.000000000000e+00,-4.819138221656e-04,-7.179174064190e-06,0.000000000000e+00,0.000000000000e+00
0.000000000000e+00,0.000000000000e+00,-4.819138221656e-04,-4.262854989882e-06,0.000000000000e+00,0.000000000000e+00
0.000000000000e+00,0.000000000000e+00,-4.819138221656e-04,-1.346535915582e-06,0.000000000000e+00,0.000000000000e+00
