ε_xx,ε_yy,ε_zz,γ_xy,γ_yz,γ_xz
0.000000000000e+00,0.000000000000e+00,-8.985711150017e-07,-2.241312276052e-07,0.000000000000e+00,0.000000000000e+00
0.000000000000e+00,0.000000000000e+00,-8.985711150017e-07,-2.186934917187e-07,0.000000000000e+00,0.000000000000e+00
0.000000000000e+00,0.000000000000e+00,-8.985711150017e-07,-2.132557558321e-07,0.000000000000e+00,0.000000000000e+00
