ε_xx,ε_yy,ε_zz,γ_xy,γ_yz,γ_xz
0.000000000000e+00,0.000000000000e+00,-5.936201516718e-04,-8.183726915443e-06,0.000000000000e+00,0.000000000000e+00
0.000000000000e+00,0.000000000000e+00,-5.936201516718e-04,-4.591412913261e-06,0.000000000000e+00,0.000000000000e+00
0.000000000000e+00,0.000000000000e+00,-5.936201516718e-04,-9.990989110753e-07,0.000000000000e+00,0.000000000000e+00
