ε_xx,ε_yy,ε_zz,γ_xy,γ_yz,γ_xz
0.000000000000e+00,0.000000000000e+00,-5.090551291598e-04,-7.429701640811e-06,0.000000000000e+00,0.000000000000e+00
0.000000000000e+00,0.000000000000e+00,-5.090551291598e-04,-4.349135957156e-06,0.000000000000e+00,0.000000000000e+00
0.000000000000e+00,0.000000000000e+00,-5.090551291598e-04,-1.268570273508e-06,0.000000000000e+00,0.000000000000e+00
