ε_xx,ε_yy,ε_zz,γ_xy,γ_yz,γ_xz
0.000000000000e+00,0.000000000000e+00,-2.138789590618e-04,-4.366473964221e-06,0.000000000000e+00,0.000000000000e+00
0.000000000000e+00,0.000000000000e+00,-2.138789590618e-04,-3.072177641478e-06,0.000000000000e+00,0.000000000000e+00
0.000000000000e+00,0.000000000000e+00,-2.138789590618e-04,-1.777881318742e-06,0.000000000000e+00,0.000000000000e+00
