ε_xx,ε_yy,ε_zz,γ_xy,γ_yz,γ_xz
0.000000000000e+00,0.000000000000e+00,-3.312779912710e-04,-5.691929224921e-06,0.000000000000e+00,0.000000000000e+00
0.000000000000e+00,0.000000000000e+00,-3.312779912710e-04,-3.687188376240e-06,0.000000000000e+00,0.000000000000e+00
0.000000000000e+00,0.000000000000e+00,-3.312779912710e-04,-1.682447527560e-06,0.000000000000e+00,0.000000000000e+00
