ε_xx,ε_yy,ε_zz,γ_xy,γ_yz,γ_xz
0.000000000000e+00,0.000000000000e+00,-1.387135487347e-03,-1.402936849565e-05,0.000000000000e+00,0.000000000000e+00
0.000000000000e+00,0.000000000000e+00,-1.387135487347e-03,-5.635067493424e-06,0.000000000000e+00,0.000000000000e+00
0.000000000000e+00,0.000000000000e+00,-1.387135487347e-03,2.759233508805e-06,0.000000000000e+00,0.000000000000e+00
