ε_xx,ε_yy,ε_zz,γ_xy,γ_yz,γ_xz
0.000000000000e+00,0.000000000000e+00,-1.458276506358e-03,-1.447506641755e-05,0.000000000000e+00,0.000000000000e+00
0.000000000000e+00,0.000000000000e+00,-1.458276506358e-03,-5.650252943664e-06,0.000000000000e+00,0.000000000000e+00
0.000000000000e+00,0.000000000000e+00,-1.458276506358e-03,3.174560530225e-06,0.000000000000e+00,0.000000000000e+00
