ε_xx,ε_yy,ε_zz,γ_xy,γ_yz,γ_xz
0.000000000000e+00,0.000000000000e+00,-6.375618562737e-04,-8.561461877363e-06,0.000000000000e+00,0.000000000000e+00
0.000000000000e+00,0.000000000000e+00,-6.375618562737e-04,-4.703233046858e-06,0.000000000000e+00,0.000000000000e+00
0.000000000000e+00,0.000000000000e+00,-6.375618562737e-04,-8.450042163488e-07,0.000000000000e+00,0.000000000000e+00
