ε_xx,ε_yy,ε_zz,γ_xy,γ_yz,γ_xz
0.000000000000e+00,0.000000000000e+00,-3.913845497388e-04,-6.307606680515e-06,0.000000000000e+00,0.000000000000e+00
0.000000000000e+00,0.000000000000e+00,-3.913845497388e-04,-3.939128800666e-06,0.000000000000e+00,0.000000000000e+00
0.000000000000e+00,0.000000000000e+00,-3.913845497388e-04,-1.570650920824e-06,0.000000000000e+00,0.000000000000e+00
