ε_xx,ε_yy,ε_zz,γ_xy,γ_yz,γ_xz
0.000000000000e+00,0.000000000000e+00,-4.553250358005e-04,-6.929229095357e-06,0.000000000000e+00,0.000000000000e+00
0.000000000000e+00,0.000000000000e+00,-4.553250358005e-04,-4.173813031666e-06,0.000000000000e+00,0.000000000000e+00
0.000000000000e+00,0.000000000000e+00,-4.553250358005e-04,-1.418396967962e-06,0.000000000000e+00,0.000000000000e+00
