ε_xx,ε_yy,ε_zz,γ_xy,γ_yz,γ_xz
0.000000000000e+00,0.000000000000e+00,-3.464130322040e-07,-1.338186078198e-07,0.000000000000e+00,0.000000000000e+00
0.000000000000e+00,0.000000000000e+00,-3.464130322040e-07,-1.317222767111e-07,0.000000000000e+00,0.000000000000e+00
0.000000000000e+00,0.000000000000e+00,-3.464130322040e-07,-1.296259456163e-07,0.000000000000e+00,0.000000000000e+00
