ε_xx,ε_yy,ε_zz,γ_xy,γ_yz,γ_xz
0.000000000000e+00,0.000000000000e+00,-9.373028473950e-04,-1.093928782133e-05,0.000000000000e+00,0.000000000000e+00
0.000000000000e+00,0.000000000000e+00,-9.373028473950e-04,-5.267165448967e-06,0.000000000000e+00,0.000000000000e+00
0.000000000000e+00,0.000000000000e+00,-9.373028473950e-04,4.049569233989e-07,0.000000000000e+00,0.000000000000e+00
