ε_xx,ε_yy,ε_zz,γ_xy,γ_yz,γ_xz
0.000000000000e+00,0.000000000000e+00,-1.106573922947e-03,-1.216035851516e-05,0.000000000000e+00,0.000000000000e+00
0.000000000000e+00,0.000000000000e+00,-1.106573922947e-03,-5.463886054350e-06,0.000000000000e+00,0.000000000000e+00
0.000000000000e+00,0.000000000000e+00,-1.106573922947e-03,1.232586406461e-06,0.000000000000e+00,0.000000000000e+00
