ε_xx,ε_yy,ε_zz,γ_xy,γ_yz,γ_xz
0.000000000000e+00,0.000000000000e+00,-1.766809790152e-04,-3.897021331731e-06,0.000000000000e+00,0.000000000000e+00
0.000000000000e+00,0.000000000000e+00,-1.766809790152e-04,-2.827829942154e-06,0.000000000000e+00,0.000000000000e+00
0.000000000000e+00,0.000000000000e+00,-1.766809790152e-04,-1.758638552604e-06,0.000000000000e+00,0.000000000000e+00
