ε_xx,ε_yy,ε_zz,γ_xy,γ_yz,γ_xz
0.000000000000e+00,0.000000000000e+00,-1.055156875266e-03,-1.179743779514e-05,0.000000000000e+00,0.000000000000e+00
0.000000000000e+00,0.000000000000e+00,-1.055156875266e-03,-5.412117473985e-06,0.000000000000e+00,0.000000000000e+00
0.000000000000e+00,0.000000000000e+00,-1.055156875266e-03,9.732028471727e-07,0.000000000000e+00,0.000000000000e+00
