ε_xx,ε_yy,ε_zz,γ_xy,γ_yz,γ_xz
0.000000000000e+00,0.000000000000e+00,-6.637806640886e-05,-2.214855057234e-06,0.000000000000e+00,0.000000000000e+00
0.000000000000e+00,0.000000000000e+00,-6.637806640886e-05,-1.813165766987e-06,0.000000000000e+00,0.000000000000e+00
0.000000000000e+00,0.000000000000e+00,-6.637806640886e-05,-1.411476476754e-06,0.000000000000e+00,0.000000000000e+00
