ε_xx,ε_yy,ε_zz,γ_xy,γ_yz,γ_xz
0.000000000000e+00,0.000000000000e+00,-3.790478227255e-04,-6.183942937568e-06,0.000000000000e+00,0.000000000000e+00
0.000000000000e+00,0.000000000000e+00,-3.790478227255e-04,-3.890121211263e-06,0.000000000000e+00,0.000000000000e+00
0.000000000000e+00,0.000000000000e+00,-3.790478227255e-04,-1.596299484964e-06,0.000000000000e+00,0.000000000000e+00
