ε_xx,ε_yy,ε_zz,γ_xy,γ_yz,γ_xz
0.000000000000e+00,0.000000000000e+00,-9.777095438591e-05,-2.760307849167e-06,0.000000000000e+00,0.000000000000e+00
0.000000000000e+00,0.000000000000e+00,-9.777095438591e-05,-2.168643352174e-06,0.000000000000e+00,0.000000000000e+00
0.000000000000e+00,0.000000000000e+00,-9.777095438591e-05,-1.576978855167e-06,0.000000000000e+00,0.000000000000e+00
