ε_xx,ε_yy,ε_zz,γ_xy,γ_yz,γ_xz
0.000000000000e+00,0.000000000000e+00,-2.752772701553e-04,-5.083842200361e-06,0.000000000000e+00,0.000000000000e+00
0.000000000000e+00,0.000000000000e+00,-2.752772701553e-04,-3.417991758334e-06,0.000000000000e+00,0.000000000000e+00
0.000000000000e+00,0.000000000000e+00,-2.752772701553e-04,-1.752141316300e-06,0.000000000000e+00,0.000000000000e+00
