ε_xx,ε_yy,ε_zz,γ_xy,γ_yz,γ_xz
0.000000000000e+00,0.000000000000e+00,-1.141111175370e-03,-1.240042310629e-05,0.000000000000e+00,0.000000000000e+00
0.000000000000e+00,0.000000000000e+00,-1.141111175370e-03,-5.494947202568e-06,0.000000000000e+00,0.000000000000e+00
0.000000000000e+00,0.000000000000e+00,-1.141111175370e-03,1.410528701149e-06,0.000000000000e+00,0.000000000000e+00
