ε_xx,ε_yy,ε_zz,γ_xy,γ_yz,γ_xz
0.000000000000e+00,0.000000000000e+00,-1.333943412763e-03,-1.368883802701e-05,0.000000000000e+00,0.000000000000e+00
0.000000000000e+00,0.000000000000e+00,-1.333943412763e-03,-5.616430804493e-06,0.000000000000e+00,0.000000000000e+00
0.000000000000e+00,0.000000000000e+00,-1.333943412763e-03,2.455976418029e-06,0.000000000000e+00,0.000000000000e+00
