ε_xx,ε_yy,ε_zz,γ_xy,γ_yz,γ_xz
0.000000000000e+00,0.000000000000e+00,-8.390988314001e-04,-1.019383838155e-05,0.000000000000e+00,0.000000000000e+00
0.000000000000e+00,0.000000000000e+00,-8.390988314001e-04,-5.116001194305e-06,0.000000000000e+00,0.000000000000e+00
0.000000000000e+00,0.000000000000e+00,-8.390988314001e-04,-3.816400706222e-08,0.000000000000e+00,0.000000000000e+00
