ε_xx,ε_yy,ε_zz,γ_xy,γ_yz,γ_xz
0.000000000000e+00,0.000000000000e+00,-8.715130124298e-04,-1.044314305631e-05,0.000000000000e+00,0.000000000000e+00
0.000000000000e+00,0.000000000000e+00,-8.715130124298e-04,-5.169150270145e-06,0.000000000000e+00,0.000000000000e+00
0.000000000000e+00,0.000000000000e+00,-8.715130124298e-04,1.048425160178e-07,0.000000000000e+00,0.000000000000e+00
