ε_xx,ε_yy,ε_zz,γ_xy,γ_yz,γ_xz
0.000000000000e+00,0.000000000000e+00,-8.230195384718e-04,-1.006892404431e-05,0.000000000000e+00,0.000000000000e+00
0.000000000000e+00,0.000000000000e+00,-8.230195384718e-04,-5.088391284772e-06,0.000000000000e+00,0.000000000000e+00
0.000000000000e+00,0.000000000000e+00,-8.230195384718e-04,-1.078585252362e-07,0.000000000000e+00,0.000000000000e+00
