ε_xx,ε_yy,ε_zz,γ_xy,γ_yz,γ_xz
0.000000000000e+00,0.000000000000e+00,-1.426328016105e-04,-3.435585880979e-06,0.000000000000e+00,0.000000000000e+00
0.000000000000e+00,0.000000000000e+00,-1.426328016105e-04,-2.572438279017e-06,0.000000000000e+00,0.000000000000e+00
0.000000000000e+00,0.000000000000e+00,-1.426328016105e-04,-1.709290677054e-06,0.000000000000e+00,0.000000000000e+00
