ε_xx,ε_yy,ε_zz,γ_xy,γ_yz,γ_xz
0.000000000000e+00,0.000000000000e+00,-9.706436968814e-04,-1.118591729120e-05,0.000000000000e+00,0.000000000000e+00
0.000000000000e+00,0.000000000000e+00,-9.706436968814e-04,-5.312031551945e-06,0.000000000000e+00,0.000000000000e+00
0.000000000000e+00,0.000000000000e+00,-9.706436968814e-04,5.618541873073e-07,0.000000000000e+00,0.000000000000e+00
