ε_xx,ε_yy,ε_zz,γ_xy,γ_yz,γ_xz
0.000000000000e+00,0.000000000000e+00,-1.422682068793e-03,-1.425345315056e-05,0.000000000000e+00,0.000000000000e+00
0.000000000000e+00,0.000000000000e+00,-1.422682068793e-03,-5.644040714020e-06,0.000000000000e+00,0.000000000000e+00
0.000000000000e+00,0.000000000000e+00,-1.422682068793e-03,2.965371722518e-06,0.000000000000e+00,0.000000000000e+00
