ε_xx,ε_yy,ε_zz,γ_xy,γ_yz,γ_xz
0.000000000000e+00,0.000000000000e+00,-1.192474747461e-04,-3.095277373799e-06,0.000000000000e+00,0.000000000000e+00
0.000000000000e+00,0.000000000000e+00,-1.192474747461e-04,-2.373646930412e-06,0.000000000000e+00,0.000000000000e+00
0.000000000000e+00,0.000000000000e+00,-1.192474747461e-04,-1.652016487011e-06,0.000000000000e+00,0.000000000000e+00
