ε_xx,ε_yy,ε_zz,γ_xy,γ_yz,γ_xz
0.000000000000e+00,0.000000000000e+00,-2.336156195143e-04,-4.603943448138e-06,0.000000000000e+00,0.000000000000e+00
0.000000000000e+00,0.000000000000e+00,-2.336156195143e-04,-3.190210004708e-06,0.000000000000e+00,0.000000000000e+00
0.000000000000e+00,0.000000000000e+00,-2.336156195143e-04,-1.776476561285e-06,0.000000000000e+00,0.000000000000e+00
