ε_xx,ε_yy,ε_zz,γ_xy,γ_yz,γ_xz
0.000000000000e+00,0.000000000000e+00,-3.083697753959e-04,-5.447691416957e-06,0.000000000000e+00,0.000000000000e+00
0.000000000000e+00,0.000000000000e+00,-3.083697753959e-04,-3.581580472298e-06,0.000000000000e+00,0.000000000000e+00
0.000000000000e+00,0.000000000000e+00,-3.083697753959e-04,-1.715469527638e-06,0.000000000000e+00,0.000000000000e+00
