ε_xx,ε_yy,ε_zz,γ_xy,γ_yz,γ_xz
0.000000000000e+00,0.000000000000e+00,-6.977394738248e-04,-9.065058968281e-06,0.000000000000e+00,0.000000000000e+00
0.000000000000e+00,0.000000000000e+00,-6.977394738248e-04,-4.842663089977e-06,0.000000000000e+00,0.000000000000e+00
0.000000000000e+00,0.000000000000e+00,-6.977394738248e-04,-6.202672116727e-07,0.000000000000e+00,0.000000000000e+00
