ε_xx,ε_yy,ε_zz,γ_xy,γ_yz,γ_xz
0.000000000000e+00,0.000000000000e+00,-1.210729499734e-03,-1.287556025932e-05,0.000000000000e+00,0.000000000000e+00
0.000000000000e+00,0.000000000000e+00,-1.210729499734e-03,-5.548786526148e-06,0.000000000000e+00,0.000000000000e+00
0.000000000000e+00,0.000000000000e+00,-1.210729499734e-03,1.777987207026e-06,0.000000000000e+00,0.000000000000e+00
