ε_xx,ε_yy,ε_zz,γ_xy,γ_yz,γ_xz
0.000000000000e+00,0.000000000000e+00,-2.819704195009e-06,-4.076287213606e-07,0.000000000000e+00,0.000000000000e+00
0.000000000000e+00,0.000000000000e+00,-2.819704195009e-06,-3.905651785596e-07,0.000000000000e+00,0.000000000000e+00
0.000000000000e+00,0.000000000000e+00,-2.819704195009e-06,-3.735016357587e-07,0.000000000000e+00,0.000000000000e+00
