ε_xx,ε_yy,ε_zz,γ_xy,γ_yz,γ_xz
0.000000000000e+00,0.000000000000e+00,-1.404901708416e-03,-1.414171316471e-05,0.000000000000e+00,0.000000000000e+00
0.000000000000e+00,0.000000000000e+00,-1.404901708416e-03,-5.639899227591e-06,0.000000000000e+00,0.000000000000e+00
0.000000000000e+00,0.000000000000e+00,-1.404901708416e-03,2.861914709525e-06,0.000000000000e+00,0.000000000000e+00
