ε_xx,ε_yy,ε_zz,γ_xy,γ_yz,γ_xz
0.000000000000e+00,0.000000000000e+00,-8.070283443051e-04,-9.943852592207e-06,0.000000000000e+00,0.000000000000e+00
0.000000000000e+00,0.000000000000e+00,-8.070283443051e-04,-5.060091127503e-06,0.000000000000e+00,0.000000000000e+00
0.000000000000e+00,0.000000000000e+00,-8.070283443051e-04,-1.763296627981e-07,0.000000000000e+00,0.000000000000e+00
