ε_xx,ε_yy,ε_zz,γ_xy,γ_yz,γ_xz
0.000000000000e+00,0.000000000000e+00,-1.263350563825e-03,-1.322713043964e-05,0.000000000000e+00,0.000000000000e+00
0.000000000000e+00,0.000000000000e+00,-1.263350563825e-03,-5.581918417582e-06,0.000000000000e+00,0.000000000000e+00
0.000000000000e+00,0.000000000000e+00,-1.263350563825e-03,2.063293604473e-06,0.000000000000e+00,0.000000000000e+00
