ε_xx,ε_yy,ε_zz,γ_xy,γ_yz,γ_xz
0.000000000000e+00,0.000000000000e+00,-1.789184337789e-05,-1.078646421501e-06,0.000000000000e+00,0.000000000000e+00
0.000000000000e+00,0.000000000000e+00,-1.789184337789e-05,-9.703732786331e-07,0.000000000000e+00,0.000000000000e+00
0.000000000000e+00,0.000000000000e+00,-1.789184337789e-05,-8.621001357650e-07,0.000000000000e+00,0.000000000000e+00
