ε_xx,ε_yy,ε_zz,γ_xy,γ_yz,γ_xz
0.000000000000e+00,0.000000000000e+00,-1.723726595307e-06,-3.154056534005e-07,0.000000000000e+00,0.000000000000e+00
0.000000000000e+00,0.000000000000e+00,-1.723726595307e-06,-3.049744590339e-07,0.000000000000e+00,0.000000000000e+00
0.000000000000e+00,0.000000000000e+00,-1.723726595307e-06,-2.945432646673e-07,0.000000000000e+00,0.000000000000e+00
