ε_xx,ε_yy,ε_zz,γ_xy,γ_yz,γ_xz
0.000000000000e+00,0.000000000000e+00,-3.212758814385e-05,-1.480928014344e-06,0.000000000000e+00,0.000000000000e+00
0.000000000000e+00,0.000000000000e+00,-3.212758814385e-05,-1.286506742734e-06,0.000000000000e+00,0.000000000000e+00
0.000000000000e+00,0.000000000000e+00,-3.212758814385e-05,-1.092085471111e-06,0.000000000000e+00,0.000000000000e+00
