ε_xx,ε_yy,ε_zz,γ_xy,γ_yz,γ_xz
0.000000000000e+00,0.000000000000e+00,-1.038130248739e-03,-1.167576385468e-05,0.000000000000e+00,0.000000000000e+00
0.000000000000e+00,0.000000000000e+00,-1.038130248739e-03,-5.393480785052e-06,0.000000000000e+00,0.000000000000e+00
0.000000000000e+00,0.000000000000e+00,-1.038130248739e-03,8.888022845748e-07,0.000000000000e+00,0.000000000000e+00
