ε_xx,ε_yy,ε_zz,γ_xy,γ_yz,γ_xz
0.000000000000e+00,0.000000000000e+00,-6.674309619644e-04,-8.813311377063e-06,0.000000000000e+00,0.000000000000e+00
0.000000000000e+00,0.000000000000e+00,-6.674309619644e-04,-4.774328563887e-06,0.000000000000e+00,0.000000000000e+00
0.000000000000e+00,0.000000000000e+00,-6.674309619644e-04,-7.353457507145e-07,0.000000000000e+00,0.000000000000e+00
