ε_xx,ε_yy,ε_zz,γ_xy,γ_yz,γ_xz
0.000000000000e+00,0.000000000000e+00,-7.826197303779e-05,-2.431032728997e-06,0.000000000000e+00,0.000000000000e+00
0.000000000000e+00,0.000000000000e+00,-7.826197303779e-05,-1.957427544275e-06,0.000000000000e+00,0.000000000000e+00
0.000000000000e+00,0.000000000000e+00,-7.826197303779e-05,-1.483822359566e-06,0.000000000000e+00,0.000000000000e+00
