ε_xx,ε_yy,ε_zz,γ_xy,γ_yz,γ_xz
0.000000000000e+00,0.000000000000e+00,-6.077926320952e-05,-2.107807435217e-06,0.000000000000e+00,0.000000000000e+00
0.000000000000e+00,0.000000000000e+00,-6.077926320952e-05,-1.739999506756e-06,0.000000000000e+00,0.000000000000e+00
0.000000000000e+00,0.000000000000e+00,-6.077926320952e-05,-1.372191578308e-06,0.000000000000e+00,0.000000000000e+00
