ε_xx,ε_yy,ε_zz,γ_xy,γ_yz,γ_xz
0.000000000000e+00,0.000000000000e+00,-1.440474393200e-03,-1.436457528943e-05,0.000000000000e+00,0.000000000000e+00
0.000000000000e+00,0.000000000000e+00,-1.440474393200e-03,-5.647491952711e-06,0.000000000000e+00,0.000000000000e+00
0.000000000000e+00,0.000000000000e+00,-1.440474393200e-03,3.069591384010e-06,0.000000000000e+00,0.000000000000e+00
