ε_xx,ε_yy,ε_zz,γ_xy,γ_yz,γ_xz
0.000000000000e+00,0.000000000000e+00,-4.072247433477e-05,-1.686865527317e-06,0.000000000000e+00,0.000000000000e+00
0.000000000000e+00,0.000000000000e+00,-4.072247433477e-05,-1.440431988381e-06,0.000000000000e+00,0.000000000000e+00
0.000000000000e+00,0.000000000000e+00,-4.072247433477e-05,-1.193998449445e-06,0.000000000000e+00,0.000000000000e+00
