ε_xx,ε_yy,ε_zz,γ_xy,γ_yz,γ_xz
0.000000000000e+00,0.000000000000e+00,-3.197406789474e-04,-5.569651930451e-06,0.000000000000e+00,0.000000000000e+00
0.000000000000e+00,0.000000000000e+00,-3.197406789474e-04,-3.634729548153e-06,0.000000000000e+00,0.000000000000e+00
0.000000000000e+00,0.000000000000e+00,-3.197406789474e-04,-1.699807165856e-06,0.000000000000e+00,0.000000000000e+00
