ε_xx,ε_yy,ε_zz,γ_xy,γ_yz,γ_xz
0.000000000000e+00,0.000000000000e+00,-2.437607538747e-04,-4.723317908802e-06,0.000000000000e+00,0.000000000000e+00
0.000000000000e+00,0.000000000000e+00,-2.437607538747e-04,-3.248190814716e-06,0.000000000000e+00,0.000000000000e+00
0.000000000000e+00,0.000000000000e+00,-2.437607538747e-04,-1.773063720630e-06,0.000000000000e+00,0.000000000000e+00
