ε_xx,ε_yy,ε_zz,γ_xy,γ_yz,γ_xz
0.000000000000e+00,0.000000000000e+00,-1.228578925183e-05,-8.825129619583e-07,0.000000000000e+00,0.000000000000e+00
0.000000000000e+00,0.000000000000e+00,-1.228578925183e-05,-8.081650601233e-07,0.000000000000e+00,0.000000000000e+00
0.000000000000e+00,0.000000000000e+00,-1.228578925183e-05,-7.338171583160e-07,0.000000000000e+00,0.000000000000e+00
