ε_xx,ε_yy,ε_zz,γ_xy,γ_yz,γ_xz
0.000000000000e+00,0.000000000000e+00,-1.351654164242e-03,-1.380291776303e-05,0.000000000000e+00,0.000000000000e+00
0.000000000000e+00,0.000000000000e+00,-1.351654164242e-03,-5.623333281874e-06,0.000000000000e+00,0.000000000000e+00
0.000000000000e+00,0.000000000000e+00,-1.351654164242e-03,2.556251199283e-06,0.000000000000e+00,0.000000000000e+00
