ε_xx,ε_yy,ε_zz,γ_xy,γ_yz,γ_xz
0.000000000000e+00,0.000000000000e+00,-7.284699896302e-04,-9.316599340805e-06,0.000000000000e+00,0.000000000000e+00
0.000000000000e+00,0.000000000000e+00,-7.284699896302e-04,-4.908236625103e-06,0.000000000000e+00,0.000000000000e+00
0.000000000000e+00,0.000000000000e+00,-7.284699896302e-04,-4.998739094007e-07,0.000000000000e+00,0.000000000000e+00
