ε_xx,ε_yy,ε_zz,γ_xy,γ_yz,γ_xz
0.000000000000e+00,0.000000000000e+00,-9.104644478665e-05,-2.649899212462e-06,0.000000000000e+00,0.000000000000e+00
0.000000000000e+00,0.000000000000e+00,-9.104644478665e-05,-2.098928330599e-06,0.000000000000e+00,0.000000000000e+00
0.000000000000e+00,0.000000000000e+00,-9.104644478665e-05,-1.547957448750e-06,0.000000000000e+00,0.000000000000e+00
