ε_xx,ε_yy,ε_zz,γ_xy,γ_yz,γ_xz
0.000000000000e+00,0.000000000000e+00,-1.298592606342e-03,-1.345903563444e-05,0.000000000000e+00,0.000000000000e+00
0.000000000000e+00,0.000000000000e+00,-1.298592606342e-03,-5.600555106513e-06,0.000000000000e+00,0.000000000000e+00
0.000000000000e+00,0.000000000000e+00,-1.298592606342e-03,2.257925421411e-06,0.000000000000e+00,0.000000000000e+00
