ε_xx,ε_yy,ε_zz,γ_xy,γ_yz,γ_xz
0.000000000000e+00,0.000000000000e+00,-4.184328636012e-06,-5.007872677376e-07,0.000000000000e+00,0.000000000000e+00
0.000000000000e+00,0.000000000000e+00,-4.184328636012e-06,-4.754656503653e-07,0.000000000000e+00,0.000000000000e+00
0.000000000000e+00,0.000000000000e+00,-4.184328636012e-06,-4.501440329929e-07,0.000000000000e+00,0.000000000000e+00
