ε_xx,ε_yy,ε_zz,γ_xy,γ_yz,γ_xz
0.000000000000e+00,0.000000000000e+00,-2.819613558327e-05,-1.379138691346e-06,0.000000000000e+00,0.000000000000e+00
0.000000000000e+00,0.000000000000e+00,-2.819613558327e-05,-1.208508748310e-06,0.000000000000e+00,0.000000000000e+00
0.000000000000e+00,0.000000000000e+00,-2.819613558327e-05,-1.037878805274e-06,0.000000000000e+00,0.000000000000e+00
