ε_xx,ε_yy,ε_zz,γ_xy,γ_yz,γ_xz
0.000000000000e+00,0.000000000000e+00,-3.630375948703e-05,-1.583508014241e-06,0.000000000000e+00,0.000000000000e+00
0.000000000000e+00,0.000000000000e+00,-3.630375948703e-05,-1.363814489411e-06,0.000000000000e+00,0.000000000000e+00
0.000000000000e+00,0.000000000000e+00,-3.630375948703e-05,-1.144120964566e-06,0.000000000000e+00,0.000000000000e+00
