ε_xx,ε_yy,ε_zz,γ_xy,γ_yz,γ_xz
0.000000000000e+00,0.000000000000e+00,-1.856906182244e-04,-4.013665788491e-06,0.000000000000e+00,0.000000000000e+00
0.000000000000e+00,0.000000000000e+00,-1.856906182244e-04,-2.889952238599e-06,0.000000000000e+00,0.000000000000e+00
0.000000000000e+00,0.000000000000e+00,-1.856906182244e-04,-1.766238688708e-06,0.000000000000e+00,0.000000000000e+00
