N,Vy,Vz,T,My,Mz
0.000000000000e+00,-5.250129593010e+02,0.000000000000e+00,0.000000000000e+00,0.000000000000e+00,-1.555685202308e+02
0.000000000000e+00,-3.351338704492e+02,0.000000000000e+00,0.000000000000e+00,0.000000000000e+00,-1.555685202308e+02
0.000000000000e+00,-1.452547815975e+02,0.000000000000e+00,0.000000000000e+00,0.000000000000e+00,-1.555685202308e+02
