N,Vy,Vz,T,My,Mz
0.000000000000e+00,-1.159289083109e+03,0.000000000000e+00,0.000000000000e+00,0.000000000000e+00,-5.461666584104e+02
0.000000000000e+00,-4.926656087309e+02,0.000000000000e+00,0.000000000000e+00,0.000000000000e+00,-5.461666584104e+02
0.000000000000e+00,1.739578656474e+02,0.000000000000e+00,0.000000000000e+00,0.000000000000e+00,-5.461666584104e+02
