N,Vy,Vz,T,My,Mz
0.000000000000e+00,-3.139217537493e+02,0.000000000000e+00,0.000000000000e+00,0.000000000000e+00,-6.613135337924e+01
0.000000000000e+00,-2.332051595075e+02,0.000000000000e+00,0.000000000000e+00,0.000000000000e+00,-6.613135337924e+01
0.000000000000e+00,-1.524885652670e+02,0.000000000000e+00,0.000000000000e+00,0.000000000000e+00,-6.613135337924e+01
