N,Vy,Vz,T,My,Mz
0.000000000000e+00,-1.240546909228e+03,0.000000000000e+00,0.000000000000e+00,0.000000000000e+00,-6.081408659715e+02
0.000000000000e+00,-4.982808431060e+02,0.000000000000e+00,0.000000000000e+00,0.000000000000e+00,-6.081408659715e+02
0.000000000000e+00,2.439852230161e+02,0.000000000000e+00,0.000000000000e+00,0.000000000000e+00,-6.081408659715e+02
