N,Vy,Vz,T,My,Mz
0.000000000000e+00,-5.687061145169e+02,0.000000000000e+00,0.000000000000e+00,0.000000000000e+00,-1.770646572145e+02
0.000000000000e+00,-3.525899251372e+02,0.000000000000e+00,0.000000000000e+00,0.000000000000e+00,-1.770646572145e+02
0.000000000000e+00,-1.364737357576e+02,0.000000000000e+00,0.000000000000e+00,0.000000000000e+00,-1.770646572145e+02
