N,Vy,Vz,T,My,Mz
0.000000000000e+00,-1.583680599305e+02,0.000000000000e+00,0.000000000000e+00,0.000000000000e+00,-1.989595095329e+01
0.000000000000e+00,-1.340840657570e+02,0.000000000000e+00,0.000000000000e+00,0.000000000000e+00,-1.989595095329e+01
0.000000000000e+00,-1.098000715848e+02,0.000000000000e+00,0.000000000000e+00,0.000000000000e+00,-1.989595095329e+01
