N,Vy,Vz,T,My,Mz
0.000000000000e+00,-4.428211414970e+01,0.000000000000e+00,0.000000000000e+00,0.000000000000e+00,-1.834472020524e+00
0.000000000000e+00,-4.204305013355e+01,0.000000000000e+00,0.000000000000e+00,0.000000000000e+00,-1.834472020524e+00
0.000000000000e+00,-3.980398611740e+01,0.000000000000e+00,0.000000000000e+00,0.000000000000e+00,-1.834472020524e+00
