N,Vy,Vz,T,My,Mz
0.000000000000e+00,-4.071036994016e+02,0.000000000000e+00,0.000000000000e+00,0.000000000000e+00,-1.024205684678e+02
0.000000000000e+00,-2.820943196663e+02,0.000000000000e+00,0.000000000000e+00,0.000000000000e+00,-1.024205684678e+02
0.000000000000e+00,-1.570849399317e+02,0.000000000000e+00,0.000000000000e+00,0.000000000000e+00,-1.024205684678e+02
