N,Vy,Vz,T,My,Mz
0.000000000000e+00,-3.037916815255e+02,0.000000000000e+00,0.000000000000e+00,0.000000000000e+00,-6.253234545478e+01
0.000000000000e+00,-2.274678548220e+02,0.000000000000e+00,0.000000000000e+00,0.000000000000e+00,-6.253234545478e+01
0.000000000000e+00,-1.511440281185e+02,0.000000000000e+00,0.000000000000e+00,0.000000000000e+00,-6.253234545478e+01
