N,Vy,Vz,T,My,Mz
0.000000000000e+00,-6.100070608855e+01,0.000000000000e+00,0.000000000000e+00,0.000000000000e+00,-3.380537033152e+00
0.000000000000e+00,-5.687459310229e+01,0.000000000000e+00,0.000000000000e+00,0.000000000000e+00,-3.380537033152e+00
0.000000000000e+00,-5.274848011481e+01,0.000000000000e+00,0.000000000000e+00,0.000000000000e+00,-3.380537033152e+00
