N,Vy,Vz,T,My,Mz
0.000000000000e+00,-4.924964719501e+02,0.000000000000e+00,0.000000000000e+00,0.000000000000e+00,-1.401790777866e+02
0.000000000000e+00,-3.214009602955e+02,0.000000000000e+00,0.000000000000e+00,0.000000000000e+00,-1.401790777866e+02
0.000000000000e+00,-1.503054486408e+02,0.000000000000e+00,0.000000000000e+00,0.000000000000e+00,-1.401790777866e+02
