N,Vy,Vz,T,My,Mz
0.000000000000e+00,-3.549083973473e+02,0.000000000000e+00,0.000000000000e+00,0.000000000000e+00,-8.140953381979e+01
0.000000000000e+00,-2.555440266982e+02,0.000000000000e+00,0.000000000000e+00,0.000000000000e+00,-8.140953381979e+01
0.000000000000e+00,-1.561796560490e+02,0.000000000000e+00,0.000000000000e+00,0.000000000000e+00,-8.140953381979e+01
