N,Vy,Vz,T,My,Mz
0.000000000000e+00,-3.343241326219e+02,0.000000000000e+00,0.000000000000e+00,0.000000000000e+00,-7.359592119960e+01
0.000000000000e+00,-2.444966634146e+02,0.000000000000e+00,0.000000000000e+00,0.000000000000e+00,-7.359592119960e+01
0.000000000000e+00,-1.546691942097e+02,0.000000000000e+00,0.000000000000e+00,0.000000000000e+00,-7.359592119960e+01
