N,Vy,Vz,T,My,Mz
0.000000000000e+00,-1.279957747972e+03,0.000000000000e+00,0.000000000000e+00,0.000000000000e+00,-6.393301487071e+02
0.000000000000e+00,-4.996236165435e+02,0.000000000000e+00,0.000000000000e+00,0.000000000000e+00,-6.393301487071e+02
0.000000000000e+00,2.807105148851e+02,0.000000000000e+00,0.000000000000e+00,0.000000000000e+00,-6.393301487071e+02
