N,Vy,Vz,T,My,Mz
0.000000000000e+00,-9.234349247538e+02,0.000000000000e+00,0.000000000000e+00,0.000000000000e+00,-3.820842901931e+02
0.000000000000e+00,-4.570821126375e+02,0.000000000000e+00,0.000000000000e+00,0.000000000000e+00,-3.820842901931e+02
0.000000000000e+00,9.270699478873e+00,0.000000000000e+00,0.000000000000e+00,0.000000000000e+00,-3.820842901931e+02
