N,Vy,Vz,T,My,Mz
0.000000000000e+00,-8.349317441725e+02,0.000000000000e+00,0.000000000000e+00,0.000000000000e+00,-3.261754512844e+02
0.000000000000e+00,-4.368184407625e+02,0.000000000000e+00,0.000000000000e+00,0.000000000000e+00,-3.261754512844e+02
0.000000000000e+00,-3.870513735249e+01,0.000000000000e+00,0.000000000000e+00,0.000000000000e+00,-3.261754512844e+02
