N,Vy,Vz,T,My,Mz
0.000000000000e+00,-1.299326056576e+03,0.000000000000e+00,0.000000000000e+00,0.000000000000e+00,-6.549486319329e+02
0.000000000000e+00,-4.999287923247e+02,0.000000000000e+00,0.000000000000e+00,0.000000000000e+00,-6.549486319329e+02
0.000000000000e+00,2.994684719263e+02,0.000000000000e+00,0.000000000000e+00,0.000000000000e+00,-6.549486319329e+02
