N,Vy,Vz,T,My,Mz
0.000000000000e+00,-2.343173378619e+02,0.000000000000e+00,0.000000000000e+00,0.000000000000e+00,-3.991611798649e+01
0.000000000000e+00,-1.855977376332e+02,0.000000000000e+00,0.000000000000e+00,0.000000000000e+00,-3.991611798649e+01
0.000000000000e+00,-1.368781374057e+02,0.000000000000e+00,0.000000000000e+00,0.000000000000e+00,-3.991611798649e+01
