N,Vy,Vz,T,My,Mz
0.000000000000e+00,-1.130206975053e+02,0.000000000000e+00,0.000000000000e+00,0.000000000000e+00,-1.074624061585e+01
0.000000000000e+00,-9.990437825523e+01,0.000000000000e+00,0.000000000000e+00,0.000000000000e+00,-1.074624061585e+01
0.000000000000e+00,-8.678805900512e+01,0.000000000000e+00,0.000000000000e+00,0.000000000000e+00,-1.074624061585e+01
