N,Vy,Vz,T,My,Mz
0.000000000000e+00,-6.016886197493e+02,0.000000000000e+00,0.000000000000e+00,0.000000000000e+00,-1.938860416447e+02
0.000000000000e+00,-3.650410970121e+02,0.000000000000e+00,0.000000000000e+00,0.000000000000e+00,-1.938860416447e+02
0.000000000000e+00,-1.283935742743e+02,0.000000000000e+00,0.000000000000e+00,0.000000000000e+00,-1.938860416447e+02
