N,Vy,Vz,T,My,Mz
0.000000000000e+00,-1.085910979940e+03,0.000000000000e+00,0.000000000000e+00,0.000000000000e+00,-4.926985899689e+02
0.000000000000e+00,-4.845479329496e+02,0.000000000000e+00,0.000000000000e+00,0.000000000000e+00,-4.926985899689e+02
0.000000000000e+00,1.168151140411e+02,0.000000000000e+00,0.000000000000e+00,0.000000000000e+00,-4.926985899689e+02
