N,Vy,Vz,T,My,Mz
0.000000000000e+00,-5.577501207246e+02,0.000000000000e+00,0.000000000000e+00,0.000000000000e+00,-1.715888182353e+02
0.000000000000e+00,-3.483174641989e+02,0.000000000000e+00,0.000000000000e+00,0.000000000000e+00,-1.715888182353e+02
0.000000000000e+00,-1.388848076738e+02,0.000000000000e+00,0.000000000000e+00,0.000000000000e+00,-1.715888182353e+02
