N,Vy,Vz,T,My,Mz
0.000000000000e+00,-2.538990527870e+02,0.000000000000e+00,0.000000000000e+00,0.000000000000e+00,-4.590821266231e+01
0.000000000000e+00,-1.978658040416e+02,0.000000000000e+00,0.000000000000e+00,0.000000000000e+00,-4.590821266231e+01
0.000000000000e+00,-1.418325552939e+02,0.000000000000e+00,0.000000000000e+00,0.000000000000e+00,-4.590821266231e+01
