N,Vy,Vz,T,My,Mz
0.000000000000e+00,-4.495387465669e+02,0.000000000000e+00,0.000000000000e+00,0.000000000000e+00,-1.206856568674e+02
0.000000000000e+00,-3.022359212307e+02,0.000000000000e+00,0.000000000000e+00,0.000000000000e+00,-1.206856568674e+02
0.000000000000e+00,-1.549330958938e+02,0.000000000000e+00,0.000000000000e+00,0.000000000000e+00,-1.206856568674e+02
