N,Vy,Vz,T,My,Mz
0.000000000000e+00,-5.796819716227e+02,0.000000000000e+00,0.000000000000e+00,0.000000000000e+00,-1.826067765586e+02
0.000000000000e+00,-3.568013509185e+02,0.000000000000e+00,0.000000000000e+00,0.000000000000e+00,-1.826067765586e+02
0.000000000000e+00,-1.339207302142e+02,0.000000000000e+00,0.000000000000e+00,0.000000000000e+00,-1.826067765586e+02
