N,Vy,Vz,T,My,Mz
0.000000000000e+00,-1.289670964844e+03,0.000000000000e+00,0.000000000000e+00,0.000000000000e+00,-6.471381982271e+02
0.000000000000e+00,-4.998067220122e+02,0.000000000000e+00,0.000000000000e+00,0.000000000000e+00,-6.471381982271e+02
0.000000000000e+00,2.900575208191e+02,0.000000000000e+00,0.000000000000e+00,0.000000000000e+00,-6.471381982271e+02
