N,Vy,Vz,T,My,Mz
0.000000000000e+00,-3.933228690311e+00,0.000000000000e+00,0.000000000000e+00,0.000000000000e+00,-3.043810526998e-02
0.000000000000e+00,-3.896077475259e+00,0.000000000000e+00,0.000000000000e+00,0.000000000000e+00,-3.043810526998e-02
0.000000000000e+00,-3.858926258981e+00,0.000000000000e+00,0.000000000000e+00,0.000000000000e+00,-3.043810526998e-02
