N,Vy,Vz,T,My,Mz
0.000000000000e+00,-1.309510596684e+02,0.000000000000e+00,0.000000000000e+00,0.000000000000e+00,-1.408521334333e+01
0.000000000000e+00,-1.137593587263e+02,0.000000000000e+00,0.000000000000e+00,0.000000000000e+00,-1.408521334333e+01
0.000000000000e+00,-9.656765778295e+01,0.000000000000e+00,0.000000000000e+00,0.000000000000e+00,-1.408521334333e+01
