N,Vy,Vz,T,My,Mz
0.000000000000e+00,-1.179884778082e+03,0.000000000000e+00,0.000000000000e+00,0.000000000000e+00,-5.615905920756e+02
0.000000000000e+00,-4.944356282622e+02,0.000000000000e+00,0.000000000000e+00,0.000000000000e+00,-5.615905920756e+02
0.000000000000e+00,1.910135215581e+02,0.000000000000e+00,0.000000000000e+00,0.000000000000e+00,-5.615905920756e+02
