N,Vy,Vz,T,My,Mz
0.000000000000e+00,-7.347777752911e+02,0.000000000000e+00,0.000000000000e+00,0.000000000000e+00,-2.666218280840e+02
0.000000000000e+00,-4.093526204495e+02,0.000000000000e+00,0.000000000000e+00,0.000000000000e+00,-2.666218280840e+02
0.000000000000e+00,-8.392746560812e+01,0.000000000000e+00,0.000000000000e+00,0.000000000000e+00,-2.666218280840e+02
