N,Vy,Vz,T,My,Mz
0.000000000000e+00,-1.032429418850e+03,0.000000000000e+00,0.000000000000e+00,0.000000000000e+00,-4.551317691879e+02
0.000000000000e+00,-4.769185384182e+02,0.000000000000e+00,0.000000000000e+00,0.000000000000e+00,-4.551317691879e+02
0.000000000000e+00,7.859234201353e+01,0.000000000000e+00,0.000000000000e+00,0.000000000000e+00,-4.551317691879e+02
