N,Vy,Vz,T,My,Mz
0.000000000000e+00,-9.344318123360e+02,0.000000000000e+00,0.000000000000e+00,0.000000000000e+00,-3.892438411779e+02
0.000000000000e+00,-4.593404134185e+02,0.000000000000e+00,0.000000000000e+00,0.000000000000e+00,-3.892438411779e+02
0.000000000000e+00,1.575098549928e+01,0.000000000000e+00,0.000000000000e+00,0.000000000000e+00,-3.892438411779e+02
