N,Vy,Vz,T,My,Mz
0.000000000000e+00,-1.230560526761e+03,0.000000000000e+00,0.000000000000e+00,0.000000000000e+00,-6.003590424952e+02
0.000000000000e+00,-4.977925618560e+02,0.000000000000e+00,0.000000000000e+00,0.000000000000e+00,-6.003590424952e+02
0.000000000000e+00,2.349754030495e+02,0.000000000000e+00,0.000000000000e+00,0.000000000000e+00,-6.003590424952e+02
