N,Vy,Vz,T,My,Mz
0.000000000000e+00,-5.906765280364e+02,0.000000000000e+00,0.000000000000e+00,0.000000000000e+00,-1.882142225935e+02
0.000000000000e+00,-3.609517415438e+02,0.000000000000e+00,0.000000000000e+00,0.000000000000e+00,-1.882142225935e+02
0.000000000000e+00,-1.312269550512e+02,0.000000000000e+00,0.000000000000e+00,0.000000000000e+00,-1.882142225935e+02
