N,Vy,Vz,T,My,Mz
0.000000000000e+00,-1.128076002781e+03,0.000000000000e+00,0.000000000000e+00,0.000000000000e+00,-5.231440067377e+02
0.000000000000e+00,-4.895528157621e+02,0.000000000000e+00,0.000000000000e+00,0.000000000000e+00,-5.231440067377e+02
0.000000000000e+00,1.489703712568e+02,0.000000000000e+00,0.000000000000e+00,0.000000000000e+00,-5.231440067377e+02
