N,Vy,Vz,T,My,Mz
0.000000000000e+00,-2.788974490194e+01,0.000000000000e+00,0.000000000000e+00,0.000000000000e+00,-7.557074229088e-01
0.000000000000e+00,-2.696736654007e+01,0.000000000000e+00,0.000000000000e+00,0.000000000000e+00,-7.557074229088e-01
0.000000000000e+00,-2.604498817820e+01,0.000000000000e+00,0.000000000000e+00,0.000000000000e+00,-7.557074229088e-01
