N,Vy,Vz,T,My,Mz
0.000000000000e+00,-1.010825471575e+03,0.000000000000e+00,0.000000000000e+00,0.000000000000e+00,-4.402819474612e+02
0.000000000000e+00,-4.734395345118e+02,0.000000000000e+00,0.000000000000e+00,0.000000000000e+00,-4.402819474612e+02
0.000000000000e+00,6.394640255145e+01,0.000000000000e+00,0.000000000000e+00,0.000000000000e+00,-4.402819474612e+02
