N,Vy,Vz,T,My,Mz
0.000000000000e+00,-4.602320868475e+02,0.000000000000e+00,0.000000000000e+00,0.000000000000e+00,-1.254462401093e+02
0.000000000000e+00,-3.071187337314e+02,0.000000000000e+00,0.000000000000e+00,0.000000000000e+00,-1.254462401093e+02
0.000000000000e+00,-1.540053806154e+02,0.000000000000e+00,0.000000000000e+00,0.000000000000e+00,-1.254462401093e+02
