N,Vy,Vz,T,My,Mz
0.000000000000e+00,-7.803620866116e+01,0.000000000000e+00,0.000000000000e+00,0.000000000000e+00,-5.386273066263e+00
0.000000000000e+00,-7.146199544140e+01,0.000000000000e+00,0.000000000000e+00,0.000000000000e+00,-5.386273066263e+00
0.000000000000e+00,-6.488778222409e+01,0.000000000000e+00,0.000000000000e+00,0.000000000000e+00,-5.386273066263e+00
