N,Vy,Vz,T,My,Mz
0.000000000000e+00,-6.902769434662e+02,0.000000000000e+00,0.000000000000e+00,0.000000000000e+00,-2.414635817253e+02
0.000000000000e+00,-3.955586751367e+02,0.000000000000e+00,0.000000000000e+00,0.000000000000e+00,-2.414635817253e+02
0.000000000000e+00,-1.008404068079e+02,0.000000000000e+00,0.000000000000e+00,0.000000000000e+00,-2.414635817253e+02
