N,Vy,Vz,T,My,Mz
0.000000000000e+00,-9.454101510097e+02,0.000000000000e+00,0.000000000000e+00,0.000000000000e+00,-3.964382012753e+02
0.000000000000e+00,-4.615376790438e+02,0.000000000000e+00,0.000000000000e+00,0.000000000000e+00,-3.964382012753e+02
0.000000000000e+00,2.233479292225e+01,0.000000000000e+00,0.000000000000e+00,0.000000000000e+00,-3.964382012753e+02
