N,Vy,Vz,T,My,Mz
0.000000000000e+00,-1.021641375694e+03,0.000000000000e+00,0.000000000000e+00,0.000000000000e+00,-4.476932684656e+02
0.000000000000e+00,-4.752095540432e+02,0.000000000000e+00,0.000000000000e+00,0.000000000000e+00,-4.476932684656e+02
0.000000000000e+00,7.122226760787e+01,0.000000000000e+00,0.000000000000e+00,0.000000000000e+00,-4.476932684656e+02
