N,Vy,Vz,T,My,Mz
0.000000000000e+00,-1.210435502539e+03,0.000000000000e+00,0.000000000000e+00,0.000000000000e+00,-5.848206679121e+02
0.000000000000e+00,-4.966328938873e+02,0.000000000000e+00,0.000000000000e+00,0.000000000000e+00,-5.848206679121e+02
0.000000000000e+00,2.171697147642e+02,0.000000000000e+00,0.000000000000e+00,0.000000000000e+00,-5.848206679121e+02
