N,Vy,Vz,T,My,Mz
0.000000000000e+00,-8.460351187848e+02,0.000000000000e+00,0.000000000000e+00,0.000000000000e+00,-3.330221970934e+02
0.000000000000e+00,-4.395650227935e+02,0.000000000000e+00,0.000000000000e+00,0.000000000000e+00,-3.330221970934e+02
0.000000000000e+00,-3.309492680191e+01,0.000000000000e+00,0.000000000000e+00,0.000000000000e+00,-3.330221970934e+02
