N,Vy,Vz,T,My,Mz
0.000000000000e+00,-3.861054602862e+02,0.000000000000e+00,0.000000000000e+00,0.000000000000e+00,-9.376772244918e+01
0.000000000000e+00,-2.716573079477e+02,0.000000000000e+00,0.000000000000e+00,0.000000000000e+00,-9.376772244918e+01
0.000000000000e+00,-1.572091556097e+02,0.000000000000e+00,0.000000000000e+00,0.000000000000e+00,-9.376772244918e+01
