N,Vy,Vz,T,My,Mz
0.000000000000e+00,-1.769801180397e+02,0.000000000000e+00,0.000000000000e+00,0.000000000000e+00,-2.429350217202e+01
0.000000000000e+00,-1.473286946632e+02,0.000000000000e+00,0.000000000000e+00,0.000000000000e+00,-2.429350217202e+01
0.000000000000e+00,-1.176772712878e+02,0.000000000000e+00,0.000000000000e+00,0.000000000000e+00,-2.429350217202e+01
