N,Vy,Vz,T,My,Mz
0.000000000000e+00,-1.219503387823e+02,0.000000000000e+00,0.000000000000e+00,0.000000000000e+00,-1.236160596213e+01
0.000000000000e+00,-1.068623860693e+02,0.000000000000e+00,0.000000000000e+00,0.000000000000e+00,-1.236160596213e+01
0.000000000000e+00,-9.177443335635e+01,0.000000000000e+00,0.000000000000e+00,0.000000000000e+00,-1.236160596213e+01
