N,Vy,Vz,T,My,Mz
0.000000000000e+00,-3.965853361314e+02,0.000000000000e+00,0.000000000000e+00,0.000000000000e+00,-9.805337588148e+01
0.000000000000e+00,-2.769063313837e+02,0.000000000000e+00,0.000000000000e+00,0.000000000000e+00,-9.805337588148e+01
0.000000000000e+00,-1.572273266373e+02,0.000000000000e+00,0.000000000000e+00,0.000000000000e+00,-9.805337588148e+01
