N,Vy,Vz,T,My,Mz
0.000000000000e+00,-1.270187569968e+03,0.000000000000e+00,0.000000000000e+00,0.000000000000e+00,-6.315254370473e+02
0.000000000000e+00,-4.993794759185e+02,0.000000000000e+00,0.000000000000e+00,0.000000000000e+00,-6.315254370473e+02
0.000000000000e+00,2.714286181310e+02,0.000000000000e+00,0.000000000000e+00,0.000000000000e+00,-6.315254370473e+02
