N,Vy,Vz,T,My,Mz
0.000000000000e+00,-1.981880380099e+01,0.000000000000e+00,0.000000000000e+00,0.000000000000e+00,-3.939469655264e-01
0.000000000000e+00,-1.933797200522e+01,0.000000000000e+00,0.000000000000e+00,0.000000000000e+00,-3.939469655264e-01
0.000000000000e+00,-1.885714020945e+01,0.000000000000e+00,0.000000000000e+00,0.000000000000e+00,-3.939469655264e-01
