N,Vy,Vz,T,My,Mz
0.000000000000e+00,-1.260361594838e+03,0.000000000000e+00,0.000000000000e+00,0.000000000000e+00,-6.237250169218e+02
0.000000000000e+00,-4.990743001372e+02,0.000000000000e+00,0.000000000000e+00,0.000000000000e+00,-6.237250169218e+02
0.000000000000e+00,2.622129945637e+02,0.000000000000e+00,0.000000000000e+00,0.000000000000e+00,-6.237250169218e+02
