N,Vy,Vz,T,My,Mz
0.000000000000e+00,-9.537930982125e+01,0.000000000000e+00,0.000000000000e+00,0.000000000000e+00,-7.844050725332e+00
0.000000000000e+00,-8.580525716314e+01,0.000000000000e+00,0.000000000000e+00,0.000000000000e+00,-7.844050725332e+00
0.000000000000e+00,-7.623120450502e+01,0.000000000000e+00,0.000000000000e+00,0.000000000000e+00,-7.844050725332e+00
