N,Vy,Vz,T,My,Mz
0.000000000000e+00,-7.681827069148e+02,0.000000000000e+00,0.000000000000e+00,0.000000000000e+00,-2.860395908406e+02
0.000000000000e+00,-4.190572102927e+02,0.000000000000e+00,0.000000000000e+00,0.000000000000e+00,-2.860395908406e+02
0.000000000000e+00,-6.993171367060e+01,0.000000000000e+00,0.000000000000e+00,0.000000000000e+00,-2.860395908406e+02
