N,Vy,Vz,T,My,Mz
0.000000000000e+00,-1.117591088600e+03,0.000000000000e+00,0.000000000000e+00,0.000000000000e+00,-5.155038038974e+02
0.000000000000e+00,-4.883931477933e+02,0.000000000000e+00,0.000000000000e+00,0.000000000000e+00,-5.155038038974e+02
0.000000000000e+00,1.408047930138e+02,0.000000000000e+00,0.000000000000e+00,0.000000000000e+00,-5.155038038974e+02
