N,Vy,Vz,T,My,Mz
0.000000000000e+00,-6.680642269642e+02,0.000000000000e+00,0.000000000000e+00,0.000000000000e+00,-2.292153835338e+02
0.000000000000e+00,-3.882954915439e+02,0.000000000000e+00,0.000000000000e+00,0.000000000000e+00,-2.292153835338e+02
0.000000000000e+00,-1.085267561236e+02,0.000000000000e+00,0.000000000000e+00,0.000000000000e+00,-2.292153835338e+02
