N,Vy,Vz,T,My,Mz
0.000000000000e+00,-9.013901588883e+02,0.000000000000e+00,0.000000000000e+00,0.000000000000e+00,-3.678734302584e+02
0.000000000000e+00,-4.523824056064e+02,0.000000000000e+00,0.000000000000e+00,0.000000000000e+00,-3.678734302584e+02
0.000000000000e+00,-3.374652324477e+00,0.000000000000e+00,0.000000000000e+00,0.000000000000e+00,-3.678734302584e+02
