N,Vy,Vz,T,My,Mz
0.000000000000e+00,-1.043188437036e+03,0.000000000000e+00,0.000000000000e+00,0.000000000000e+00,-4.625964959540e+02
0.000000000000e+00,-4.785664876371e+02,0.000000000000e+00,0.000000000000e+00,0.000000000000e+00,-4.625964959540e+02
0.000000000000e+00,8.605546176124e+01,0.000000000000e+00,0.000000000000e+00,0.000000000000e+00,-4.625964959540e+02
