Local DOF,R_e Value
0,0.000000000000e+00
1,-6.642186237087e-04
2,0.000000000000e+00
3,0.000000000000e+00
4,0.000000000000e+00
5,-8.499065546493e-04
6,0.000000000000e+00
7,-6.775707664780e-04
8,0.000000000000e+00
9,0.000000000000e+00
10,0.000000000000e+00
11,-8.535745983596e-04
