Local DOF,R_e Value
0,0.000000000000e+00
1,-2.322821797188e-05
2,0.000000000000e+00
3,0.000000000000e+00
4,0.000000000000e+00
5,-2.159748673732e-04
6,0.000000000000e+00
7,-2.678130330042e-05
8,0.000000000000e+00
9,0.000000000000e+00
10,0.000000000000e+00
11,-2.312895660012e-04
