Local DOF,R_e Value
0,0.000000000000e+00
1,-2.215518107596e-04
2,0.000000000000e+00
3,0.000000000000e+00
4,0.000000000000e+00
5,-5.952968030147e-04
6,0.000000000000e+00
7,-2.309866665044e-04
8,0.000000000000e+00
9,0.000000000000e+00
10,0.000000000000e+00
11,-6.051213435647e-04
