Local DOF,R_e Value
0,0.000000000000e+00
1,-6.509243239233e-04
2,0.000000000000e+00
3,0.000000000000e+00
4,0.000000000000e+00
5,-8.460999334407e-04
6,0.000000000000e+00
7,-6.642186237087e-04
8,0.000000000000e+00
9,0.000000000000e+00
10,0.000000000000e+00
11,-8.499065546493e-04
