Local DOF,R_e Value
0,0.000000000000e+00
1,-5.091496888243e-04
2,0.000000000000e+00
3,0.000000000000e+00
4,0.000000000000e+00
5,-7.946185143732e-04
6,0.000000000000e+00
7,-5.216575397215e-04
8,0.000000000000e+00
9,0.000000000000e+00
10,0.000000000000e+00
11,-8.000539805412e-04
