Local DOF,R_e Value
0,0.000000000000e+00
1,-8.833920531001e-04
2,0.000000000000e+00
3,0.000000000000e+00
4,0.000000000000e+00
5,-8.932723184417e-04
6,0.000000000000e+00
7,-8.973957512680e-04
8,0.000000000000e+00
9,0.000000000000e+00
10,0.000000000000e+00
11,-8.949938855250e-04
