Local DOF,R_e Value
0,0.000000000000e+00
1,-7.066468225524e-06
2,0.000000000000e+00
3,0.000000000000e+00
4,0.000000000000e+00
5,-1.201914410362e-04
6,0.000000000000e+00
7,-9.131690698017e-06
8,0.000000000000e+00
9,0.000000000000e+00
10,0.000000000000e+00
11,-1.366192128815e-04
