Local DOF,R_e Value
0,-0.000000000000e+00
1,-1.309261190782e-03
2,-0.000000000000e+00
3,-0.000000000000e+00
4,-0.000000000000e+00
5,-9.123921363590e-04
6,0.000000000000e+00
7,-1.323518013025e-03
8,0.000000000000e+00
9,0.000000000000e+00
10,0.000000000000e+00
11,-9.123932183444e-04
