Local DOF,R_e Value
0,0.000000000000e+00
1,-1.682906677630e-04
2,0.000000000000e+00
3,0.000000000000e+00
4,0.000000000000e+00
5,-5.325833043713e-04
6,0.000000000000e+00
7,-1.767548797373e-04
8,0.000000000000e+00
9,0.000000000000e+00
10,0.000000000000e+00
11,-5.434860982884e-04
