Local DOF,R_e Value
0,0.000000000000e+00
1,-9.395522519538e-04
2,0.000000000000e+00
3,0.000000000000e+00
4,0.000000000000e+00
5,-8.995550970511e-04
6,0.000000000000e+00
7,-9.536477066208e-04
8,0.000000000000e+00
9,0.000000000000e+00
10,0.000000000000e+00
11,-9.008831014898e-04
