Local DOF,R_e Value
0,0.000000000000e+00
1,-1.209438158875e-03
2,0.000000000000e+00
3,0.000000000000e+00
4,0.000000000000e+00
5,-9.120307044838e-04
6,0.000000000000e+00
7,-1.223699319592e-03
8,0.000000000000e+00
9,0.000000000000e+00
10,0.000000000000e+00
11,-9.121488361850e-04
