Local DOF,R_e Value
0,0.000000000000e+00
1,-1.010207036293e-03
2,0.000000000000e+00
3,0.000000000000e+00
4,0.000000000000e+00
5,-9.053064448661e-04
6,0.000000000000e+00
7,-1.024384438964e-03
8,0.000000000000e+00
9,0.000000000000e+00
10,0.000000000000e+00
11,-9.062044742969e-04
