Local DOF,R_e Value
0,0.000000000000e+00
1,-9.677623184279e-04
2,0.000000000000e+00
3,0.000000000000e+00
4,0.000000000000e+00
5,-9.021194211799e-04
6,0.000000000000e+00
7,-9.818946593241e-04
8,0.000000000000e+00
9,0.000000000000e+00
10,0.000000000000e+00
11,-9.032668460286e-04
