Local DOF,R_e Value
0,0.000000000000e+00
1,-2.803846640951e-04
2,0.000000000000e+00
3,0.000000000000e+00
4,0.000000000000e+00
5,-6.515837267336e-04
6,0.000000000000e+00
7,-2.906896262631e-04
8,0.000000000000e+00
9,0.000000000000e+00
10,0.000000000000e+00
11,-6.603481622995e-04
