Local DOF,R_e Value
0,0.000000000000e+00
1,-1.052775436259e-03
2,0.000000000000e+00
3,0.000000000000e+00
4,0.000000000000e+00
5,-9.077720531948e-04
6,0.000000000000e+00
7,-1.066986678863e-03
8,0.000000000000e+00
9,0.000000000000e+00
10,0.000000000000e+00
11,-9.084477974603e-04
