Local DOF,R_e Value
0,0.000000000000e+00
1,-5.983697921555e-04
2,0.000000000000e+00
3,0.000000000000e+00
4,0.000000000000e+00
5,-8.294538906052e-04
6,0.000000000000e+00
7,-6.114105365834e-04
8,0.000000000000e+00
9,0.000000000000e+00
10,0.000000000000e+00
11,-8.338316081633e-04
