Local DOF,R_e Value
0,0.000000000000e+00
1,-9.355967631094e-05
2,0.000000000000e+00
3,0.000000000000e+00
4,0.000000000000e+00
5,-4.135405028784e-04
6,0.000000000000e+00
7,-1.001790002738e-04
8,0.000000000000e+00
9,0.000000000000e+00
10,0.000000000000e+00
11,-4.262684087322e-04
