Local DOF,R_e Value
0,0.000000000000e+00
1,-1.180919060539e-03
2,0.000000000000e+00
3,0.000000000000e+00
4,0.000000000000e+00
5,-9.116926574342e-04
6,0.000000000000e+00
7,-1.195177885811e-03
8,0.000000000000e+00
9,0.000000000000e+00
10,0.000000000000e+00
11,-9.118799089147e-04
