Local DOF,R_e Value
0,0.000000000000e+00
1,-3.552669762068e-04
2,0.000000000000e+00
3,0.000000000000e+00
4,0.000000000000e+00
5,-7.092937795819e-04
6,0.000000000000e+00
7,-3.664625713920e-04
8,0.000000000000e+00
9,0.000000000000e+00
10,0.000000000000e+00
11,-7.168515180545e-04
