Local DOF,R_e Value
0,0.000000000000e+00
1,-4.967275888889e-04
2,0.000000000000e+00
3,0.000000000000e+00
4,0.000000000000e+00
5,-7.890265076683e-04
6,0.000000000000e+00
7,-5.091496888243e-04
8,0.000000000000e+00
9,0.000000000000e+00
10,0.000000000000e+00
11,-7.946185143732e-04
