Local DOF,R_e Value
0,0.000000000000e+00
1,-5.596712232252e-04
2,0.000000000000e+00
3,0.000000000000e+00
4,0.000000000000e+00
5,-8.154341494327e-04
6,0.000000000000e+00
7,-5.724978061812e-04
8,0.000000000000e+00
9,0.000000000000e+00
10,0.000000000000e+00
11,-8.202566550618e-04
