Local DOF,R_e Value
0,0.000000000000e+00
1,-3.777746603855e-04
2,0.000000000000e+00
3,0.000000000000e+00
4,0.000000000000e+00
5,-7.242400297006e-04
6,0.000000000000e+00
7,-3.892005961881e-04
8,0.000000000000e+00
9,0.000000000000e+00
10,0.000000000000e+00
11,-7.314601925622e-04
