Local DOF,R_e Value
0,0.000000000000e+00
1,-7.179527397618e-04
2,0.000000000000e+00
3,0.000000000000e+00
4,0.000000000000e+00
5,-8.637651215007e-04
6,0.000000000000e+00
7,-7.315148829469e-04
8,0.000000000000e+00
9,0.000000000000e+00
10,0.000000000000e+00
11,-8.668969320826e-04
