Local DOF,R_e Value
0,0.000000000000e+00
1,-2.431183488259e-06
2,0.000000000000e+00
3,0.000000000000e+00
4,0.000000000000e+00
5,-6.979452687403e-05
6,0.000000000000e+00
7,-3.713313558258e-06
8,0.000000000000e+00
9,0.000000000000e+00
10,0.000000000000e+00
11,-8.677910776880e-05
