Local DOF,R_e Value
0,0.000000000000e+00
1,-3.713313558258e-06
2,0.000000000000e+00
3,0.000000000000e+00
4,0.000000000000e+00
5,-8.677910776880e-05
6,0.000000000000e+00
7,-5.259375488745e-06
8,0.000000000000e+00
9,0.000000000000e+00
10,0.000000000000e+00
11,-1.035780764418e-04
