Local DOF,R_e Value
0,0.000000000000e+00
1,-8.714060099420e-05
2,0.000000000000e+00
3,0.000000000000e+00
4,0.000000000000e+00
5,-4.006287178736e-04
6,0.000000000000e+00
7,-9.355967631094e-05
8,0.000000000000e+00
9,0.000000000000e+00
10,0.000000000000e+00
11,-4.135405028784e-04
