Local DOF,R_e Value
0,0.000000000000e+00
1,-2.906896262631e-04
2,0.000000000000e+00
3,0.000000000000e+00
4,0.000000000000e+00
5,-6.603481622995e-04
6,0.000000000000e+00
7,-3.011299583628e-04
8,0.000000000000e+00
9,0.000000000000e+00
10,0.000000000000e+00
11,-6.689380425991e-04
