Local DOF,R_e Value
0,0.000000000000e+00
1,-7.724770715315e-04
2,0.000000000000e+00
3,0.000000000000e+00
4,0.000000000000e+00
5,-8.755244536725e-04
6,0.000000000000e+00
7,-7.862164267980e-04
8,0.000000000000e+00
9,0.000000000000e+00
10,0.000000000000e+00
11,-8.781511017727e-04
