Local DOF,R_e Value
0,0.000000000000e+00
1,-4.600005616331e-04
2,0.000000000000e+00
3,0.000000000000e+00
4,0.000000000000e+00
5,-7.712989636067e-04
6,0.000000000000e+00
7,-4.721505298202e-04
8,0.000000000000e+00
9,0.000000000000e+00
10,0.000000000000e+00
11,-7.773679244571e-04
