Local DOF,R_e Value
0,0.000000000000e+00
1,-1.941869426127e-04
2,0.000000000000e+00
3,0.000000000000e+00
4,0.000000000000e+00
5,-5.647497892699e-04
6,0.000000000000e+00
7,-2.031491439745e-04
8,0.000000000000e+00
9,0.000000000000e+00
10,0.000000000000e+00
11,-5.751114944514e-04
