N,Vy,Vz,T,My,Mz
0.000000000000e+00,-9.284264657455e+03,0.000000000000e+00,0.000000000000e+00,0.000000000000e+00,-4.583536783854e+02
0.000000000000e+00,-3.331705729166e+02,0.000000000000e+00,0.000000000000e+00,0.000000000000e+00,-4.583536783854e+02
0.000000000000e+00,8.617923511621e+03,0.000000000000e+00,0.000000000000e+00,0.000000000000e+00,-4.583536783854e+02
