N,Vy,Vz,T,My,Mz
0.000000000000e+00,-4.507243714727e+03,0.000000000000e+00,0.000000000000e+00,0.000000000000e+00,-2.151896158854e+02
0.000000000000e+00,-3.048502604166e+02,0.000000000000e+00,0.000000000000e+00,0.000000000000e+00,-2.151896158854e+02
0.000000000000e+00,3.897543193894e+03,0.000000000000e+00,0.000000000000e+00,0.000000000000e+00,-2.151896158854e+02
