Local DOF,R_e Value
0,0.000000000000e+00
1,-1.892046284412e-04
2,0.000000000000e+00
3,0.000000000000e+00
4,0.000000000000e+00
5,-6.487928452591e-04
6,0.000000000000e+00
7,-1.995363445124e-04
8,0.000000000000e+00
9,0.000000000000e+00
10,0.000000000000e+00
11,-6.631794178018e-04
