Local DOF,R_e Value
0,0.000000000000e+00
1,-1.410242503629e-04
2,0.000000000000e+00
3,0.000000000000e+00
4,0.000000000000e+00
5,-5.729559532168e-04
6,0.000000000000e+00
7,-1.501829356823e-04
8,0.000000000000e+00
9,0.000000000000e+00
10,0.000000000000e+00
11,-5.886474943325e-04
