Local DOF,R_e Value
0,0.000000000000e+00
1,-4.063533243465e-05
2,0.000000000000e+00
3,0.000000000000e+00
4,0.000000000000e+00
5,-3.251455680026e-04
6,0.000000000000e+00
7,-4.595485987036e-05
8,0.000000000000e+00
9,0.000000000000e+00
10,0.000000000000e+00
11,-3.446108143655e-04
