Local DOF,R_e Value
0,0.000000000000e+00
1,-7.545842671828e-04
2,0.000000000000e+00
3,0.000000000000e+00
4,0.000000000000e+00
5,-1.043705002087e-03
6,0.000000000000e+00
7,-7.709902093667e-04
8,0.000000000000e+00
9,0.000000000000e+00
10,0.000000000000e+00
11,-1.048881220700e-03
