Local DOF,R_e Value
0,0.000000000000e+00
1,-1.529779362598e-05
2,0.000000000000e+00
3,0.000000000000e+00
4,0.000000000000e+00
5,-2.025713000209e-04
6,0.000000000000e+00
7,-1.871583161756e-05
8,0.000000000000e+00
9,0.000000000000e+00
10,0.000000000000e+00
11,-2.236908963372e-04
