Local DOF,R_e Value
0,0.000000000000e+00
1,-4.059801305523e-04
2,0.000000000000e+00
3,0.000000000000e+00
4,0.000000000000e+00
5,-8.694251306901e-04
6,0.000000000000e+00
7,-4.197162136107e-04
8,0.000000000000e+00
9,0.000000000000e+00
10,0.000000000000e+00
11,-8.793870346943e-04
