Local DOF,R_e Value
0,0.000000000000e+00
1,-2.544506858284e-04
2,0.000000000000e+00
3,0.000000000000e+00
4,0.000000000000e+00
5,-7.312727447829e-04
6,0.000000000000e+00
7,-2.660567948318e-04
8,0.000000000000e+00
9,0.000000000000e+00
10,0.000000000000e+00
11,-7.441324250715e-04
