Local DOF,R_e Value
0,0.000000000000e+00
1,-7.053418540652e-06
2,0.000000000000e+00
3,0.000000000000e+00
4,0.000000000000e+00
5,-1.375490691361e-04
6,0.000000000000e+00
7,-9.462242961913e-06
8,0.000000000000e+00
9,0.000000000000e+00
10,0.000000000000e+00
11,-1.595006583301e-04
