Local DOF,R_e Value
0,0.000000000000e+00
1,-7.058670171506e-04
2,0.000000000000e+00
3,0.000000000000e+00
4,0.000000000000e+00
5,-1.027069231676e-03
6,0.000000000000e+00
7,-7.220197640347e-04
8,0.000000000000e+00
9,0.000000000000e+00
10,0.000000000000e+00
11,-1.032801522740e-03
