Local DOF,R_e Value
0,0.000000000000e+00
1,-2.246159349340e-05
2,0.000000000000e+00
3,0.000000000000e+00
4,0.000000000000e+00
5,-2.445337621616e-04
6,0.000000000000e+00
7,-2.653074734259e-05
8,0.000000000000e+00
9,0.000000000000e+00
10,0.000000000000e+00
11,-2.651002543757e-04
