Local DOF,R_e Value
0,0.000000000000e+00
1,-6.109528008630e-04
2,0.000000000000e+00
3,0.000000000000e+00
4,0.000000000000e+00
5,-9.885946636374e-04
6,0.000000000000e+00
7,-6.265180812679e-04
8,0.000000000000e+00
9,0.000000000000e+00
10,0.000000000000e+00
11,-9.955047148257e-04
