Local DOF,R_e Value
0,0.000000000000e+00
1,-1.059763743254e-03
2,0.000000000000e+00
3,0.000000000000e+00
4,0.000000000000e+00
5,-1.111521267186e-03
6,0.000000000000e+00
7,-1.077190884526e-03
8,0.000000000000e+00
9,0.000000000000e+00
10,0.000000000000e+00
11,-1.113878172475e-03
