Local DOF,R_e Value
0,0.000000000000e+00
1,-3.091896709601e-05
2,0.000000000000e+00
3,0.000000000000e+00
4,0.000000000000e+00
5,-2.853907638498e-04
6,0.000000000000e+00
7,-3.562193305746e-05
8,0.000000000000e+00
9,0.000000000000e+00
10,0.000000000000e+00
11,-3.054057154429e-04
