Local DOF,R_e Value
0,0.000000000000e+00
1,-1.007711828334e-03
2,0.000000000000e+00
3,0.000000000000e+00
4,0.000000000000e+00
5,-1.103649335227e-03
6,0.000000000000e+00
7,-1.025022101542e-03
8,0.000000000000e+00
9,0.000000000000e+00
10,0.000000000000e+00
11,-1.106409975524e-03
