Local DOF,R_e Value
0,0.000000000000e+00
1,-2.318498064162e-04
2,0.000000000000e+00
3,0.000000000000e+00
4,0.000000000000e+00
5,-7.047983247952e-04
6,0.000000000000e+00
7,-2.430470407291e-04
8,0.000000000000e+00
9,0.000000000000e+00
10,0.000000000000e+00
11,-7.181618255422e-04
