Local DOF,R_e Value
0,0.000000000000e+00
1,-9.462242961913e-06
2,0.000000000000e+00
3,0.000000000000e+00
4,0.000000000000e+00
5,-1.595006583301e-04
6,0.000000000000e+00
7,-1.221181674033e-05
8,0.000000000000e+00
9,0.000000000000e+00
10,0.000000000000e+00
11,-1.811746503199e-04
