Local DOF,R_e Value
0,0.000000000000e+00
1,-3.275420825733e-06
2,0.000000000000e+00
3,0.000000000000e+00
4,0.000000000000e+00
5,-9.281224941749e-05
6,0.000000000000e+00
7,-4.989693443969e-06
8,0.000000000000e+00
9,0.000000000000e+00
10,0.000000000000e+00
11,-1.153196618112e-04
