Local DOF,R_e Value
0,0.000000000000e+00
1,-6.370727963434e-05
2,0.000000000000e+00
3,0.000000000000e+00
4,0.000000000000e+00
5,-4.013643544682e-04
6,0.000000000000e+00
7,-7.020843302004e-05
8,0.000000000000e+00
9,0.000000000000e+00
10,0.000000000000e+00
11,-4.197367841823e-04
