Local DOF,R_e Value
0,0.000000000000e+00
1,-8.406068435325e-05
2,0.000000000000e+00
3,0.000000000000e+00
4,0.000000000000e+00
5,-4.556674438278e-04
6,0.000000000000e+00
7,-9.140329426432e-05
8,0.000000000000e+00
9,0.000000000000e+00
10,0.000000000000e+00
11,-4.732271012853e-04
