Local DOF,R_e Value
0,0.000000000000e+00
1,-7.874748019339e-04
2,0.000000000000e+00
3,0.000000000000e+00
4,0.000000000000e+00
5,-1.053877168809e-03
6,0.000000000000e+00
7,-8.040352376863e-04
8,0.000000000000e+00
9,0.000000000000e+00
10,0.000000000000e+00
11,-1.058695446550e-03
