Local DOF,R_e Value
0,0.000000000000e+00
1,-5.649230097933e-04
2,0.000000000000e+00
3,0.000000000000e+00
4,0.000000000000e+00
5,-9.666292240401e-04
6,0.000000000000e+00
7,-5.801520258990e-04
8,0.000000000000e+00
9,0.000000000000e+00
10,0.000000000000e+00
11,-9.741591275114e-04
