Local DOF,R_e Value
0,0.000000000000e+00
1,-2.728860244885e-07
2,0.000000000000e+00
3,0.000000000000e+00
4,0.000000000000e+00
5,-2.362062227435e-05
6,0.000000000000e+00
7,-9.126583858499e-07
8,0.000000000000e+00
9,0.000000000000e+00
10,0.000000000000e+00
11,-4.696283161520e-05
