Local DOF,R_e Value
0,0.000000000000e+00
1,-9.732233085474e-04
2,0.000000000000e+00
3,0.000000000000e+00
4,0.000000000000e+00
5,-1.097702685805e-03
6,0.000000000000e+00
7,-9.904448192794e-04
8,0.000000000000e+00
9,0.000000000000e+00
10,0.000000000000e+00
11,-1.100747919317e-03
