Local DOF,R_e Value
0,0.000000000000e+00
1,-8.541441486489e-04
2,0.000000000000e+00
3,0.000000000000e+00
4,0.000000000000e+00
5,-1.072110768765e-03
6,0.000000000000e+00
7,-8.709807109796e-04
8,0.000000000000e+00
9,0.000000000000e+00
10,0.000000000000e+00
11,-1.076245046178e-03
