Local DOF,R_e Value
0,0.000000000000e+00
1,-6.738353595221e-04
2,0.000000000000e+00
3,0.000000000000e+00
4,0.000000000000e+00
5,-1.015031225856e-03
6,0.000000000000e+00
7,-6.898045477479e-04
8,0.000000000000e+00
9,0.000000000000e+00
10,0.000000000000e+00
11,-1.021146609446e-03
