Local DOF,R_e Value
0,0.000000000000e+00
1,-4.449417268501e-05
2,0.000000000000e+00
3,0.000000000000e+00
4,0.000000000000e+00
5,-3.447032636778e-04
6,0.000000000000e+00
7,-1.663956701985e-04
8,0.000000000000e+00
9,0.000000000000e+00
10,0.000000000000e+00
11,-6.196120054694e-04
