Local DOF,R_e Value
0,0.000000000000e+00
1,-1.663956701985e-04
2,0.000000000000e+00
3,0.000000000000e+00
4,0.000000000000e+00
5,-6.196120054694e-04
6,0.000000000000e+00
7,-3.486293396024e-04
8,0.000000000000e+00
9,0.000000000000e+00
10,0.000000000000e+00
11,-8.280674524862e-04
