Local DOF,R_e Value
0,0.000000000000e+00
1,-1.862839535769e-04
2,0.000000000000e+00
3,0.000000000000e+00
4,0.000000000000e+00
5,-6.487949832760e-04
6,0.000000000000e+00
7,-1.965341069097e-04
8,0.000000000000e+00
9,0.000000000000e+00
10,0.000000000000e+00
11,-6.631816087916e-04
