Local DOF,R_e Value
0,0.000000000000e+00
1,-4.714751939474e-04
2,0.000000000000e+00
3,0.000000000000e+00
4,0.000000000000e+00
5,-9.169492900468e-04
6,0.000000000000e+00
7,-4.858717769571e-04
8,0.000000000000e+00
9,0.000000000000e+00
10,0.000000000000e+00
11,-9.257762939985e-04
