Local DOF,R_e Value
0,0.000000000000e+00
1,-8.214424267157e-05
2,0.000000000000e+00
3,0.000000000000e+00
4,0.000000000000e+00
5,-4.556689020009e-04
6,0.000000000000e+00
7,-8.940160589906e-05
8,0.000000000000e+00
9,0.000000000000e+00
10,0.000000000000e+00
11,-4.732286192266e-04
