Local DOF,R_e Value
0,0.000000000000e+00
1,-8.846960084149e-06
2,0.000000000000e+00
3,0.000000000000e+00
4,0.000000000000e+00
5,-1.595011520245e-04
6,0.000000000000e+00
7,-1.150885548079e-05
8,0.000000000000e+00
9,0.000000000000e+00
10,0.000000000000e+00
11,-1.811752122769e-04
