Local DOF,R_e Value
0,0.000000000000e+00
1,-7.815195815969e-04
2,0.000000000000e+00
3,0.000000000000e+00
4,0.000000000000e+00
5,-1.053881073354e-03
6,0.000000000000e+00
7,-7.980243460250e-04
8,0.000000000000e+00
9,0.000000000000e+00
10,0.000000000000e+00
11,-1.058699379719e-03
