Local DOF,R_e Value
0,0.000000000000e+00
1,-4.153206708982e-04
2,0.000000000000e+00
3,0.000000000000e+00
4,0.000000000000e+00
5,-8.793900823694e-04
6,0.000000000000e+00
7,-4.291374655620e-04
8,0.000000000000e+00
9,0.000000000000e+00
10,0.000000000000e+00
11,-8.891213358172e-04
