Local DOF,R_e Value
0,0.000000000000e+00
1,-9.154782942912e-04
2,0.000000000000e+00
3,0.000000000000e+00
4,0.000000000000e+00
5,-1.087678287248e-03
6,0.000000000000e+00
7,-9.325007700510e-04
8,0.000000000000e+00
9,0.000000000000e+00
10,0.000000000000e+00
11,-1.091172909716e-03
