Local DOF,R_e Value
0,0.000000000000e+00
1,-6.367708005445e-04
2,0.000000000000e+00
3,0.000000000000e+00
4,0.000000000000e+00
5,-1.002216245207e-03
6,0.000000000000e+00
7,-6.524815325801e-04
8,0.000000000000e+00
9,0.000000000000e+00
10,0.000000000000e+00
11,-1.008724339862e-03
