Local DOF,R_e Value
0,0.000000000000e+00
1,-1.783778529378e-05
2,0.000000000000e+00
3,0.000000000000e+00
4,0.000000000000e+00
5,-2.236915931205e-04
6,0.000000000000e+00
7,-2.149616195118e-05
8,0.000000000000e+00
9,0.000000000000e+00
10,0.000000000000e+00
11,-2.445345255086e-04
