Local DOF,R_e Value
0,0.000000000000e+00
1,-1.441129848524e-03
2,0.000000000000e+00
3,0.000000000000e+00
4,0.000000000000e+00
5,-1.138942929805e-03
6,0.000000000000e+00
7,-1.458928471974e-03
8,0.000000000000e+00
9,0.000000000000e+00
10,0.000000000000e+00
11,-1.139272250763e-03
