Local DOF,R_e Value
0,0.000000000000e+00
1,-2.923587707714e-06
2,0.000000000000e+00
3,0.000000000000e+00
4,0.000000000000e+00
5,-9.281253492626e-05
6,0.000000000000e+00
7,-4.549985368982e-06
8,0.000000000000e+00
9,0.000000000000e+00
10,0.000000000000e+00
11,-1.153200172815e-04
