Local DOF,R_e Value
0,0.000000000000e+00
1,-8.647556236443e-04
2,0.000000000000e+00
3,0.000000000000e+00
4,0.000000000000e+00
5,-1.076249088179e-03
6,0.000000000000e+00
7,-8.816032443281e-04
8,0.000000000000e+00
9,0.000000000000e+00
10,0.000000000000e+00
11,-1.080219231532e-03
