Local DOF,R_e Value
0,0.000000000000e+00
1,-3.439510389888e-05
2,0.000000000000e+00
3,0.000000000000e+00
4,0.000000000000e+00
5,-3.054066750834e-04
6,0.000000000000e+00
7,-3.932165919033e-05
8,0.000000000000e+00
9,0.000000000000e+00
10,0.000000000000e+00
11,-3.251465919418e-04
