Local DOF,R_e Value
0,0.000000000000e+00
1,-3.106323141330e-04
2,0.000000000000e+00
3,0.000000000000e+00
4,0.000000000000e+00
5,-7.930894869752e-04
6,0.000000000000e+00
7,-3.231154733219e-04
8,0.000000000000e+00
9,0.000000000000e+00
10,0.000000000000e+00
11,-8.047143471698e-04
