Local DOF,R_e Value
0,0.000000000000e+00
1,-1.352238419110e-03
2,0.000000000000e+00
3,0.000000000000e+00
4,0.000000000000e+00
5,-1.136413799405e-03
6,0.000000000000e+00
7,-1.369999948165e-03
8,0.000000000000e+00
9,0.000000000000e+00
10,0.000000000000e+00
11,-1.137050097984e-03
