Local DOF,R_e Value
0,0.000000000000e+00
1,-5.150700735496e-04
2,0.000000000000e+00
3,0.000000000000e+00
4,0.000000000000e+00
5,-9.427685058398e-04
6,0.000000000000e+00
7,-5.298649350243e-04
8,0.000000000000e+00
9,0.000000000000e+00
10,0.000000000000e+00
11,-9.509377243984e-04
