Local DOF,R_e Value
0,0.000000000000e+00
1,-2.070070371203e-04
2,0.000000000000e+00
3,0.000000000000e+00
4,0.000000000000e+00
5,-6.773106219041e-04
6,0.000000000000e+00
7,-2.176987283973e-04
8,0.000000000000e+00
9,0.000000000000e+00
10,0.000000000000e+00
11,-6.911832292128e-04
