Local DOF,R_e Value
0,0.000000000000e+00
1,-8.312529060613e-04
2,0.000000000000e+00
3,0.000000000000e+00
4,0.000000000000e+00
5,-1.067813550137e-03
6,0.000000000000e+00
7,-8.479713153247e-04
8,0.000000000000e+00
9,0.000000000000e+00
10,0.000000000000e+00
11,-1.072114784408e-03
