Local DOF,R_e Value
0,0.000000000000e+00
1,-1.127904804411e-04
2,0.000000000000e+00
3,0.000000000000e+00
4,0.000000000000e+00
5,-5.242943569657e-04
6,0.000000000000e+00
7,-1.211117305532e-04
8,0.000000000000e+00
9,0.000000000000e+00
10,0.000000000000e+00
11,-5.407812406447e-04
