Local DOF,R_e Value
0,0.000000000000e+00
1,-2.862204488737e-04
2,0.000000000000e+00
3,0.000000000000e+00
4,0.000000000000e+00
5,-7.691062033422e-04
6,0.000000000000e+00
7,-2.983326977753e-04
8,0.000000000000e+00
9,0.000000000000e+00
10,0.000000000000e+00
11,-7.812206098654e-04
