Local DOF,R_e Value
0,0.000000000000e+00
1,-1.475920646665e-04
2,0.000000000000e+00
3,0.000000000000e+00
4,0.000000000000e+00
5,-5.886494147953e-04
6,0.000000000000e+00
7,-1.569105885875e-04
8,0.000000000000e+00
9,0.000000000000e+00
10,0.000000000000e+00
11,-6.040778761450e-04
