Local DOF,R_e Value
0,0.000000000000e+00
1,-1.848992154948e-07
2,0.000000000000e+00
3,0.000000000000e+00
4,0.000000000000e+00
5,-2.362069450097e-05
6,0.000000000000e+00
7,-7.366966328441e-07
8,0.000000000000e+00
9,0.000000000000e+00
10,0.000000000000e+00
11,-4.696297550217e-05
