ε_xx,ε_yy,ε_zz,γ_xy,γ_yz,γ_xz
0.000000000000e+00,0.000000000000e+00,-6.415156054235e-04,-3.671175017303e-05,0.000000000000e+00,0.000000000000e+00
0.000000000000e+00,0.000000000000e+00,-6.415156054235e-04,-5.654509471306e-06,0.000000000000e+00,0.000000000000e+00
0.000000000000e+00,0.000000000000e+00,-6.415156054235e-04,2.540273123041e-05,0.000000000000e+00,0.000000000000e+00
