ε_xx,ε_yy,ε_zz,γ_xy,γ_yz,γ_xz
0.000000000000e+00,0.000000000000e+00,-7.127951171388e-05,-9.105313993727e-06,0.000000000000e+00,0.000000000000e+00
0.000000000000e+00,0.000000000000e+00,-7.127951171388e-05,-5.654509471306e-06,0.000000000000e+00,0.000000000000e+00
0.000000000000e+00,0.000000000000e+00,-7.127951171388e-05,-2.203704948885e-06,0.000000000000e+00,0.000000000000e+00
