ε_xx,ε_yy,ε_zz,γ_xy,γ_yz,γ_xz
0.000000000000e+00,0.000000000000e+00,-1.474514954580e-17,-2.602085213965e-18,0.000000000000e+00,0.000000000000e+00
0.000000000000e+00,0.000000000000e+00,-1.474514954580e-17,-1.734723475977e-18,0.000000000000e+00,0.000000000000e+00
0.000000000000e+00,0.000000000000e+00,-1.474514954580e-17,-8.673617379884e-19,0.000000000000e+00,0.000000000000e+00
