ε_xx,ε_yy,ε_zz,γ_xy,γ_yz,γ_xz
0.000000000000e+00,0.000000000000e+00,-1.543903893619e-16,-1.040834085586e-17,0.000000000000e+00,0.000000000000e+00
0.000000000000e+00,0.000000000000e+00,-1.543903893619e-16,-2.602085213965e-18,0.000000000000e+00,0.000000000000e+00
0.000000000000e+00,0.000000000000e+00,-1.543903893619e-16,4.770489558936e-18,0.000000000000e+00,0.000000000000e+00
