ε_xx,ε_yy,ε_zz,γ_xy,γ_yz,γ_xz
0.000000000000e+00,0.000000000000e+00,-1.272207027181e-03,-3.638163396030e-05,0.000000000000e+00,0.000000000000e+00
0.000000000000e+00,0.000000000000e+00,-1.272207027181e-03,-5.586405027796e-06,0.000000000000e+00,0.000000000000e+00
0.000000000000e+00,0.000000000000e+00,-1.272207027181e-03,2.520882390470e-05,0.000000000000e+00,0.000000000000e+00
