ε_xx,ε_yy,ε_zz,γ_xy,γ_yz,γ_xz
0.000000000000e+00,0.000000000000e+00,-2.596527916113e-04,-9.618629770990e-06,0.000000000000e+00,0.000000000000e+00
0.000000000000e+00,0.000000000000e+00,-2.596527916113e-04,-3.333436410324e-06,0.000000000000e+00,0.000000000000e+00
0.000000000000e+00,0.000000000000e+00,-2.596527916113e-04,2.951756950342e-06,0.000000000000e+00,0.000000000000e+00
