ε_xx,ε_yy,ε_zz,γ_xy,γ_yz,γ_xz
0.000000000000e+00,0.000000000000e+00,-5.464298505370e-06,-6.494952454195e-07,0.000000000000e+00,0.000000000000e+00
0.000000000000e+00,0.000000000000e+00,-5.464298505370e-06,-5.172256384821e-07,0.000000000000e+00,0.000000000000e+00
0.000000000000e+00,0.000000000000e+00,-5.464298505370e-06,-3.849560315447e-07,0.000000000000e+00,0.000000000000e+00
