ε_xx,ε_yy,ε_zz,γ_xy,γ_yz,γ_xz
0.000000000000e+00,0.000000000000e+00,-6.156791027225e-04,-1.955088630043e-05,0.000000000000e+00,0.000000000000e+00
0.000000000000e+00,0.000000000000e+00,-6.156791027225e-04,-4.647668103850e-06,0.000000000000e+00,0.000000000000e+00
0.000000000000e+00,0.000000000000e+00,-6.156791027225e-04,1.025555009273e-05,0.000000000000e+00,0.000000000000e+00
