ε_xx,ε_yy,ε_zz,γ_xy,γ_yz,γ_xz
0.000000000000e+00,0.000000000000e+00,-1.407259891085e-05,-1.189187935444e-06,0.000000000000e+00,0.000000000000e+00
0.000000000000e+00,0.000000000000e+00,-1.407259891085e-05,-8.485445528242e-07,0.000000000000e+00,0.000000000000e+00
0.000000000000e+00,0.000000000000e+00,-1.407259891085e-05,-5.079011701978e-07,0.000000000000e+00,0.000000000000e+00
