ε_xx,ε_yy,ε_zz,γ_xy,γ_yz,γ_xz
0.000000000000e+00,0.000000000000e+00,-1.815284049122e-04,-7.252649023248e-06,0.000000000000e+00,0.000000000000e+00
0.000000000000e+00,0.000000000000e+00,-1.815284049122e-04,-2.858545966444e-06,0.000000000000e+00,0.000000000000e+00
0.000000000000e+00,0.000000000000e+00,-1.815284049122e-04,1.535557090360e-06,0.000000000000e+00,0.000000000000e+00
