ε_xx,ε_yy,ε_zz,γ_xy,γ_yz,γ_xz
0.000000000000e+00,0.000000000000e+00,-9.291511740932e-04,-2.774625500954e-05,0.000000000000e+00,0.000000000000e+00
0.000000000000e+00,0.000000000000e+00,-9.291511740932e-04,-5.255086113462e-06,0.000000000000e+00,0.000000000000e+00
0.000000000000e+00,0.000000000000e+00,-9.291511740932e-04,1.723608278261e-05,0.000000000000e+00,0.000000000000e+00
