ε_xx,ε_yy,ε_zz,γ_xy,γ_yz,γ_xz
0.000000000000e+00,0.000000000000e+00,-1.102140887495e-06,-2.015413434892e-07,0.000000000000e+00,0.000000000000e+00
0.000000000000e+00,0.000000000000e+00,-1.102140887495e-06,-1.748627603479e-07,0.000000000000e+00,0.000000000000e+00
0.000000000000e+00,0.000000000000e+00,-1.102140887495e-06,-1.481841772101e-07,0.000000000000e+00,0.000000000000e+00
