ε_xx,ε_yy,ε_zz,γ_xy,γ_yz,γ_xz
0.000000000000e+00,0.000000000000e+00,-1.063797986096e-03,-3.117119484488e-05,0.000000000000e+00,0.000000000000e+00
0.000000000000e+00,0.000000000000e+00,-1.063797986096e-03,-5.420745570628e-06,0.000000000000e+00,0.000000000000e+00
0.000000000000e+00,0.000000000000e+00,-1.063797986096e-03,2.032970370363e-05,0.000000000000e+00,0.000000000000e+00
