ε_xx,ε_yy,ε_zz,γ_xy,γ_yz,γ_xz
0.000000000000e+00,0.000000000000e+00,-3.978960633527e-04,-1.359447251561e-05,0.000000000000e+00,0.000000000000e+00
0.000000000000e+00,0.000000000000e+00,-3.978960633527e-04,-3.962942347564e-06,0.000000000000e+00,0.000000000000e+00
0.000000000000e+00,0.000000000000e+00,-3.978960633527e-04,5.668587820477e-06,0.000000000000e+00,0.000000000000e+00
