ε_xx,ε_yy,ε_zz,γ_xy,γ_yz,γ_xz
0.000000000000e+00,0.000000000000e+00,-1.485001428849e-03,-4.159883007959e-05,0.000000000000e+00,0.000000000000e+00
0.000000000000e+00,0.000000000000e+00,-1.485001428849e-03,-5.652668810663e-06,0.000000000000e+00,0.000000000000e+00
0.000000000000e+00,0.000000000000e+00,-1.485001428849e-03,3.029349245826e-05,0.000000000000e+00,0.000000000000e+00
