ε_xx,ε_yy,ε_zz,γ_xy,γ_yz,γ_xz
0.000000000000e+00,0.000000000000e+00,-7.364041350942e-04,-2.274927314474e-05,0.000000000000e+00,0.000000000000e+00
0.000000000000e+00,0.000000000000e+00,-7.364041350942e-04,-4.923767199130e-06,0.000000000000e+00,0.000000000000e+00
0.000000000000e+00,0.000000000000e+00,-7.364041350942e-04,1.290173874648e-05,0.000000000000e+00,0.000000000000e+00
