ε_xx,ε_yy,ε_zz,γ_xy,γ_yz,γ_xz
0.000000000000e+00,0.000000000000e+00,-1.470952032901e-04,-6.165142752850e-06,0.000000000000e+00,0.000000000000e+00
0.000000000000e+00,0.000000000000e+00,-1.470952032901e-04,-2.604534798792e-06,0.000000000000e+00,0.000000000000e+00
0.000000000000e+00,0.000000000000e+00,-1.470952032901e-04,9.560731552699e-07,0.000000000000e+00,0.000000000000e+00
