ε_xx,ε_yy,ε_zz,γ_xy,γ_yz,γ_xz
0.000000000000e+00,0.000000000000e+00,-3.491930376083e-04,-1.221676861939e-05,0.000000000000e+00,0.000000000000e+00
0.000000000000e+00,0.000000000000e+00,-3.491930376083e-04,-3.764150998960e-06,0.000000000000e+00,0.000000000000e+00
0.000000000000e+00,0.000000000000e+00,-3.491930376083e-04,4.688466621468e-06,0.000000000000e+00,0.000000000000e+00
