ε_xx,ε_yy,ε_zz,γ_xy,γ_yz,γ_xz
0.000000000000e+00,0.000000000000e+00,-4.347075689940e-05,-2.530309974543e-06,0.000000000000e+00,0.000000000000e+00
0.000000000000e+00,0.000000000000e+00,-4.347075689940e-05,-1.478050490056e-06,0.000000000000e+00,0.000000000000e+00
0.000000000000e+00,0.000000000000e+00,-4.347075689940e-05,-4.257910055649e-07,0.000000000000e+00,0.000000000000e+00
