ε_xx,ε_yy,ε_zz,γ_xy,γ_yz,γ_xz
0.000000000000e+00,0.000000000000e+00,-1.132548374510e-03,-3.290164056133e-05,0.000000000000e+00,0.000000000000e+00
0.000000000000e+00,0.000000000000e+00,-1.132548374510e-03,-5.487009353496e-06,0.000000000000e+00,0.000000000000e+00
0.000000000000e+00,0.000000000000e+00,-1.132548374510e-03,2.192762185433e-05,0.000000000000e+00,0.000000000000e+00
