ε_xx,ε_yy,ε_zz,γ_xy,γ_yz,γ_xz
0.000000000000e+00,0.000000000000e+00,-8.473208209048e-04,0.000000000000e+00,0.000000000000e+00,0.000000000000e+00
0.000000000000e+00,0.000000000000e+00,-8.197143847250e-04,0.000000000000e+00,0.000000000000e+00,0.000000000000e+00
0.000000000000e+00,0.000000000000e+00,-7.921079485451e-04,0.000000000000e+00,0.000000000000e+00,0.000000000000e+00
