ε_xx,ε_yy,ε_zz,γ_xy,γ_yz,γ_xz
0.000000000000e+00,0.000000000000e+00,-1.702674961488e-03,0.000000000000e+00,0.000000000000e+00,0.000000000000e+00
0.000000000000e+00,0.000000000000e+00,-1.675068525308e-03,0.000000000000e+00,0.000000000000e+00,0.000000000000e+00
0.000000000000e+00,0.000000000000e+00,-1.647462089128e-03,0.000000000000e+00,0.000000000000e+00,0.000000000000e+00
