Local DOF,R_e Value
0,0.000000000000e+00
1,-5.664582560500e-05
2,0.000000000000e+00
3,0.000000000000e+00
4,-0.000000000000e+00
5,-2.943273482048e-06
6,0.000000000000e+00
7,-5.961623282036e-05
8,0.000000000000e+00
9,0.000000000000e+00
10,-0.000000000000e+00
11,-3.006569686561e-06
