Local DOF,R_e Value
0,0.000000000000e+00
1,-1.559947777341e-04
2,0.000000000000e+00
3,0.000000000000e+00
4,-0.000000000000e+00
5,-4.302003504238e-06
6,0.000000000000e+00
7,-1.603123676915e-04
8,0.000000000000e+00
9,0.000000000000e+00
10,-0.000000000000e+00
11,-4.338356054858e-06
