Local DOF,R_e Value
0,0.000000000000e+00
1,-8.905923192284e-05
2,0.000000000000e+00
3,0.000000000000e+00
4,-0.000000000000e+00
5,-3.531329437643e-06
6,0.000000000000e+00
7,-9.261341832336e-05
8,0.000000000000e+00
9,0.000000000000e+00
10,-0.000000000000e+00
11,-3.584646511129e-06
