sigma1,sigma2,sigma3
0.000000000000e+00,0.000000000000e+00,0.000000000000e+00
4.182907405864e-12,0.000000000000e+00,0.000000000000e+00
0.000000000000e+00,0.000000000000e+00,-2.433691581594e-11
