Local DOF,R_e Value
0,0.000000000000e+00
1,-6.269198126011e-04
2,0.000000000000e+00
3,0.000000000000e+00
4,0.000000000000e+00
5,-1.238576141043e-03
6,0.000000000000e+00
7,-6.463623063549e-04
8,0.000000000000e+00
9,0.000000000000e+00
10,0.000000000000e+00
11,-1.250010490221e-03
