Local DOF,R_e Value
0,0.000000000000e+00
1,-8.078460677594e-04
2,0.000000000000e+00
3,0.000000000000e+00
4,0.000000000000e+00
5,-1.330574088872e-03
6,0.000000000000e+00
7,-8.287051773684e-04
8,0.000000000000e+00
9,0.000000000000e+00
10,0.000000000000e+00
11,-1.339345897699e-03
