Local DOF,R_e Value
0,0.000000000000e+00
1,-1.304421411273e-04
2,0.000000000000e+00
3,0.000000000000e+00
4,0.000000000000e+00
5,-6.812524975909e-04
6,0.000000000000e+00
7,-1.412728902797e-04
8,0.000000000000e+00
9,0.000000000000e+00
10,0.000000000000e+00
11,-7.050076217325e-04
