Local DOF,R_e Value
0,0.000000000000e+00
1,-1.315286981806e-05
2,0.000000000000e+00
3,0.000000000000e+00
4,0.000000000000e+00
5,-2.360861915824e-04
6,0.000000000000e+00
7,-1.708916577130e-05
8,0.000000000000e+00
9,0.000000000000e+00
10,0.000000000000e+00
11,-2.676723167626e-04
