Local DOF,R_e Value
0,0.000000000000e+00
1,-9.565466773187e-04
2,0.000000000000e+00
3,0.000000000000e+00
4,0.000000000000e+00
5,-1.386373234367e-03
6,0.000000000000e+00
7,-9.782633336603e-04
8,0.000000000000e+00
9,0.000000000000e+00
10,0.000000000000e+00
11,-1.393317809620e-03
