Local DOF,R_e Value
0,0.000000000000e+00
1,-4.607023798910e-04
2,0.000000000000e+00
3,0.000000000000e+00
4,0.000000000000e+00
5,-1.120853354817e-03
6,0.000000000000e+00
7,-4.783290602759e-04
8,0.000000000000e+00
9,0.000000000000e+00
10,0.000000000000e+00
11,-1.135302639393e-03
