Local DOF,R_e Value
0,0.000000000000e+00
1,-2.137338159142e-04
2,0.000000000000e+00
3,0.000000000000e+00
4,0.000000000000e+00
5,-8.381890214538e-04
6,0.000000000000e+00
7,-2.269926285735e-04
8,0.000000000000e+00
9,0.000000000000e+00
10,0.000000000000e+00
11,-8.588683024100e-04
