Local DOF,R_e Value
0,0.000000000000e+00
1,-8.496991995363e-04
2,0.000000000000e+00
3,0.000000000000e+00
4,0.000000000000e+00
5,-1.347843621490e-03
6,0.000000000000e+00
7,-8.708238856729e-04
8,0.000000000000e+00
9,0.000000000000e+00
10,0.000000000000e+00
11,-1.356071610801e-03
