Local DOF,R_e Value
0,0.000000000000e+00
1,-4.362928028923e-06
2,0.000000000000e+00
3,0.000000000000e+00
4,0.000000000000e+00
5,-1.381519100649e-04
6,0.000000000000e+00
7,-6.781457699249e-06
8,0.000000000000e+00
9,0.000000000000e+00
10,0.000000000000e+00
11,-1.713303387897e-04
