Local DOF,R_e Value
0,0.000000000000e+00
1,-2.544631276524e-04
2,0.000000000000e+00
3,0.000000000000e+00
4,0.000000000000e+00
5,-8.989652030442e-04
6,0.000000000000e+00
7,-2.686617624035e-04
8,0.000000000000e+00
9,0.000000000000e+00
10,0.000000000000e+00
11,-9.183915238344e-04
