Local DOF,R_e Value
0,0.000000000000e+00
1,-3.764794537894e-05
2,0.000000000000e+00
3,0.000000000000e+00
4,0.000000000000e+00
5,-3.888396556855e-04
6,0.000000000000e+00
7,-4.395093254018e-05
8,0.000000000000e+00
9,0.000000000000e+00
10,0.000000000000e+00
11,-4.178589527475e-04
