Local DOF,R_e Value
0,0.000000000000e+00
1,-2.642198105808e-05
2,0.000000000000e+00
3,0.000000000000e+00
4,0.000000000000e+00
5,-3.292827174713e-04
6,0.000000000000e+00
7,-3.180232176100e-05
8,0.000000000000e+00
9,0.000000000000e+00
10,0.000000000000e+00
11,-3.593156941122e-04
