Local DOF,R_e Value
0,0.000000000000e+00
1,-7.665499204648e-04
2,0.000000000000e+00
3,0.000000000000e+00
4,0.000000000000e+00
5,-1.312190813885e-03
6,0.000000000000e+00
7,-7.871261872765e-04
8,0.000000000000e+00
9,0.000000000000e+00
10,0.000000000000e+00
11,-1.321523844453e-03
