Local DOF,R_e Value
0,0.000000000000e+00
1,-5.885832330884e-04
2,0.000000000000e+00
3,0.000000000000e+00
4,0.000000000000e+00
5,-1.214750320338e-03
6,0.000000000000e+00
7,-6.076584560650e-04
8,0.000000000000e+00
9,0.000000000000e+00
10,0.000000000000e+00
11,-1.226824201267e-03
