Local DOF,R_e Value
0,0.000000000000e+00
1,-9.093857025857e-05
2,0.000000000000e+00
3,0.000000000000e+00
4,0.000000000000e+00
5,-5.816204115239e-04
6,0.000000000000e+00
7,-1.002270699200e-04
8,0.000000000000e+00
9,0.000000000000e+00
10,0.000000000000e+00
11,-6.072288725780e-04
