Local DOF,R_e Value
0,0.000000000000e+00
1,-1.178071784235e-03
2,0.000000000000e+00
3,0.000000000000e+00
4,0.000000000000e+00
5,-1.445377652179e-03
6,0.000000000000e+00
7,-1.200692823766e-03
8,0.000000000000e+00
9,0.000000000000e+00
10,0.000000000000e+00
11,-1.450081691023e-03
