Local DOF,R_e Value
0,0.000000000000e+00
1,-2.067164533710e-03
2,0.000000000000e+00
3,0.000000000000e+00
4,0.000000000000e+00
5,-1.520144135142e-03
6,0.000000000000e+00
7,-2.090918066063e-03
8,0.000000000000e+00
9,0.000000000000e+00
10,0.000000000000e+00
11,-1.520301842803e-03
