Local DOF,R_e Value
0,0.000000000000e+00
1,-1.759428629928e-04
2,0.000000000000e+00
3,0.000000000000e+00
4,0.000000000000e+00
5,-7.735756493553e-04
6,0.000000000000e+00
7,-1.882022033573e-04
8,0.000000000000e+00
9,0.000000000000e+00
10,0.000000000000e+00
11,-7.955470454826e-04
