Local DOF,R_e Value
0,0.000000000000e+00
1,-3.283964389680e-04
2,0.000000000000e+00
3,0.000000000000e+00
4,0.000000000000e+00
5,-9.920507897932e-04
6,0.000000000000e+00
7,-3.440338728770e-04
8,0.000000000000e+00
9,0.000000000000e+00
10,0.000000000000e+00
11,-1.009475854763e-03
