Local DOF,R_e Value
0,0.000000000000e+00
1,-7.358050839433e-05
2,0.000000000000e+00
3,0.000000000000e+00
4,0.000000000000e+00
5,-5.289765070043e-04
6,0.000000000000e+00
7,-8.205390190682e-05
8,0.000000000000e+00
9,0.000000000000e+00
10,0.000000000000e+00
11,-5.555377398513e-04
