ε_xx,ε_yy,ε_zz,γ_xy,γ_yz,γ_xz
0.000000000000e+00,0.000000000000e+00,-1.707738301473e-05,-2.330873614073e-06,0.000000000000e+00,0.000000000000e+00
0.000000000000e+00,0.000000000000e+00,-1.707738301473e-05,-6.773631137501e-07,0.000000000000e+00,0.000000000000e+00
0.000000000000e+00,0.000000000000e+00,-1.707738301473e-05,9.761473865715e-07,0.000000000000e+00,0.000000000000e+00
