ε_xx,ε_yy,ε_zz,γ_xy,γ_yz,γ_xz
0.000000000000e+00,0.000000000000e+00,-3.779299110652e-04,-4.045093098108e-05,0.000000000000e+00,0.000000000000e+00
0.000000000000e+00,0.000000000000e+00,-3.779299110652e-04,-3.858024691358e-06,0.000000000000e+00,0.000000000000e+00
0.000000000000e+00,0.000000000000e+00,-3.779299110652e-04,3.273488159837e-05,0.000000000000e+00,0.000000000000e+00
