ε_xx,ε_yy,ε_zz,γ_xy,γ_yz,γ_xz
0.000000000000e+00,0.000000000000e+00,-1.099634967166e-03,-1.119200533487e-04,0.000000000000e+00,0.000000000000e+00
0.000000000000e+00,0.000000000000e+00,-1.099634967166e-03,-5.448355480161e-06,0.000000000000e+00,0.000000000000e+00
0.000000000000e+00,0.000000000000e+00,-1.099634967166e-03,1.010233423884e-04,0.000000000000e+00,0.000000000000e+00
