ε_xx,ε_yy,ε_zz,γ_xy,γ_yz,γ_xz
0.000000000000e+00,0.000000000000e+00,-2.056710910905e-04,-2.288852535121e-05,0.000000000000e+00,0.000000000000e+00
0.000000000000e+00,0.000000000000e+00,-2.056710910905e-04,-2.974507586466e-06,0.000000000000e+00,0.000000000000e+00
0.000000000000e+00,0.000000000000e+00,-2.056710910905e-04,1.693951017828e-05,0.000000000000e+00,0.000000000000e+00
