ε_xx,ε_yy,ε_zz,γ_xy,γ_yz,γ_xz
0.000000000000e+00,0.000000000000e+00,-5.902834563788e-04,-6.171878827769e-05,0.000000000000e+00,0.000000000000e+00
0.000000000000e+00,0.000000000000e+00,-5.902834563788e-04,-4.564838375271e-06,0.000000000000e+00,0.000000000000e+00
0.000000000000e+00,0.000000000000e+00,-5.902834563788e-04,5.258911152715e-05,0.000000000000e+00,0.000000000000e+00
