Local DOF,R_e Value
0,0.000000000000e+00
1,-1.843668322982e-05
2,0.000000000000e+00
3,0.000000000000e+00
4,0.000000000000e+00
5,-2.676810178684e-04
6,0.000000000000e+00
7,-2.809296946132e-05
8,0.000000000000e+00
9,0.000000000000e+00
10,0.000000000000e+00
11,-3.292935938509e-04
