Local DOF,R_e Value
0,0.000000000000e+00
1,-7.747486111489e-04
2,0.000000000000e+00
3,0.000000000000e+00
4,0.000000000000e+00
5,-1.312258246973e-03
6,0.000000000000e+00
7,-8.162234184385e-04
8,0.000000000000e+00
9,0.000000000000e+00
10,0.000000000000e+00
11,-1.330643697199e-03
