Local DOF,R_e Value
0,0.000000000000e+00
1,-7.338607732410e-04
2,0.000000000000e+00
3,0.000000000000e+00
4,0.000000000000e+00
5,-1.292724249927e-03
6,0.000000000000e+00
7,-7.747486111489e-04
8,0.000000000000e+00
9,0.000000000000e+00
10,0.000000000000e+00
11,-1.312258246973e-03
