Local DOF,R_e Value
0,0.000000000000e+00
1,-1.075495250883e-03
2,0.000000000000e+00
3,0.000000000000e+00
4,0.000000000000e+00
5,-1.418785964493e-03
6,0.000000000000e+00
7,-1.120150000110e-03
8,0.000000000000e+00
9,0.000000000000e+00
10,0.000000000000e+00
11,-1.430106111556e-03
