Local DOF,R_e Value
0,0.000000000000e+00
1,-1.680959275978e-04
2,0.000000000000e+00
3,0.000000000000e+00
4,0.000000000000e+00
5,-7.511931255897e-04
6,0.000000000000e+00
7,-1.925430786976e-04
8,0.000000000000e+00
9,0.000000000000e+00
10,0.000000000000e+00
11,-7.955774992781e-04
