Local DOF,R_e Value
0,0.000000000000e+00
1,-6.813512225727e-05
2,0.000000000000e+00
3,0.000000000000e+00
4,0.000000000000e+00
5,-5.019497646208e-04
6,0.000000000000e+00
7,-8.496514040828e-05
8,0.000000000000e+00
9,0.000000000000e+00
10,0.000000000000e+00
11,-5.555573173152e-04
