Local DOF,R_e Value
0,0.000000000000e+00
1,-2.149656605742e-03
2,0.000000000000e+00
3,0.000000000000e+00
4,0.000000000000e+00
5,-1.520649885836e-03
6,0.000000000000e+00
7,-2.197192487042e-03
8,0.000000000000e+00
9,0.000000000000e+00
10,0.000000000000e+00
11,-1.520763000295e-03
