Local DOF,R_e Value
0,0.000000000000e+00
1,-6.539928368399e-04
2,0.000000000000e+00
3,0.000000000000e+00
4,0.000000000000e+00
5,-1.250071397580e-03
6,0.000000000000e+00
7,-6.935963406225e-04
8,0.000000000000e+00
9,0.000000000000e+00
10,0.000000000000e+00
11,-1.272006901613e-03
