Local DOF,R_e Value
0,0.000000000000e+00
1,-4.324896808324e-04
2,0.000000000000e+00
3,0.000000000000e+00
4,0.000000000000e+00
5,-1.090928054165e-03
6,0.000000000000e+00
7,-4.672787093330e-04
8,0.000000000000e+00
9,0.000000000000e+00
10,0.000000000000e+00
11,-1.120903385935e-03
