Local DOF,R_e Value
0,0.000000000000e+00
1,-6.935963406225e-04
2,0.000000000000e+00
3,0.000000000000e+00
4,0.000000000000e+00
5,-1.272006901613e-03
6,0.000000000000e+00
7,-7.338607732410e-04
8,0.000000000000e+00
9,0.000000000000e+00
10,0.000000000000e+00
11,-1.292724249927e-03
