Local DOF,R_e Value
0,0.000000000000e+00
1,-2.454464389250e-04
2,0.000000000000e+00
3,0.000000000000e+00
4,0.000000000000e+00
5,-8.791603837420e-04
6,0.000000000000e+00
7,-2.737960594274e-04
8,0.000000000000e+00
9,0.000000000000e+00
10,0.000000000000e+00
11,-9.184285034157e-04
