Local DOF,R_e Value
0,0.000000000000e+00
1,-2.737960594274e-04
2,0.000000000000e+00
3,0.000000000000e+00
4,0.000000000000e+00
5,-9.184285034157e-04
6,0.000000000000e+00
7,-3.033417271703e-04
8,0.000000000000e+00
9,0.000000000000e+00
10,0.000000000000e+00
11,-9.560608139827e-04
