Local DOF,R_e Value
0,0.000000000000e+00
1,-3.340328669388e-04
2,0.000000000000e+00
3,0.000000000000e+00
4,0.000000000000e+00
5,-9.920921198921e-04
6,0.000000000000e+00
7,-3.658199911568e-04
8,0.000000000000e+00
9,0.000000000000e+00
10,0.000000000000e+00
11,-1.026557225593e-03
