ε_xx,ε_yy,ε_zz,γ_xy,γ_yz,γ_xz
0.000000000000e+00,0.000000000000e+00,-1.639428769416e-03,-8.502301348681e-05,0.000000000000e+00,0.000000000000e+00
0.000000000000e+00,0.000000000000e+00,-1.639428769416e-03,-5.654509471311e-06,0.000000000000e+00,0.000000000000e+00
0.000000000000e+00,0.000000000000e+00,-1.639428769416e-03,7.371399454419e-05,0.000000000000e+00,0.000000000000e+00
