ε_xx,ε_yy,ε_zz,γ_xy,γ_yz,γ_xz
0.000000000000e+00,0.000000000000e+00,-2.067105839698e-03,-1.057278406213e-04,0.000000000000e+00,0.000000000000e+00
0.000000000000e+00,0.000000000000e+00,-2.067105839698e-03,-5.654509471311e-06,0.000000000000e+00,0.000000000000e+00
0.000000000000e+00,0.000000000000e+00,-2.067105839698e-03,9.441882167868e-05,0.000000000000e+00,0.000000000000e+00
