ε_xx,ε_yy,ε_zz,γ_xy,γ_yz,γ_xz
0.000000000000e+00,0.000000000000e+00,-1.781987792843e-03,-9.192462253164e-05,0.000000000000e+00,0.000000000000e+00
0.000000000000e+00,0.000000000000e+00,-1.781987792843e-03,-5.654509471311e-06,0.000000000000e+00,0.000000000000e+00
0.000000000000e+00,0.000000000000e+00,-1.781987792843e-03,8.061560358902e-05,0.000000000000e+00,0.000000000000e+00
