ε_xx,ε_yy,ε_zz,γ_xy,γ_yz,γ_xz
0.000000000000e+00,0.000000000000e+00,-1.354310722561e-03,-7.121979539715e-05,0.000000000000e+00,0.000000000000e+00
0.000000000000e+00,0.000000000000e+00,-1.354310722561e-03,-5.654509471311e-06,0.000000000000e+00,0.000000000000e+00
0.000000000000e+00,0.000000000000e+00,-1.354310722561e-03,5.991077645453e-05,0.000000000000e+00,0.000000000000e+00
