ε_xx,ε_yy,ε_zz,γ_xy,γ_yz,γ_xz
0.000000000000e+00,0.000000000000e+00,-1.069192675706e-03,-5.741657730749e-05,0.000000000000e+00,0.000000000000e+00
0.000000000000e+00,0.000000000000e+00,-1.069192675706e-03,-5.654509471308e-06,0.000000000000e+00,0.000000000000e+00
0.000000000000e+00,0.000000000000e+00,-1.069192675706e-03,4.610755836488e-05,0.000000000000e+00,0.000000000000e+00
