Local DOF,R_e Value
0,0.000000000000e+00
1,-5.055842696586e-06
2,0.000000000000e+00
3,0.000000000000e+00
4,0.000000000000e+00
5,-1.381519100648e-04
6,0.000000000000e+00
7,-7.644163957090e-06
8,0.000000000000e+00
9,0.000000000000e+00
10,0.000000000000e+00
11,-1.713303387888e-04
