Local DOF,R_e Value
0,0.000000000000e+00
1,-6.038266636317e-05
2,0.000000000000e+00
3,0.000000000000e+00
4,0.000000000000e+00
5,-4.744009555387e-04
6,0.000000000000e+00
7,-6.816557615066e-05
8,0.000000000000e+00
9,0.000000000000e+00
10,0.000000000000e+00
11,-5.019323623996e-04
