Local DOF,R_e Value
0,0.000000000000e+00
1,-1.793530530471e-03
2,0.000000000000e+00
3,0.000000000000e+00
4,0.000000000000e+00
5,-1.513953292316e-03
6,0.000000000000e+00
7,-1.817221496949e-03
8,0.000000000000e+00
9,0.000000000000e+00
10,0.000000000000e+00
11,-1.514867996743e-03
