Local DOF,R_e Value
0,0.000000000000e+00
1,-4.673428120617e-04
2,0.000000000000e+00
3,0.000000000000e+00
4,0.000000000000e+00
5,-1.120853354547e-03
6,0.000000000000e+00
7,-4.850815411435e-04
8,0.000000000000e+00
9,0.000000000000e+00
10,0.000000000000e+00
11,-1.135302639110e-03
