Local DOF,R_e Value
0,0.000000000000e+00
1,-3.365490611500e-05
2,0.000000000000e+00
3,0.000000000000e+00
4,0.000000000000e+00
5,-3.593156941012e-04
6,0.000000000000e+00
7,-3.966069750811e-05
8,0.000000000000e+00
9,0.000000000000e+00
10,0.000000000000e+00
11,-3.888396556719e-04
