Local DOF,R_e Value
0,0.000000000000e+00
1,-5.030419067148e-04
2,0.000000000000e+00
3,0.000000000000e+00
4,0.000000000000e+00
5,-1.149399528626e-03
6,0.000000000000e+00
7,-5.212184365917e-04
8,0.000000000000e+00
9,0.000000000000e+00
10,0.000000000000e+00
11,-1.163148373652e-03
