Local DOF,R_e Value
0,0.000000000000e+00
1,-7.339301102345e-04
2,0.000000000000e+00
3,0.000000000000e+00
4,0.000000000000e+00
5,-1.292658991594e-03
6,0.000000000000e+00
7,-7.542985252237e-04
8,0.000000000000e+00
9,0.000000000000e+00
10,0.000000000000e+00
11,-1.302570646109e-03
