Local DOF,R_e Value
0,0.000000000000e+00
1,-7.137174955845e-04
2,0.000000000000e+00
3,0.000000000000e+00
4,0.000000000000e+00
5,-1.282451499263e-03
6,0.000000000000e+00
7,-7.339301102345e-04
8,0.000000000000e+00
9,0.000000000000e+00
10,0.000000000000e+00
11,-1.292658991594e-03
