Local DOF,R_e Value
0,0.000000000000e+00
1,-1.034716703437e-04
2,0.000000000000e+00
3,0.000000000000e+00
4,0.000000000000e+00
5,-6.072288725335e-04
6,0.000000000000e+00
7,-1.133044200610e-04
8,0.000000000000e+00
9,0.000000000000e+00
10,0.000000000000e+00
11,-6.323674735202e-04
