Local DOF,R_e Value
0,0.000000000000e+00
1,-2.595218171543e-04
2,0.000000000000e+00
3,0.000000000000e+00
4,0.000000000000e+00
5,-8.989652029133e-04
6,0.000000000000e+00
7,-2.738503734034e-04
8,0.000000000000e+00
9,0.000000000000e+00
10,0.000000000000e+00
11,-9.183915236949e-04
