Local DOF,R_e Value
0,0.000000000000e+00
1,-1.371102787068e-03
2,0.000000000000e+00
3,0.000000000000e+00
4,0.000000000000e+00
5,-1.477650076648e-03
6,0.000000000000e+00
7,-1.394269412731e-03
8,0.000000000000e+00
9,0.000000000000e+00
10,0.000000000000e+00
11,-1.480874926383e-03
