Local DOF,R_e Value
0,0.000000000000e+00
1,-8.499878924144e-05
2,0.000000000000e+00
3,0.000000000000e+00
4,0.000000000000e+00
5,-5.555377398163e-04
6,0.000000000000e+00
7,-9.403400155315e-05
8,0.000000000000e+00
9,0.000000000000e+00
10,0.000000000000e+00
11,-5.816204114842e-04
