Local DOF,R_e Value
0,0.000000000000e+00
1,-1.451404530584e-06
2,0.000000000000e+00
3,0.000000000000e+00
4,0.000000000000e+00
5,-7.017229517838e-05
6,0.000000000000e+00
7,-2.988768490673e-06
8,0.000000000000e+00
9,0.000000000000e+00
10,0.000000000000e+00
11,-1.044340123800e-04
