Local DOF,R_e Value
0,0.000000000000e+00
1,-4.612247761378e-05
2,0.000000000000e+00
3,0.000000000000e+00
4,0.000000000000e+00
5,-4.178589527310e-04
6,0.000000000000e+00
7,-5.303239503775e-05
8,0.000000000000e+00
9,0.000000000000e+00
10,0.000000000000e+00
11,-4.463779358345e-04
