Local DOF,R_e Value
0,0.000000000000e+00
1,-5.581984404141e-04
2,0.000000000000e+00
3,0.000000000000e+00
4,0.000000000000e+00
5,-1.189619332455e-03
6,0.000000000000e+00
7,-5.769913098790e-04
8,0.000000000000e+00
9,0.000000000000e+00
10,0.000000000000e+00
11,-1.202350147345e-03
