Local DOF,R_e Value
0,0.000000000000e+00
1,-2.053266974509e-04
2,0.000000000000e+00
3,0.000000000000e+00
4,0.000000000000e+00
5,-8.170833858976e-04
6,0.000000000000e+00
7,-2.183944919369e-04
8,0.000000000000e+00
9,0.000000000000e+00
10,0.000000000000e+00
11,-8.381890213472e-04
