Local DOF,R_e Value
0,0.000000000000e+00
1,-4.325524919895e-04
2,0.000000000000e+00
3,0.000000000000e+00
4,0.000000000000e+00
5,-1.090880198055e-03
6,0.000000000000e+00
7,-4.498312596308e-04
8,0.000000000000e+00
9,0.000000000000e+00
10,0.000000000000e+00
11,-1.106047324381e-03
