Local DOF,R_e Value
0,0.000000000000e+00
1,-1.557633852050e-03
2,0.000000000000e+00
3,0.000000000000e+00
4,0.000000000000e+00
5,-1.499063513944e-03
6,0.000000000000e+00
7,-1.581114637819e-03
8,0.000000000000e+00
9,0.000000000000e+00
10,0.000000000000e+00
11,-1.501087610186e-03
