Local DOF,R_e Value
0,0.000000000000e+00
1,-1.681409966413e-04
2,0.000000000000e+00
3,0.000000000000e+00
4,0.000000000000e+00
5,-7.511648469800e-04
6,0.000000000000e+00
7,-1.801931520591e-04
8,0.000000000000e+00
9,0.000000000000e+00
10,0.000000000000e+00
11,-7.735756492701e-04
