Local DOF,R_e Value
0,0.000000000000e+00
1,-2.030845842711e-03
2,0.000000000000e+00
3,0.000000000000e+00
4,0.000000000000e+00
5,-1.519706902804e-03
6,0.000000000000e+00
7,-2.054607636147e-03
8,0.000000000000e+00
9,0.000000000000e+00
10,0.000000000000e+00
11,-1.519947271031e-03
