Local DOF,R_e Value
0,0.000000000000e+00
1,-2.317873505868e-04
2,0.000000000000e+00
3,0.000000000000e+00
4,0.000000000000e+00
5,-8.588683022956e-04
6,0.000000000000e+00
7,-2.454986456003e-04
8,0.000000000000e+00
9,0.000000000000e+00
10,0.000000000000e+00
11,-8.791255792990e-04
