Local DOF,R_e Value
0,0.000000000000e+00
1,-1.628161883064e-03
2,0.000000000000e+00
3,0.000000000000e+00
4,0.000000000000e+00
5,-1.504748603173e-03
6,0.000000000000e+00
7,-1.651724399847e-03
8,0.000000000000e+00
9,0.000000000000e+00
10,0.000000000000e+00
11,-1.506394201031e-03
