Local DOF,R_e Value
0,0.000000000000e+00
1,-1.074533705840e-05
2,0.000000000000e+00
3,0.000000000000e+00
4,0.000000000000e+00
5,-2.039736491082e-04
6,0.000000000000e+00
7,-1.435103476415e-05
8,0.000000000000e+00
9,0.000000000000e+00
10,0.000000000000e+00
11,-2.360861915792e-04
