Local DOF,R_e Value
0,0.000000000000e+00
1,-9.223183153522e-04
2,0.000000000000e+00
3,0.000000000000e+00
4,0.000000000000e+00
5,-1.371735787542e-03
6,0.000000000000e+00
7,-9.438906092147e-04
8,0.000000000000e+00
9,0.000000000000e+00
10,0.000000000000e+00
11,-1.379180676728e-03
