Local DOF,R_e Value
0,0.000000000000e+00
1,-2.304303493079e-05
2,0.000000000000e+00
3,0.000000000000e+00
4,0.000000000000e+00
5,-2.987363752003e-04
6,0.000000000000e+00
7,-2.811302280618e-05
8,0.000000000000e+00
9,0.000000000000e+00
10,0.000000000000e+00
11,-3.292827174628e-04
