Local DOF,R_e Value
0,0.000000000000e+00
1,-3.884859478891e-05
2,0.000000000000e+00
3,0.000000000000e+00
4,0.000000000000e+00
5,-1.390785785210e-04
6,0.000000000000e+00
7,-4.111983804009e-05
8,0.000000000000e+00
9,0.000000000000e+00
10,0.000000000000e+00
11,-1.403315386878e-04
