Local DOF,R_e Value
0,0.000000000000e+00
1,-1.625772490012e-05
2,0.000000000000e+00
3,0.000000000000e+00
4,0.000000000000e+00
5,-1.069192675715e-04
6,0.000000000000e+00
7,-1.805040697646e-05
8,0.000000000000e+00
9,0.000000000000e+00
10,0.000000000000e+00
11,-1.112350192573e-04
