Local DOF,R_e Value
0,0.000000000000e+00
1,-2.877235297715e-06
2,0.000000000000e+00
3,0.000000000000e+00
4,0.000000000000e+00
5,-4.844779311826e-05
6,0.000000000000e+00
7,-3.778053366397e-06
8,0.000000000000e+00
9,0.000000000000e+00
10,0.000000000000e+00
11,-5.554790073043e-05
