Local DOF,R_e Value
0,0.000000000000e+00
1,-4.340848351581e-05
2,0.000000000000e+00
3,0.000000000000e+00
4,0.000000000000e+00
5,-1.413060632621e-04
6,0.000000000000e+00
7,-4.571018065994e-05
8,0.000000000000e+00
9,0.000000000000e+00
10,0.000000000000e+00
11,-1.420021522437e-04
