Local DOF,R_e Value
0,0.000000000000e+00
1,-1.568729696140e-07
2,0.000000000000e+00
3,0.000000000000e+00
4,0.000000000000e+00
5,-8.770721167958e-06
6,0.000000000000e+00
7,-4.486131794099e-07
8,0.000000000000e+00
9,0.000000000000e+00
10,0.000000000000e+00
11,-1.726300674328e-05
