Local DOF,R_e Value
0,0.000000000000e+00
1,-1.419293095008e-06
2,0.000000000000e+00
3,0.000000000000e+00
4,0.000000000000e+00
5,-3.341227111604e-05
6,0.000000000000e+00
7,-2.089531688540e-06
8,0.000000000000e+00
9,0.000000000000e+00
10,0.000000000000e+00
11,-4.106924991347e-05
