Local DOF,R_e Value
0,0.000000000000e+00
1,-2.418990154632e-04
2,0.000000000000e+00
3,0.000000000000e+00
4,0.000000000000e+00
5,-1.425590234306e-04
6,0.000000000000e+00
7,-2.441265002043e-04
8,0.000000000000e+00
9,0.000000000000e+00
10,0.000000000000e+00
11,-1.425590234306e-04
