Local DOF,R_e Value
0,0.000000000000e+00
1,-8.708700732528e-07
2,0.000000000000e+00
3,0.000000000000e+00
4,0.000000000000e+00
5,-2.547685672598e-05
6,0.000000000000e+00
7,-1.419293095008e-06
8,0.000000000000e+00
9,0.000000000000e+00
10,0.000000000000e+00
11,-3.341227111604e-05
