Local DOF,R_e Value
0,0.000000000000e+00
1,-1.131473428460e-05
2,0.000000000000e+00
3,0.000000000000e+00
4,0.000000000000e+00
5,-9.230139895814e-05
6,0.000000000000e+00
7,-1.288553799805e-05
8,0.000000000000e+00
9,0.000000000000e+00
10,0.000000000000e+00
11,-9.745245742188e-05
