Local DOF,R_e Value
0,0.000000000000e+00
1,-8.597508358623e-05
2,0.000000000000e+00
3,0.000000000000e+00
4,0.000000000000e+00
5,-1.425590234297e-04
6,0.000000000000e+00
7,-8.820256832732e-05
8,0.000000000000e+00
9,0.000000000000e+00
10,0.000000000000e+00
11,-1.425590234297e-04
