Local DOF,R_e Value
0,0.000000000000e+00
1,-4.802057891634e-05
2,0.000000000000e+00
3,0.000000000000e+00
4,0.000000000000e+00
5,-1.424198056327e-04
6,0.000000000000e+00
7,-5.033532772888e-05
8,0.000000000000e+00
9,0.000000000000e+00
10,0.000000000000e+00
11,-1.425590234291e-04
