Local DOF,R_e Value
0,0.000000000000e+00
1,-8.425459113504e-06
2,0.000000000000e+00
3,0.000000000000e+00
4,0.000000000000e+00
5,-8.116397525277e-05
6,0.000000000000e+00
7,-9.826591137700e-06
8,0.000000000000e+00
9,0.000000000000e+00
10,0.000000000000e+00
11,-8.687190490177e-05
