Local DOF,R_e Value
0,0.000000000000e+00
1,-5.901630657745e-06
2,0.000000000000e+00
3,0.000000000000e+00
4,0.000000000000e+00
5,-6.891280917686e-05
6,0.000000000000e+00
7,-7.115688768140e-06
8,0.000000000000e+00
9,0.000000000000e+00
10,0.000000000000e+00
11,-7.517761001113e-05
