ε_xx,ε_yy,ε_zz,γ_xy,γ_yz,γ_xz
0.000000000000e+00,0.000000000000e+00,-9.031551510040e-04,-4.747852834921e-05,0.000000000000e+00,0.000000000000e+00
0.000000000000e+00,0.000000000000e+00,-9.031551510040e-04,-3.754717613211e-06,0.000000000000e+00,0.000000000000e+00
0.000000000000e+00,0.000000000000e+00,-9.031551510040e-04,3.996909312279e-05,0.000000000000e+00,0.000000000000e+00
