ε_xx,ε_yy,ε_zz,γ_xy,γ_yz,γ_xz
0.000000000000e+00,0.000000000000e+00,-4.465207790878e-04,-2.499677727307e-05,0.000000000000e+00,0.000000000000e+00
0.000000000000e+00,0.000000000000e+00,-4.465207790878e-04,-3.379683008791e-06,0.000000000000e+00,0.000000000000e+00
0.000000000000e+00,0.000000000000e+00,-4.465207790878e-04,1.823741125549e-05,0.000000000000e+00,0.000000000000e+00
