ε_xx,ε_yy,ε_zz,γ_xy,γ_yz,γ_xz
0.000000000000e+00,0.000000000000e+00,-2.856314124788e-04,-1.680649028637e-05,0.000000000000e+00,0.000000000000e+00
0.000000000000e+00,0.000000000000e+00,-2.856314124788e-04,-2.978418990321e-06,0.000000000000e+00,0.000000000000e+00
0.000000000000e+00,0.000000000000e+00,-2.856314124788e-04,1.084965230573e-05,0.000000000000e+00,0.000000000000e+00
