ε_xx,ε_yy,ε_zz,γ_xy,γ_yz,γ_xz
0.000000000000e+00,0.000000000000e+00,-4.272246124462e-06,-5.457408655922e-07,0.000000000000e+00,0.000000000000e+00
0.000000000000e+00,0.000000000000e+00,-4.272246124462e-06,-3.389116394539e-07,0.000000000000e+00,0.000000000000e+00
0.000000000000e+00,0.000000000000e+00,-4.272246124462e-06,-1.320824133174e-07,0.000000000000e+00,0.000000000000e+00
