ε_xx,ε_yy,ε_zz,γ_xy,γ_yz,γ_xz
0.000000000000e+00,0.000000000000e+00,-7.153503437738e-04,-3.831652211082e-05,0.000000000000e+00,0.000000000000e+00
0.000000000000e+00,0.000000000000e+00,-7.153503437738e-04,-3.684772509074e-06,0.000000000000e+00,0.000000000000e+00
0.000000000000e+00,0.000000000000e+00,-7.153503437738e-04,3.094697709267e-05,0.000000000000e+00,0.000000000000e+00
