ε_xx,ε_yy,ε_zz,γ_xy,γ_yz,γ_xz
0.000000000000e+00,0.000000000000e+00,-9.545990271130e-05,-6.590709464969e-06,0.000000000000e+00,0.000000000000e+00
0.000000000000e+00,0.000000000000e+00,-9.545990271130e-05,-1.969276797075e-06,0.000000000000e+00,0.000000000000e+00
0.000000000000e+00,0.000000000000e+00,-9.545990271130e-05,2.652155870818e-06,0.000000000000e+00,0.000000000000e+00
