Local DOF,R_e Value
0,0.000000000000e+00
1,-1.550329379772e-03
2,0.000000000000e+00
3,0.000000000000e+00
4,0.000000000000e+00
5,-1.532509501844e-03
6,0.000000000000e+00
7,-2.328464049313e-03
8,0.000000000000e+00
9,0.000000000000e+00
10,0.000000000000e+00
11,-1.568149257701e-03
