N,Vy,Vz,T,My,Mz
0.000000000000e+00,-2.559677381783e+03,0.000000000000e+00,0.000000000000e+00,0.000000000000e+00,-4.218749999996e+02
0.000000000000e+00,-4.999999999997e+02,0.000000000000e+00,0.000000000000e+00,0.000000000000e+00,-4.218749999996e+02
0.000000000000e+00,1.559677381784e+03,0.000000000000e+00,0.000000000000e+00,0.000000000000e+00,-4.218749999996e+02
