N,Vy,Vz,T,My,Mz
0.000000000000e+00,-2.407108686836e+03,0.000000000000e+00,0.000000000000e+00,0.000000000000e+00,-3.906249999996e+02
0.000000000000e+00,-4.999999999997e+02,0.000000000000e+00,0.000000000000e+00,0.000000000000e+00,-3.906249999996e+02
0.000000000000e+00,1.407108686837e+03,0.000000000000e+00,0.000000000000e+00,0.000000000000e+00,-3.906249999996e+02
