N,Vy,Vz,T,My,Mz
0.000000000000e+00,-2.864814771677e+03,0.000000000000e+00,0.000000000000e+00,0.000000000000e+00,-4.843749999995e+02
0.000000000000e+00,-4.999999999997e+02,0.000000000000e+00,0.000000000000e+00,0.000000000000e+00,-4.843749999995e+02
0.000000000000e+00,1.864814771678e+03,0.000000000000e+00,0.000000000000e+00,0.000000000000e+00,-4.843749999995e+02
