N,Vy,Vz,T,My,Mz
0.000000000000e+00,-1.644265212101e+03,0.000000000000e+00,0.000000000000e+00,0.000000000000e+00,-2.343749999997e+02
0.000000000000e+00,-4.999999999998e+02,0.000000000000e+00,0.000000000000e+00,0.000000000000e+00,-2.343749999997e+02
0.000000000000e+00,6.442652121018e+02,0.000000000000e+00,0.000000000000e+00,0.000000000000e+00,-2.343749999997e+02
