N,Vy,Vz,T,My,Mz
0.000000000000e+00,-5.762843474722e+02,0.000000000000e+00,0.000000000000e+00,0.000000000000e+00,-1.562499999977e+01
0.000000000000e+00,-4.999999999998e+02,0.000000000000e+00,0.000000000000e+00,0.000000000000e+00,-1.562499999977e+01
0.000000000000e+00,-4.237156525274e+02,0.000000000000e+00,0.000000000000e+00,0.000000000000e+00,-1.562499999977e+01
