N,Vy,Vz,T,My,Mz
0.000000000000e+00,7.669646168162e-10,0.000000000000e+00,0.000000000000e+00,0.000000000000e+00,6.768704711307e-11
0.000000000000e+00,4.601787700897e-10,0.000000000000e+00,0.000000000000e+00,0.000000000000e+00,6.768704711307e-11
0.000000000000e+00,0.000000000000e+00,0.000000000000e+00,0.000000000000e+00,0.000000000000e+00,6.768704711307e-11
