N,Vy,Vz,T,My,Mz
0.000000000000e+00,3.067858467265e-10,0.000000000000e+00,0.000000000000e+00,0.000000000000e+00,1.521057238496e-11
0.000000000000e+00,3.067858467265e-10,0.000000000000e+00,0.000000000000e+00,0.000000000000e+00,1.521057238496e-11
0.000000000000e+00,1.533929233632e-10,0.000000000000e+00,0.000000000000e+00,0.000000000000e+00,1.521057238496e-11
