N,Vy,Vz,T,My,Mz
0.000000000000e+00,1.073750463543e-09,0.000000000000e+00,0.000000000000e+00,0.000000000000e+00,2.023006127200e-10
0.000000000000e+00,7.669646168162e-11,0.000000000000e+00,0.000000000000e+00,0.000000000000e+00,2.023006127200e-10
0.000000000000e+00,-9.970540018611e-10,0.000000000000e+00,0.000000000000e+00,0.000000000000e+00,2.023006127200e-10
