N,Vy,Vz,T,My,Mz
0.000000000000e+00,-7.288530424193e+02,0.000000000000e+00,0.000000000000e+00,0.000000000000e+00,-4.687499999976e+01
0.000000000000e+00,-4.999999999999e+02,0.000000000000e+00,0.000000000000e+00,0.000000000000e+00,-4.687499999976e+01
0.000000000000e+00,-2.711469575803e+02,0.000000000000e+00,0.000000000000e+00,0.000000000000e+00,-4.687499999976e+01
