Local DOF,R_e Value
0,0.000000000000e+00
1,-9.791883703883e-04
2,0.000000000000e+00
3,0.000000000000e+00
4,0.000000000000e+00
5,-1.394962319086e-03
6,0.000000000000e+00
7,-1.156667857725e-03
8,0.000000000000e+00
9,0.000000000000e+00
10,0.000000000000e+00
11,-1.442296369833e-03
