Local DOF,R_e Value
0,0.000000000000e+00
1,-1.903246493435e-03
2,0.000000000000e+00
3,0.000000000000e+00
4,0.000000000000e+00
5,-1.520258335770e-03
6,-0.000000000000e+00
7,-2.093487612101e-03
8,-0.000000000000e+00
9,-0.000000000000e+00
10,-0.000000000000e+00
11,-1.523042691697e-03
