Local DOF,R_e Value
0,-0.000000000000e+00
1,-2.093487612101e-03
2,-0.000000000000e+00
3,-0.000000000000e+00
4,-0.000000000000e+00
5,-1.523042691697e-03
6,0.000000000000e+00
7,-2.283914354495e-03
8,0.000000000000e+00
9,0.000000000000e+00
10,0.000000000000e+00
11,-1.523599562882e-03
