Local DOF,R_e Value
0,0.000000000000e+00
1,-3.602260479675e-04
2,0.000000000000e+00
3,0.000000000000e+00
4,0.000000000000e+00
5,-1.027427336812e-03
6,0.000000000000e+00
7,-4.965898794590e-04
8,0.000000000000e+00
9,0.000000000000e+00
10,0.000000000000e+00
11,-1.150495868755e-03
