N,Vy,Vz,T,My,Mz
0.000000000000e+00,-1.291993338368e+03,0.000000000000e+00,0.000000000000e+00,0.000000000000e+00,-1.782226562495e+02
0.000000000000e+00,-4.218749999994e+02,0.000000000000e+00,0.000000000000e+00,0.000000000000e+00,-1.782226562495e+02
0.000000000000e+00,4.482433383684e+02,0.000000000000e+00,0.000000000000e+00,0.000000000000e+00,-1.782226562495e+02
