N,Vy,Vz,T,My,Mz
0.000000000000e+00,-4.057552979752e+02,0.000000000000e+00,0.000000000000e+00,0.000000000000e+00,-4.150390624978e+01
0.000000000000e+00,-2.031249999997e+02,0.000000000000e+00,0.000000000000e+00,0.000000000000e+00,-4.150390624978e+01
0.000000000000e+00,-4.947020241382e-01,0.000000000000e+00,0.000000000000e+00,0.000000000000e+00,-4.150390624978e+01
