N,Vy,Vz,T,My,Mz
0.000000000000e+00,-5.037541020142e+02,0.000000000000e+00,0.000000000000e+00,0.000000000000e+00,-5.517578124973e+01
0.000000000000e+00,-2.343749999995e+02,0.000000000000e+00,0.000000000000e+00,0.000000000000e+00,-5.517578124973e+01
0.000000000000e+00,3.500410201524e+01,0.000000000000e+00,0.000000000000e+00,0.000000000000e+00,-5.517578124973e+01
