N,Vy,Vz,T,My,Mz
0.000000000000e+00,-5.389536582752e+03,0.000000000000e+00,0.000000000000e+00,0.000000000000e+00,-9.086914062489e+02
0.000000000000e+00,-9.531249999993e+02,0.000000000000e+00,0.000000000000e+00,0.000000000000e+00,-9.086914062489e+02
0.000000000000e+00,3.483286582754e+03,0.000000000000e+00,0.000000000000e+00,0.000000000000e+00,-9.086914062489e+02
