N,Vy,Vz,T,My,Mz
0.000000000000e+00,-2.008197031287e+03,0.000000000000e+00,0.000000000000e+00,0.000000000000e+00,-2.993164062494e+02
0.000000000000e+00,-5.468749999998e+02,0.000000000000e+00,0.000000000000e+00,0.000000000000e+00,-2.993164062494e+02
0.000000000000e+00,9.144470312875e+02,0.000000000000e+00,0.000000000000e+00,0.000000000000e+00,-2.993164062494e+02
