N,Vy,Vz,T,My,Mz
0.000000000000e+00,-5.879442929192e+01,0.000000000000e+00,0.000000000000e+00,0.000000000000e+00,-2.441406249987e+00
0.000000000000e+00,-4.687499999891e+01,0.000000000000e+00,0.000000000000e+00,0.000000000000e+00,-2.441406249987e+00
0.000000000000e+00,-3.495557070652e+01,0.000000000000e+00,0.000000000000e+00,0.000000000000e+00,-2.441406249987e+00
