N,Vy,Vz,T,My,Mz
0.000000000000e+00,-4.177484631255e+03,0.000000000000e+00,0.000000000000e+00,0.000000000000e+00,-6.860351562491e+02
0.000000000000e+00,-8.281249999993e+02,0.000000000000e+00,0.000000000000e+00,0.000000000000e+00,-6.860351562491e+02
0.000000000000e+00,2.521234631256e+03,0.000000000000e+00,0.000000000000e+00,0.000000000000e+00,-6.860351562491e+02
