N,Vy,Vz,T,My,Mz
0.000000000000e+00,-3.118001374705e+03,0.000000000000e+00,0.000000000000e+00,0.000000000000e+00,-4.946289062493e+02
0.000000000000e+00,-7.031249999993e+02,0.000000000000e+00,0.000000000000e+00,0.000000000000e+00,-4.946289062493e+02
0.000000000000e+00,1.711751374707e+03,0.000000000000e+00,0.000000000000e+00,0.000000000000e+00,-4.946289062493e+02
