N,Vy,Vz,T,My,Mz
0.000000000000e+00,-1.456740946446e+03,0.000000000000e+00,0.000000000000e+00,0.000000000000e+00,-2.055664062495e+02
0.000000000000e+00,-4.531250000000e+02,0.000000000000e+00,0.000000000000e+00,0.000000000000e+00,-2.055664062495e+02
0.000000000000e+00,5.504909464466e+02,0.000000000000e+00,0.000000000000e+00,0.000000000000e+00,-2.055664062495e+02
