N,Vy,Vz,T,My,Mz
0.000000000000e+00,-1.800888585902e+01,0.000000000000e+00,0.000000000000e+00,0.000000000000e+00,-4.882812499972e-01
0.000000000000e+00,-1.562500000005e+01,0.000000000000e+00,0.000000000000e+00,0.000000000000e+00,-4.882812499972e-01
0.000000000000e+00,-1.324111414169e+01,0.000000000000e+00,0.000000000000e+00,0.000000000000e+00,-4.882812499972e-01
