N,Vy,Vz,T,My,Mz
0.000000000000e+00,-4.466194303978e+03,0.000000000000e+00,0.000000000000e+00,0.000000000000e+00,-7.387695312490e+02
0.000000000000e+00,-8.593749999994e+02,0.000000000000e+00,0.000000000000e+00,0.000000000000e+00,-7.387695312490e+02
0.000000000000e+00,2.747444303979e+03,0.000000000000e+00,0.000000000000e+00,0.000000000000e+00,-7.387695312490e+02
