N,Vy,Vz,T,My,Mz
0.000000000000e+00,-5.716388429212e+03,0.000000000000e+00,0.000000000000e+00,0.000000000000e+00,-9.692382812489e+02
0.000000000000e+00,-9.843749999993e+02,0.000000000000e+00,0.000000000000e+00,0.000000000000e+00,-9.692382812489e+02
0.000000000000e+00,3.747638429213e+03,0.000000000000e+00,0.000000000000e+00,0.000000000000e+00,-9.692382812489e+02
