N,Vy,Vz,T,My,Mz
0.000000000000e+00,-8.549637747368e+02,0.000000000000e+00,0.000000000000e+00,0.000000000000e+00,-1.079101562496e+02
0.000000000000e+00,-3.281249999994e+02,0.000000000000e+00,0.000000000000e+00,0.000000000000e+00,-1.079101562496e+02
0.000000000000e+00,1.987137747379e+02,0.000000000000e+00,0.000000000000e+00,0.000000000000e+00,-1.079101562496e+02
