N,Vy,Vz,T,My,Mz
0.000000000000e+00,-2.876969419153e+03,0.000000000000e+00,0.000000000000e+00,0.000000000000e+00,-4.516601562493e+02
0.000000000000e+00,-6.718749999994e+02,0.000000000000e+00,0.000000000000e+00,0.000000000000e+00,-4.516601562493e+02
0.000000000000e+00,1.533219419154e+03,0.000000000000e+00,0.000000000000e+00,0.000000000000e+00,-4.516601562493e+02
