N,Vy,Vz,T,My,Mz
0.000000000000e+00,-9.911047525128e+02,0.000000000000e+00,0.000000000000e+00,0.000000000000e+00,-1.293945312496e+02
0.000000000000e+00,-3.593749999995e+02,0.000000000000e+00,0.000000000000e+00,0.000000000000e+00,-1.293945312496e+02
0.000000000000e+00,2.723547525137e+02,0.000000000000e+00,0.000000000000e+00,0.000000000000e+00,-1.293945312496e+02
