N,Vy,Vz,T,My,Mz
0.000000000000e+00,-1.631024097959e+03,0.000000000000e+00,0.000000000000e+00,0.000000000000e+00,-2.348632812495e+02
0.000000000000e+00,-4.843749999997e+02,0.000000000000e+00,0.000000000000e+00,0.000000000000e+00,-2.348632812495e+02
0.000000000000e+00,6.622740979594e+02,0.000000000000e+00,0.000000000000e+00,0.000000000000e+00,-2.348632812495e+02
