N,Vy,Vz,T,My,Mz
0.000000000000e+00,-6.112884494868e+02,0.000000000000e+00,0.000000000000e+00,0.000000000000e+00,-7.080078124969e+01
0.000000000000e+00,-2.656249999993e+02,0.000000000000e+00,0.000000000000e+00,0.000000000000e+00,-7.080078124969e+01
0.000000000000e+00,8.003844948896e+01,0.000000000000e+00,0.000000000000e+00,0.000000000000e+00,-7.080078124969e+01
