N,Vy,Vz,T,My,Mz
0.000000000000e+00,-3.628671916112e+03,0.000000000000e+00,0.000000000000e+00,0.000000000000e+00,-5.864257812492e+02
0.000000000000e+00,-7.656249999993e+02,0.000000000000e+00,0.000000000000e+00,0.000000000000e+00,-5.864257812492e+02
0.000000000000e+00,2.097421916113e+03,0.000000000000e+00,0.000000000000e+00,0.000000000000e+00,-5.864257812492e+02
