N,Vy,Vz,T,My,Mz
0.000000000000e+00,-3.182227989942e+03,0.000000000000e+00,0.000000000000e+00,0.000000000000e+00,-2.831624348960e+02
0.000000000000e+00,-4.173177083337e+02,0.000000000000e+00,0.000000000000e+00,0.000000000000e+00,-2.831624348960e+02
0.000000000000e+00,2.347592573274e+03,0.000000000000e+00,0.000000000000e+00,0.000000000000e+00,-2.831624348960e+02
