N,Vy,Vz,T,My,Mz
0.000000000000e+00,-4.298740004909e+03,0.000000000000e+00,0.000000000000e+00,0.000000000000e+00,-3.931070963545e+02
0.000000000000e+00,-4.602864583337e+02,0.000000000000e+00,0.000000000000e+00,0.000000000000e+00,-3.931070963545e+02
0.000000000000e+00,3.378167088241e+03,0.000000000000e+00,0.000000000000e+00,0.000000000000e+00,-3.931070963545e+02
