N,Vy,Vz,T,My,Mz
0.000000000000e+00,-4.885702982341e+03,0.000000000000e+00,0.000000000000e+00,0.000000000000e+00,-4.516194661462e+02
0.000000000000e+00,-4.759114583337e+02,0.000000000000e+00,0.000000000000e+00,0.000000000000e+00,-4.516194661462e+02
0.000000000000e+00,3.933880065674e+03,0.000000000000e+00,0.000000000000e+00,0.000000000000e+00,-4.516194661462e+02
