N,Vy,Vz,T,My,Mz
0.000000000000e+00,-2.174053039619e+03,0.000000000000e+00,0.000000000000e+00,0.000000000000e+00,-1.859130859376e+02
0.000000000000e+00,-3.587239583337e+02,0.000000000000e+00,0.000000000000e+00,0.000000000000e+00,-1.859130859376e+02
0.000000000000e+00,1.456605122952e+03,0.000000000000e+00,0.000000000000e+00,0.000000000000e+00,-1.859130859376e+02
