N,Vy,Vz,T,My,Mz
0.000000000000e+00,-5.485446910784e+03,0.000000000000e+00,0.000000000000e+00,0.000000000000e+00,-5.118408203129e+02
0.000000000000e+00,-4.876302083337e+02,0.000000000000e+00,0.000000000000e+00,0.000000000000e+00,-5.118408203129e+02
0.000000000000e+00,4.510186494116e+03,0.000000000000e+00,0.000000000000e+00,0.000000000000e+00,-5.118408203129e+02
