N,Vy,Vz,T,My,Mz
0.000000000000e+00,-1.091948455298e+03,0.000000000000e+00,0.000000000000e+00,0.000000000000e+00,-3.857727050855e+02
0.000000000000e+00,-6.210937500092e+02,0.000000000000e+00,0.000000000000e+00,0.000000000000e+00,-3.857727050855e+02
0.000000000000e+00,-1.502390447197e+02,0.000000000000e+00,0.000000000000e+00,0.000000000000e+00,-3.857727050855e+02
