N,Vy,Vz,T,My,Mz
0.000000000000e+00,-2.247530292807e+02,0.000000000000e+00,0.000000000000e+00,0.000000000000e+00,-3.372192382858e+01
0.000000000000e+00,-1.835937500048e+02,0.000000000000e+00,0.000000000000e+00,0.000000000000e+00,-3.372192382858e+01
0.000000000000e+00,-1.424344707278e+02,0.000000000000e+00,0.000000000000e+00,0.000000000000e+00,-3.372192382858e+01
