N,Vy,Vz,T,My,Mz
0.000000000000e+00,-9.766857297308e+02,0.000000000000e+00,0.000000000000e+00,0.000000000000e+00,-3.297424316472e+02
0.000000000000e+00,-5.742187500103e+02,0.000000000000e+00,0.000000000000e+00,0.000000000000e+00,-3.297424316472e+02
0.000000000000e+00,-1.717517702892e+02,0.000000000000e+00,0.000000000000e+00,0.000000000000e+00,-3.297424316472e+02
