N,Vy,Vz,T,My,Mz
0.000000000000e+00,-2.048972343364e+03,0.000000000000e+00,0.000000000000e+00,0.000000000000e+00,-9.010314941542e+02
0.000000000000e+00,-9.492187500097e+02,0.000000000000e+00,0.000000000000e+00,0.000000000000e+00,-9.010314941542e+02
0.000000000000e+00,1.505348433450e+02,0.000000000000e+00,0.000000000000e+00,0.000000000000e+00,-9.010314941542e+02
