N,Vy,Vz,T,My,Mz
0.000000000000e+00,-6.312147897036e+02,0.000000000000e+00,0.000000000000e+00,0.000000000000e+00,-1.747131347693e+02
0.000000000000e+00,-4.179687500080e+02,0.000000000000e+00,0.000000000000e+00,0.000000000000e+00,-1.747131347693e+02
0.000000000000e+00,-2.047227103136e+02,0.000000000000e+00,0.000000000000e+00,0.000000000000e+00,-1.747131347693e+02
