N,Vy,Vz,T,My,Mz
0.000000000000e+00,-1.772919946143e+03,0.000000000000e+00,0.000000000000e+00,0.000000000000e+00,-7.452697754026e+02
0.000000000000e+00,-8.632812500097e+02,0.000000000000e+00,0.000000000000e+00,0.000000000000e+00,-7.452697754026e+02
0.000000000000e+00,4.635744612374e+01,0.000000000000e+00,0.000000000000e+00,0.000000000000e+00,-7.452697754026e+02
