N,Vy,Vz,T,My,Mz
0.000000000000e+00,-1.821770355297e+03,0.000000000000e+00,0.000000000000e+00,0.000000000000e+00,-7.724914550904e+02
0.000000000000e+00,-8.789062500096e+02,0.000000000000e+00,0.000000000000e+00,0.000000000000e+00,-7.724914550904e+02
0.000000000000e+00,6.395785527774e+01,0.000000000000e+00,0.000000000000e+00,0.000000000000e+00,-7.724914550904e+02
