N,Vy,Vz,T,My,Mz
0.000000000000e+00,-7.453504433042e+02,0.000000000000e+00,0.000000000000e+00,0.000000000000e+00,-2.234191894578e+02
0.000000000000e+00,-4.726562500100e+02,0.000000000000e+00,0.000000000000e+00,0.000000000000e+00,-2.234191894578e+02
0.000000000000e+00,-1.999620567170e+02,0.000000000000e+00,0.000000000000e+00,0.000000000000e+00,-2.234191894578e+02
