N,Vy,Vz,T,My,Mz
0.000000000000e+00,-1.289627491625e+02,0.000000000000e+00,0.000000000000e+00,0.000000000000e+00,-1.284790039065e+01
0.000000000000e+00,-1.132812499997e+02,0.000000000000e+00,0.000000000000e+00,0.000000000000e+00,-1.284790039065e+01
0.000000000000e+00,-9.759975083698e+01,0.000000000000e+00,0.000000000000e+00,0.000000000000e+00,-1.284790039065e+01
