N,Vy,Vz,T,My,Mz
0.000000000000e+00,-9.210657706392e+02,0.000000000000e+00,0.000000000000e+00,0.000000000000e+00,-3.033752441467e+02
0.000000000000e+00,-5.507812500096e+02,0.000000000000e+00,0.000000000000e+00,0.000000000000e+00,-3.033752441467e+02
0.000000000000e+00,-1.804967293800e+02,0.000000000000e+00,0.000000000000e+00,0.000000000000e+00,-3.033752441467e+02
