N,Vy,Vz,T,My,Mz
0.000000000000e+00,-1.606636789388e+03,0.000000000000e+00,0.000000000000e+00,0.000000000000e+00,-6.538391113391e+02
0.000000000000e+00,-8.085937500094e+02,0.000000000000e+00,0.000000000000e+00,0.000000000000e+00,-6.538391113391e+02
0.000000000000e+00,-1.055071063064e+01,0.000000000000e+00,0.000000000000e+00,0.000000000000e+00,-6.538391113391e+02
