N,Vy,Vz,T,My,Mz
0.000000000000e+00,-1.971897411546e+03,0.000000000000e+00,0.000000000000e+00,0.000000000000e+00,-8.570861816538e+02
0.000000000000e+00,-9.257812500097e+02,0.000000000000e+00,0.000000000000e+00,0.000000000000e+00,-8.570861816538e+02
0.000000000000e+00,1.203349115271e+02,0.000000000000e+00,0.000000000000e+00,0.000000000000e+00,-8.570861816538e+02
