N,Vy,Vz,T,My,Mz
0.000000000000e+00,-5.243797865462e+02,0.000000000000e+00,0.000000000000e+00,0.000000000000e+00,-1.319885253932e+02
0.000000000000e+00,-3.632812500090e+02,0.000000000000e+00,0.000000000000e+00,0.000000000000e+00,-1.319885253932e+02
0.000000000000e+00,-2.021827134719e+02,0.000000000000e+00,0.000000000000e+00,0.000000000000e+00,-1.319885253932e+02
