N,Vy,Vz,T,My,Mz
0.000000000000e+00,-1.233200810538e+03,0.000000000000e+00,0.000000000000e+00,0.000000000000e+00,-4.566955566490e+02
0.000000000000e+00,-6.757812500094e+02,0.000000000000e+00,0.000000000000e+00,0.000000000000e+00,-4.566955566490e+02
0.000000000000e+00,-1.183616894808e+02,0.000000000000e+00,0.000000000000e+00,0.000000000000e+00,-4.566955566490e+02
