N,Vy,Vz,T,My,Mz
0.000000000000e+00,-9.579967504999e+02,0.000000000000e+00,0.000000000000e+00,0.000000000000e+00,-3.208312988345e+02
0.000000000000e+00,-5.664062500090e+02,0.000000000000e+00,0.000000000000e+00,0.000000000000e+00,-3.208312988345e+02
0.000000000000e+00,-1.748157495175e+02,0.000000000000e+00,0.000000000000e+00,0.000000000000e+00,-3.208312988345e+02
