N,Vy,Vz,T,My,Mz
0.000000000000e+00,-1.560468251826e+03,0.000000000000e+00,0.000000000000e+00,0.000000000000e+00,-6.288146972763e+02
0.000000000000e+00,-7.929687500097e+02,0.000000000000e+00,0.000000000000e+00,0.000000000000e+00,-6.288146972763e+02
0.000000000000e+00,-2.546924819376e+01,0.000000000000e+00,0.000000000000e+00,0.000000000000e+00,-6.288146972763e+02
