N,Vy,Vz,T,My,Mz
0.000000000000e+00,-1.390101421588e+02,0.000000000000e+00,0.000000000000e+00,0.000000000000e+00,-1.467895507816e+01
0.000000000000e+00,-1.210937500022e+02,0.000000000000e+00,0.000000000000e+00,0.000000000000e+00,-1.467895507816e+01
0.000000000000e+00,-1.031773578469e+02,0.000000000000e+00,0.000000000000e+00,0.000000000000e+00,-1.467895507816e+01
