N,Vy,Vz,T,My,Mz
0.000000000000e+00,-7.119952922298e+02,0.000000000000e+00,0.000000000000e+00,0.000000000000e+00,-2.088928222700e+02
0.000000000000e+00,-4.570312500099e+02,0.000000000000e+00,0.000000000000e+00,0.000000000000e+00,-2.088928222700e+02
0.000000000000e+00,-2.020672077895e+02,0.000000000000e+00,0.000000000000e+00,0.000000000000e+00,-2.088928222700e+02
