N,Vy,Vz,T,My,Mz
0.000000000000e+00,-1.700462783349e+02,0.000000000000e+00,0.000000000000e+00,0.000000000000e+00,-2.090454101581e+01
0.000000000000e+00,-1.445312500047e+02,0.000000000000e+00,0.000000000000e+00,0.000000000000e+00,-2.090454101581e+01
0.000000000000e+00,-1.190162216746e+02,0.000000000000e+00,0.000000000000e+00,0.000000000000e+00,-2.090454101581e+01
