N,Vy,Vz,T,My,Mz
0.000000000000e+00,-1.871216735915e+03,0.000000000000e+00,0.000000000000e+00,0.000000000000e+00,-8.002014160282e+02
0.000000000000e+00,-8.945312500096e+02,0.000000000000e+00,0.000000000000e+00,0.000000000000e+00,-8.002014160282e+02
0.000000000000e+00,8.215423589629e+01,0.000000000000e+00,0.000000000000e+00,0.000000000000e+00,-8.002014160282e+02
