N,Vy,Vz,T,My,Mz
0.000000000000e+00,-4.386176484762e+02,0.000000000000e+00,0.000000000000e+00,0.000000000000e+00,-1.001281738300e+02
0.000000000000e+00,-3.164062500077e+02,0.000000000000e+00,0.000000000000e+00,0.000000000000e+00,-1.001281738300e+02
0.000000000000e+00,-1.941948515380e+02,0.000000000000e+00,0.000000000000e+00,0.000000000000e+00,-1.001281738300e+02
