N,Vy,Vz,T,My,Mz
0.000000000000e+00,-3.712465039049e+02,0.000000000000e+00,0.000000000000e+00,0.000000000000e+00,-7.693481445451e+01
0.000000000000e+00,-2.773437500076e+02,0.000000000000e+00,0.000000000000e+00,0.000000000000e+00,-7.693481445451e+01
0.000000000000e+00,-1.834409961090e+02,0.000000000000e+00,0.000000000000e+00,0.000000000000e+00,-7.693481445451e+01
