N,Vy,Vz,T,My,Mz
0.000000000000e+00,-4.524089121039e+01,0.000000000000e+00,0.000000000000e+00,0.000000000000e+00,-1.861572265709e+00
0.000000000000e+00,-4.296874999951e+01,0.000000000000e+00,0.000000000000e+00,0.000000000000e+00,-1.861572265709e+00
0.000000000000e+00,-4.069660879355e+01,0.000000000000e+00,0.000000000000e+00,0.000000000000e+00,-1.861572265709e+00
