N,Vy,Vz,T,My,Mz
0.000000000000e+00,-1.338565135980e+03,0.000000000000e+00,0.000000000000e+00,0.000000000000e+00,-5.110168457123e+02
0.000000000000e+00,-7.148437500092e+02,0.000000000000e+00,0.000000000000e+00,0.000000000000e+00,-5.110168457123e+02
0.000000000000e+00,-9.112236403870e+01,0.000000000000e+00,0.000000000000e+00,0.000000000000e+00,-5.110168457123e+02
