N,Vy,Vz,T,My,Mz
0.000000000000e+00,-1.111680384592e+03,0.000000000000e+00,0.000000000000e+00,0.000000000000e+00,-3.955383300856e+02
0.000000000000e+00,-6.289062500104e+02,0.000000000000e+00,0.000000000000e+00,0.000000000000e+00,-3.955383300856e+02
0.000000000000e+00,-1.461321154283e+02,0.000000000000e+00,0.000000000000e+00,0.000000000000e+00,-3.955383300856e+02
