N,Vy,Vz,T,My,Mz
0.000000000000e+00,-1.360084979667e+03,0.000000000000e+00,0.000000000000e+00,0.000000000000e+00,-5.222473144625e+02
0.000000000000e+00,-7.226562500095e+02,0.000000000000e+00,0.000000000000e+00,0.000000000000e+00,-5.222473144625e+02
0.000000000000e+00,-8.522752035226e+01,0.000000000000e+00,0.000000000000e+00,0.000000000000e+00,-5.222473144625e+02
