N,Vy,Vz,T,My,Mz
0.000000000000e+00,-1.846419049173e+03,0.000000000000e+00,0.000000000000e+00,0.000000000000e+00,-7.862854004031e+02
0.000000000000e+00,-8.867187500096e+02,0.000000000000e+00,0.000000000000e+00,0.000000000000e+00,-7.862854004031e+02
0.000000000000e+00,7.298154915400e+01,0.000000000000e+00,0.000000000000e+00,0.000000000000e+00,-7.862854004031e+02
