N,Vy,Vz,T,My,Mz
0.000000000000e+00,-5.097136147002e+02,0.000000000000e+00,0.000000000000e+00,0.000000000000e+00,-1.263732910181e+02
0.000000000000e+00,-3.554687500053e+02,0.000000000000e+00,0.000000000000e+00,0.000000000000e+00,-1.263732910181e+02
0.000000000000e+00,-2.012238853117e+02,0.000000000000e+00,0.000000000000e+00,0.000000000000e+00,-1.263732910181e+02
