N,Vy,Vz,T,My,Mz
0.000000000000e+00,-1.171770129667e+03,0.000000000000e+00,0.000000000000e+00,0.000000000000e+00,-4.255676269611e+02
0.000000000000e+00,-6.523437500099e+02,0.000000000000e+00,0.000000000000e+00,0.000000000000e+00,-4.255676269611e+02
0.000000000000e+00,-1.329173703523e+02,0.000000000000e+00,0.000000000000e+00,0.000000000000e+00,-4.255676269611e+02
