N,Vy,Vz,T,My,Mz
0.000000000000e+00,-1.425538467924e+03,0.000000000000e+00,0.000000000000e+00,0.000000000000e+00,-5.566711425879e+02
0.000000000000e+00,-7.460937500096e+02,0.000000000000e+00,0.000000000000e+00,0.000000000000e+00,-5.566711425879e+02
0.000000000000e+00,-6.664903209498e+01,0.000000000000e+00,0.000000000000e+00,0.000000000000e+00,-5.566711425879e+02
