N,Vy,Vz,T,My,Mz
0.000000000000e+00,-6.792361126197e+02,0.000000000000e+00,0.000000000000e+00,0.000000000000e+00,-1.948547363322e+02
0.000000000000e+00,-4.414062500081e+02,0.000000000000e+00,0.000000000000e+00,0.000000000000e+00,-1.948547363322e+02
0.000000000000e+00,-2.035763873970e+02,0.000000000000e+00,0.000000000000e+00,0.000000000000e+00,-1.948547363322e+02
