N,Vy,Vz,T,My,Mz
0.000000000000e+00,-8.138486598446e+02,0.000000000000e+00,0.000000000000e+00,0.000000000000e+00,-2.539367675834e+02
0.000000000000e+00,-5.039062500101e+02,0.000000000000e+00,0.000000000000e+00,0.000000000000e+00,-2.539367675834e+02
0.000000000000e+00,-1.939638401768e+02,0.000000000000e+00,0.000000000000e+00,0.000000000000e+00,-2.539367675834e+02
