N,Vy,Vz,T,My,Mz
0.000000000000e+00,-2.831846018853e+02,0.000000000000e+00,0.000000000000e+00,0.000000000000e+00,-4.959106445390e+01
0.000000000000e+00,-2.226562500074e+02,0.000000000000e+00,0.000000000000e+00,0.000000000000e+00,-4.959106445390e+01
0.000000000000e+00,-1.621278981295e+02,0.000000000000e+00,0.000000000000e+00,0.000000000000e+00,-4.959106445390e+01
