N,Vy,Vz,T,My,Mz
0.000000000000e+00,-4.525388559897e+02,0.000000000000e+00,0.000000000000e+00,0.000000000000e+00,-1.051330566427e+02
0.000000000000e+00,-3.242187500077e+02,0.000000000000e+00,0.000000000000e+00,0.000000000000e+00,-1.051330566427e+02
0.000000000000e+00,-1.958986440245e+02,0.000000000000e+00,0.000000000000e+00,0.000000000000e+00,-1.051330566427e+02
