N,Vy,Vz,T,My,Mz
0.000000000000e+00,-2.361413580664e+02,0.000000000000e+00,0.000000000000e+00,0.000000000000e+00,-3.665161132863e+01
0.000000000000e+00,-1.914062500024e+02,0.000000000000e+00,0.000000000000e+00,0.000000000000e+00,-3.665161132863e+01
0.000000000000e+00,-1.466711419360e+02,0.000000000000e+00,0.000000000000e+00,0.000000000000e+00,-3.665161132863e+01
