N,Vy,Vz,T,My,Mz
0.000000000000e+00,-8.667867473420e+02,0.000000000000e+00,0.000000000000e+00,0.000000000000e+00,-2.781066894588e+02
0.000000000000e+00,-5.273437500083e+02,0.000000000000e+00,0.000000000000e+00,0.000000000000e+00,-2.781066894588e+02
0.000000000000e+00,-1.879007526740e+02,0.000000000000e+00,0.000000000000e+00,0.000000000000e+00,-2.781066894588e+02
