N,Vy,Vz,T,My,Mz
0.000000000000e+00,-1.072365518871e+03,0.000000000000e+00,0.000000000000e+00,0.000000000000e+00,-3.761291503979e+02
0.000000000000e+00,-6.132812500092e+02,0.000000000000e+00,0.000000000000e+00,0.000000000000e+00,-3.761291503979e+02
0.000000000000e+00,-1.541969811469e+02,0.000000000000e+00,0.000000000000e+00,0.000000000000e+00,-3.761291503979e+02
