N,Vy,Vz,T,My,Mz
0.000000000000e+00,-3.453409961389e+02,0.000000000000e+00,0.000000000000e+00,0.000000000000e+00,-6.851196289183e+01
0.000000000000e+00,-2.617187500051e+02,0.000000000000e+00,0.000000000000e+00,0.000000000000e+00,-6.851196289183e+01
0.000000000000e+00,-1.780965038725e+02,0.000000000000e+00,0.000000000000e+00,0.000000000000e+00,-6.851196289183e+01
