N,Vy,Vz,T,My,Mz
0.000000000000e+00,-3.326117315552e+02,0.000000000000e+00,0.000000000000e+00,0.000000000000e+00,-6.448364257925e+01
0.000000000000e+00,-2.539062500038e+02,0.000000000000e+00,0.000000000000e+00,0.000000000000e+00,-6.448364257925e+01
0.000000000000e+00,-1.752007684549e+02,0.000000000000e+00,0.000000000000e+00,0.000000000000e+00,-6.448364257925e+01
