N,Vy,Vz,T,My,Mz
0.000000000000e+00,-2.024233503053e+02,0.000000000000e+00,0.000000000000e+00,0.000000000000e+00,-2.822875976594e+01
0.000000000000e+00,-1.679687500060e+02,0.000000000000e+00,0.000000000000e+00,0.000000000000e+00,-2.822875976594e+01
0.000000000000e+00,-1.335141497067e+02,0.000000000000e+00,0.000000000000e+00,0.000000000000e+00,-2.822875976594e+01
