N,Vy,Vz,T,My,Mz
0.000000000000e+00,-4.808282496140e+02,0.000000000000e+00,0.000000000000e+00,0.000000000000e+00,-1.155090332054e+02
0.000000000000e+00,-3.398437500065e+02,0.000000000000e+00,0.000000000000e+00,0.000000000000e+00,-1.155090332054e+02
0.000000000000e+00,-1.988592504015e+02,0.000000000000e+00,0.000000000000e+00,0.000000000000e+00,-1.155090332054e+02
