N,Vy,Vz,T,My,Mz
0.000000000000e+00,-9.028237700081e+02,0.000000000000e+00,0.000000000000e+00,0.000000000000e+00,-2.948303222716e+02
0.000000000000e+00,-5.429687500096e+02,0.000000000000e+00,0.000000000000e+00,0.000000000000e+00,-2.948303222716e+02
0.000000000000e+00,-1.831137300110e+02,0.000000000000e+00,0.000000000000e+00,0.000000000000e+00,-2.948303222716e+02
