N,Vy,Vz,T,My,Mz
0.000000000000e+00,-2.180410420384e+03,0.000000000000e+00,0.000000000000e+00,0.000000000000e+00,-9.767150879050e+02
0.000000000000e+00,-9.882812500097e+02,0.000000000000e+00,0.000000000000e+00,0.000000000000e+00,-9.767150879050e+02
0.000000000000e+00,2.038479203647e+02,0.000000000000e+00,0.000000000000e+00,0.000000000000e+00,-9.767150879050e+02
