N,Vy,Vz,T,My,Mz
0.000000000000e+00,-2.074961973036e+03,0.000000000000e+00,0.000000000000e+00,0.000000000000e+00,-9.159240722794e+02
0.000000000000e+00,-9.570312500097e+02,0.000000000000e+00,0.000000000000e+00,0.000000000000e+00,-9.159240722794e+02
0.000000000000e+00,1.608994730166e+02,0.000000000000e+00,0.000000000000e+00,0.000000000000e+00,-9.159240722794e+02
