N,Vy,Vz,T,My,Mz
0.000000000000e+00,-1.014510666787e+03,0.000000000000e+00,0.000000000000e+00,0.000000000000e+00,-3.479309082100e+02
0.000000000000e+00,-5.898437500091e+02,0.000000000000e+00,0.000000000000e+00,0.000000000000e+00,-3.479309082100e+02
0.000000000000e+00,-1.651768332303e+02,0.000000000000e+00,0.000000000000e+00,0.000000000000e+00,-3.479309082100e+02
