N,Vy,Vz,T,My,Mz
0.000000000000e+00,-1.192098030425e+03,0.000000000000e+00,0.000000000000e+00,0.000000000000e+00,-4.358215332112e+02
0.000000000000e+00,-6.601562500102e+02,0.000000000000e+00,0.000000000000e+00,0.000000000000e+00,-4.358215332112e+02
0.000000000000e+00,-1.282144695950e+02,0.000000000000e+00,0.000000000000e+00,0.000000000000e+00,-4.358215332112e+02
