N,Vy,Vz,T,My,Mz
0.000000000000e+00,-1.295972427205e+03,0.000000000000e+00,0.000000000000e+00,0.000000000000e+00,-4.889221191495e+02
0.000000000000e+00,-6.992187500100e+02,0.000000000000e+00,0.000000000000e+00,0.000000000000e+00,-4.889221191495e+02
0.000000000000e+00,-1.024650728149e+02,0.000000000000e+00,0.000000000000e+00,0.000000000000e+00,-4.889221191495e+02
