N,Vy,Vz,T,My,Mz
0.000000000000e+00,-1.629944547469e+03,0.000000000000e+00,0.000000000000e+00,0.000000000000e+00,-6.665344238392e+02
0.000000000000e+00,-8.164062500095e+02,0.000000000000e+00,0.000000000000e+00,0.000000000000e+00,-6.665344238392e+02
0.000000000000e+00,-2.867952549817e+00,0.000000000000e+00,0.000000000000e+00,0.000000000000e+00,-6.665344238392e+02
