N,Vy,Vz,T,My,Mz
0.000000000000e+00,-7.622515081397e+02,0.000000000000e+00,0.000000000000e+00,0.000000000000e+00,-2.308654785204e+02
0.000000000000e+00,-4.804687500100e+02,0.000000000000e+00,0.000000000000e+00,0.000000000000e+00,-2.308654785204e+02
0.000000000000e+00,-1.986859918803e+02,0.000000000000e+00,0.000000000000e+00,0.000000000000e+00,-2.308654785204e+02
