N,Vy,Vz,T,My,Mz
0.000000000000e+00,-5.845344025842e+02,0.000000000000e+00,0.000000000000e+00,0.000000000000e+00,-1.556701660188e+02
0.000000000000e+00,-3.945312500104e+02,0.000000000000e+00,0.000000000000e+00,0.000000000000e+00,-1.556701660188e+02
0.000000000000e+00,-2.045280974365e+02,0.000000000000e+00,0.000000000000e+00,0.000000000000e+00,-1.556701660188e+02
