N,Vy,Vz,T,My,Mz
0.000000000000e+00,-1.492065280171e+02,0.000000000000e+00,0.000000000000e+00,0.000000000000e+00,-1.663208007820e+01
0.000000000000e+00,-1.289062500034e+02,0.000000000000e+00,0.000000000000e+00,0.000000000000e+00,-1.663208007820e+01
0.000000000000e+00,-1.086059719885e+02,0.000000000000e+00,0.000000000000e+00,0.000000000000e+00,-1.663208007820e+01
