N,Vy,Vz,T,My,Mz
0.000000000000e+00,-1.537607472343e+03,0.000000000000e+00,0.000000000000e+00,0.000000000000e+00,-6.164855957136e+02
0.000000000000e+00,-7.851562500095e+02,0.000000000000e+00,0.000000000000e+00,0.000000000000e+00,-6.164855957136e+02
0.000000000000e+00,-3.270502767591e+01,0.000000000000e+00,0.000000000000e+00,0.000000000000e+00,-6.164855957136e+02
