N,Vy,Vz,T,My,Mz
0.000000000000e+00,-6.470729044781e+02,0.000000000000e+00,0.000000000000e+00,0.000000000000e+00,-1.813049316444e+02
0.000000000000e+00,-4.257812500092e+02,0.000000000000e+00,0.000000000000e+00,0.000000000000e+00,-1.813049316444e+02
0.000000000000e+00,-2.044895955416e+02,0.000000000000e+00,0.000000000000e+00,0.000000000000e+00,-1.813049316444e+02
