N,Vy,Vz,T,My,Mz
0.000000000000e+00,-4.248454338309e+02,0.000000000000e+00,0.000000000000e+00,0.000000000000e+00,-9.524536132992e+01
0.000000000000e+00,-3.085937500077e+02,0.000000000000e+00,0.000000000000e+00,0.000000000000e+00,-9.524536132992e+01
0.000000000000e+00,-1.923420661857e+02,0.000000000000e+00,0.000000000000e+00,0.000000000000e+00,-9.524536132992e+01
