N,Vy,Vz,T,My,Mz
0.000000000000e+00,-1.190499107978e+01,0.000000000000e+00,0.000000000000e+00,0.000000000000e+00,-1.525878906223e-01
0.000000000000e+00,-1.171874999697e+01,0.000000000000e+00,0.000000000000e+00,0.000000000000e+00,-1.525878906223e-01
0.000000000000e+00,-1.153250891415e+01,0.000000000000e+00,0.000000000000e+00,0.000000000000e+00,-1.525878906223e-01
