N,Vy,Vz,T,My,Mz
0.000000000000e+00,-1.748718230865e+03,0.000000000000e+00,0.000000000000e+00,0.000000000000e+00,-7.318420410275e+02
0.000000000000e+00,-8.554687500096e+02,0.000000000000e+00,0.000000000000e+00,0.000000000000e+00,-7.318420410275e+02
0.000000000000e+00,3.778073084619e+01,0.000000000000e+00,0.000000000000e+00,0.000000000000e+00,-7.318420410275e+02
