N,Vy,Vz,T,My,Mz
0.000000000000e+00,-5.999455387578e+02,0.000000000000e+00,0.000000000000e+00,0.000000000000e+00,-1.618957519565e+02
0.000000000000e+00,-4.023437500116e+02,0.000000000000e+00,0.000000000000e+00,0.000000000000e+00,-1.618957519565e+02
0.000000000000e+00,-2.047419612630e+02,0.000000000000e+00,0.000000000000e+00,0.000000000000e+00,-1.618957519565e+02
