N,Vy,Vz,T,My,Mz
0.000000000000e+00,-1.896163415524e+03,0.000000000000e+00,0.000000000000e+00,0.000000000000e+00,-8.142395019658e+02
0.000000000000e+00,-9.023437500095e+02,0.000000000000e+00,0.000000000000e+00,0.000000000000e+00,-8.142395019658e+02
0.000000000000e+00,9.147591550481e+01,0.000000000000e+00,0.000000000000e+00,0.000000000000e+00,-8.142395019658e+02
