N,Vy,Vz,T,My,Mz
0.000000000000e+00,-1.921259087999e+03,0.000000000000e+00,0.000000000000e+00,0.000000000000e+00,-8.283996582160e+02
0.000000000000e+00,-9.101562500096e+02,0.000000000000e+00,0.000000000000e+00,0.000000000000e+00,-8.283996582160e+02
0.000000000000e+00,1.009465879794e+02,0.000000000000e+00,0.000000000000e+00,0.000000000000e+00,-8.283996582160e+02
