N,Vy,Vz,T,My,Mz
0.000000000000e+00,-5.692722592764e+02,0.000000000000e+00,0.000000000000e+00,0.000000000000e+00,-1.495666503936e+02
0.000000000000e+00,-3.867187500103e+02,0.000000000000e+00,0.000000000000e+00,0.000000000000e+00,-1.495666503936e+02
0.000000000000e+00,-2.041652407456e+02,0.000000000000e+00,0.000000000000e+00,0.000000000000e+00,-1.495666503936e+02
