N,Vy,Vz,T,My,Mz
0.000000000000e+00,-1.797270654287e+03,0.000000000000e+00,0.000000000000e+00,0.000000000000e+00,-7.588195800903e+02
0.000000000000e+00,-8.710937500095e+02,0.000000000000e+00,0.000000000000e+00,0.000000000000e+00,-7.588195800903e+02
0.000000000000e+00,5.508315426782e+01,0.000000000000e+00,0.000000000000e+00,0.000000000000e+00,-7.588195800903e+02
