N,Vy,Vz,T,My,Mz
0.000000000000e+00,-1.403571645639e+03,0.000000000000e+00,0.000000000000e+00,0.000000000000e+00,-5.450744629003e+02
0.000000000000e+00,-7.382812500095e+02,0.000000000000e+00,0.000000000000e+00,0.000000000000e+00,-5.450744629003e+02
0.000000000000e+00,-7.299085437994e+01,0.000000000000e+00,0.000000000000e+00,0.000000000000e+00,-5.450744629003e+02
