N,Vy,Vz,T,My,Mz
0.000000000000e+00,-2.300893850449e-10,0.000000000000e+00,0.000000000000e+00,0.000000000000e+00,-1.939347979082e-11
0.000000000000e+00,-3.834823084081e-11,0.000000000000e+00,0.000000000000e+00,0.000000000000e+00,-1.939347979082e-11
0.000000000000e+00,1.342188079428e-10,0.000000000000e+00,0.000000000000e+00,0.000000000000e+00,-1.939347979082e-11
