N,Vy,Vz,T,My,Mz
0.000000000000e+00,-2.109152696245e-10,0.000000000000e+00,0.000000000000e+00,0.000000000000e+00,-1.340431691425e-11
0.000000000000e+00,-7.669646168162e-11,0.000000000000e+00,0.000000000000e+00,0.000000000000e+00,-1.340431691425e-11
0.000000000000e+00,5.752234626122e-11,0.000000000000e+00,0.000000000000e+00,0.000000000000e+00,-1.340431691425e-11
