N,Vy,Vz,T,My,Mz
0.000000000000e+00,-2.635961729260e+03,0.000000000000e+00,0.000000000000e+00,0.000000000000e+00,-2.187500000001e+02
0.000000000000e+00,-5.000000000001e+02,0.000000000000e+00,0.000000000000e+00,0.000000000000e+00,-2.187500000001e+02
0.000000000000e+00,1.635961729260e+03,0.000000000000e+00,0.000000000000e+00,0.000000000000e+00,-2.187500000001e+02
