N,Vy,Vz,T,My,Mz
0.000000000000e+00,-3.930693661183e-10,0.000000000000e+00,0.000000000000e+00,0.000000000000e+00,-3.346325924691e-11
0.000000000000e+00,-7.669646168162e-11,0.000000000000e+00,0.000000000000e+00,0.000000000000e+00,-3.346325924691e-11
0.000000000000e+00,2.588505581755e-10,0.000000000000e+00,0.000000000000e+00,0.000000000000e+00,-3.346325924691e-11
