N,Vy,Vz,T,My,Mz
0.000000000000e+00,-5.752234626122e-11,0.000000000000e+00,0.000000000000e+00,0.000000000000e+00,-1.711189393308e-12
0.000000000000e+00,-1.917411542041e-11,0.000000000000e+00,0.000000000000e+00,0.000000000000e+00,-1.711189393308e-12
0.000000000000e+00,-1.917411542041e-11,0.000000000000e+00,0.000000000000e+00,0.000000000000e+00,-1.711189393308e-12
