Local DOF,U_e Value
0,0.000000000000e+00
1,1.003906250010e+03
2,0.000000000000e+00
3,0.000000000000e+00
4,0.000000000000e+00
5,1.000000000015e+03
6,0.000000000000e+00
7,3.906250000000e+00
8,0.000000000000e+00
9,0.000000000000e+00
10,0.000000000000e+00
11,0.000000000000e+00
