Local DOF,R_e Value
0,0.000000000000e+00
1,-2.532457950691e-04
2,0.000000000000e+00
3,0.000000000000e+00
4,-0.000000000000e+00
5,-1.943777585477e-06
6,0.000000000000e+00
7,-2.551906523021e-04
8,0.000000000000e+00
9,0.000000000000e+00
10,-0.000000000000e+00
11,-1.946295749383e-06
