Local DOF,R_e Value
0,0.000000000000e+00
1,-1.981809058661e-06
2,0.000000000000e+00
3,0.000000000000e+00
4,-0.000000000000e+00
5,-2.472182415795e-07
6,0.000000000000e+00
7,-2.235416995205e-06
8,0.000000000000e+00
9,0.000000000000e+00
10,-0.000000000000e+00
11,-2.621265160756e-07
