Local DOF,R_e Value
0,0.000000000000e+00
1,-1.204626286711e-05
2,0.000000000000e+00
3,0.000000000000e+00
4,-0.000000000000e+00
5,-5.873896575547e-07
6,0.000000000000e+00
7,-1.263938530639e-05
8,0.000000000000e+00
9,0.000000000000e+00
10,-0.000000000000e+00
11,-6.007651344899e-07
