Local DOF,R_e Value
0,0.000000000000e+00
1,-8.273517539005e-06
2,0.000000000000e+00
3,0.000000000000e+00
4,-0.000000000000e+00
5,-4.919730551941e-07
6,0.000000000000e+00
7,-8.771414975618e-06
8,0.000000000000e+00
9,0.000000000000e+00
10,-0.000000000000e+00
11,-5.057955980840e-07
