Local DOF,R_e Value
0,0.000000000000e+00
1,-7.319363646554e-06
2,0.000000000000e+00
3,0.000000000000e+00
4,-0.000000000000e+00
5,-4.641363697176e-07
6,0.000000000000e+00
7,-7.789479140462e-06
8,0.000000000000e+00
9,0.000000000000e+00
10,-0.000000000000e+00
11,-4.780866457387e-07
