Local DOF,R_e Value
0,0.000000000000e+00
1,-9.392182523163e-07
2,0.000000000000e+00
3,0.000000000000e+00
4,-0.000000000000e+00
5,-1.717188706989e-07
6,0.000000000000e+00
7,-1.117463674881e-06
8,0.000000000000e+00
9,0.000000000000e+00
10,0.000000000000e+00
11,-1.869464779645e-07
