ε_xx,ε_yy,ε_zz,γ_xy,γ_yz,γ_xz
0.000000000000e+00,0.000000000000e+00,1.643650493488e-16,4.553649124439e-18,0.000000000000e+00,0.000000000000e+00
0.000000000000e+00,0.000000000000e+00,1.643650493488e-16,6.505213034913e-19,0.000000000000e+00,0.000000000000e+00
0.000000000000e+00,0.000000000000e+00,1.643650493488e-16,-3.469446951954e-18,0.000000000000e+00,0.000000000000e+00
