ε_xx,ε_yy,ε_zz,γ_xy,γ_yz,γ_xz
0.000000000000e+00,0.000000000000e+00,-3.207578027113e-04,-1.341881964672e-05,0.000000000000e+00,0.000000000000e+00
0.000000000000e+00,0.000000000000e+00,-3.207578027113e-04,-5.654509471302e-06,0.000000000000e+00,0.000000000000e+00
0.000000000000e+00,0.000000000000e+00,-3.207578027113e-04,2.109800704115e-06,0.000000000000e+00,0.000000000000e+00
