ε_xx,ε_yy,ε_zz,γ_xy,γ_yz,γ_xz
0.000000000000e+00,0.000000000000e+00,1.981921571304e-16,5.854691731422e-18,0.000000000000e+00,0.000000000000e+00
0.000000000000e+00,0.000000000000e+00,1.981921571304e-16,1.301042606983e-18,0.000000000000e+00,0.000000000000e+00
0.000000000000e+00,0.000000000000e+00,1.981921571304e-16,-3.686287386451e-18,0.000000000000e+00,0.000000000000e+00
