ε_xx,ε_yy,ε_zz,γ_xy,γ_yz,γ_xz
0.000000000000e+00,0.000000000000e+00,1.561251128379e-16,4.119968255445e-18,0.000000000000e+00,0.000000000000e+00
0.000000000000e+00,0.000000000000e+00,1.561251128379e-16,2.168404344971e-19,0.000000000000e+00,0.000000000000e+00
0.000000000000e+00,0.000000000000e+00,1.561251128379e-16,-3.469446951954e-18,0.000000000000e+00,0.000000000000e+00
