ε_xx,ε_yy,ε_zz,γ_xy,γ_yz,γ_xz
0.000000000000e+00,0.000000000000e+00,1.196959198424e-16,3.035766082959e-18,0.000000000000e+00,0.000000000000e+00
0.000000000000e+00,0.000000000000e+00,1.196959198424e-16,0.000000000000e+00,0.000000000000e+00,0.000000000000e+00
0.000000000000e+00,0.000000000000e+00,1.196959198424e-16,-2.602085213965e-18,0.000000000000e+00,0.000000000000e+00
