ε_xx,ε_yy,ε_zz,γ_xy,γ_yz,γ_xz
0.000000000000e+00,0.000000000000e+00,1.327063459122e-16,3.469446951954e-18,0.000000000000e+00,0.000000000000e+00
0.000000000000e+00,0.000000000000e+00,1.327063459122e-16,4.336808689942e-19,0.000000000000e+00,0.000000000000e+00
0.000000000000e+00,0.000000000000e+00,1.327063459122e-16,-3.035766082959e-18,0.000000000000e+00,0.000000000000e+00
