ε_xx,ε_yy,ε_zz,γ_xy,γ_yz,γ_xz
0.000000000000e+00,0.000000000000e+00,-4.633168261386e-04,-1.686962416913e-05,0.000000000000e+00,0.000000000000e+00
0.000000000000e+00,0.000000000000e+00,-4.633168261386e-04,-5.654509471302e-06,0.000000000000e+00,0.000000000000e+00
0.000000000000e+00,0.000000000000e+00,-4.633168261386e-04,5.560605226525e-06,0.000000000000e+00,0.000000000000e+00
