ε_xx,ε_yy,ε_zz,γ_xy,γ_yz,γ_xz
0.000000000000e+00,0.000000000000e+00,1.821459649776e-17,1.301042606983e-18,0.000000000000e+00,0.000000000000e+00
0.000000000000e+00,0.000000000000e+00,1.821459649776e-17,1.301042606983e-18,0.000000000000e+00,0.000000000000e+00
0.000000000000e+00,0.000000000000e+00,1.821459649776e-17,8.673617379884e-19,0.000000000000e+00,0.000000000000e+00
