ε_xx,ε_yy,ε_zz,γ_xy,γ_yz,γ_xz
0.000000000000e+00,0.000000000000e+00,-1.069192675703e-04,-8.242612863104e-06,0.000000000000e+00,0.000000000000e+00
0.000000000000e+00,0.000000000000e+00,-1.069192675703e-04,-5.654509471302e-06,0.000000000000e+00,0.000000000000e+00
0.000000000000e+00,0.000000000000e+00,-1.069192675703e-04,-3.066406079500e-06,0.000000000000e+00,0.000000000000e+00
