Local DOF,U_e Value
0,0.000000000000e+00
1,3.333353675761e+02
2,0.000000000000e+00
3,0.000000000000e+00
4,0.000000000000e+00
5,5.000325518316e+02
6,0.000000000000e+00
7,8.138011987647e-03
8,0.000000000000e+00
9,0.000000000000e+00
10,0.000000000000e+00
11,0.000000000000e+00
