N,Vy,Vz,T,My,Mz
0.000000000000e+00,-1.658568527288e+03,0.000000000000e+00,0.000000000000e+00,0.000000000000e+00,-9.492187500173e+02
0.000000000000e+00,-5.000000000123e+02,0.000000000000e+00,0.000000000000e+00,0.000000000000e+00,-9.492187500173e+02
0.000000000000e+00,6.585685272633e+02,0.000000000000e+00,0.000000000000e+00,0.000000000000e+00,-9.492187500173e+02
