N,Vy,Vz,T,My,Mz
0.000000000000e+00,-9.815449434457e+02,0.000000000000e+00,0.000000000000e+00,0.000000000000e+00,-3.945312500041e+02
0.000000000000e+00,-5.000000000125e+02,0.000000000000e+00,0.000000000000e+00,0.000000000000e+00,-3.945312500041e+02
0.000000000000e+00,-1.845505658180e+01,0.000000000000e+00,0.000000000000e+00,0.000000000000e+00,-3.945312500041e+02
