N,Vy,Vz,T,My,Mz
0.000000000000e+00,-5.619810323236e+02,0.000000000000e+00,0.000000000000e+00,0.000000000000e+00,-5.078125000013e+01
0.000000000000e+00,-5.000000000015e+02,0.000000000000e+00,0.000000000000e+00,0.000000000000e+00,-5.078125000013e+01
0.000000000000e+00,-4.380189676769e+02,0.000000000000e+00,0.000000000000e+00,0.000000000000e+00,-5.078125000013e+01
