N,Vy,Vz,T,My,Mz
0.000000000000e+00,-5.429099454592e+02,0.000000000000e+00,0.000000000000e+00,0.000000000000e+00,-3.515625000009e+01
0.000000000000e+00,-5.000000000039e+02,0.000000000000e+00,0.000000000000e+00,0.000000000000e+00,-3.515625000009e+01
0.000000000000e+00,-4.570900545486e+02,0.000000000000e+00,0.000000000000e+00,0.000000000000e+00,-3.515625000009e+01
