N,Vy,Vz,T,My,Mz
0.000000000000e+00,-7.336208141424e+02,0.000000000000e+00,0.000000000000e+00,0.000000000000e+00,-1.914062500006e+02
0.000000000000e+00,-5.000000000039e+02,0.000000000000e+00,0.000000000000e+00,0.000000000000e+00,-1.914062500006e+02
0.000000000000e+00,-2.663791858655e+02,0.000000000000e+00,0.000000000000e+00,0.000000000000e+00,-1.914062500006e+02
