N,Vy,Vz,T,My,Mz
0.000000000000e+00,-1.362966680821e+03,0.000000000000e+00,0.000000000000e+00,0.000000000000e+00,-7.070312500115e+02
0.000000000000e+00,-5.000000000128e+02,0.000000000000e+00,0.000000000000e+00,0.000000000000e+00,-7.070312500115e+02
0.000000000000e+00,3.629666807959e+02,0.000000000000e+00,0.000000000000e+00,0.000000000000e+00,-7.070312500115e+02
