N,Vy,Vz,T,My,Mz
0.000000000000e+00,-8.861895090980e+02,0.000000000000e+00,0.000000000000e+00,0.000000000000e+00,-3.164062500024e+02
0.000000000000e+00,-5.000000000113e+02,0.000000000000e+00,0.000000000000e+00,0.000000000000e+00,-3.164062500024e+02
0.000000000000e+00,-1.138104909234e+02,0.000000000000e+00,0.000000000000e+00,0.000000000000e+00,-3.164062500024e+02
