N,Vy,Vz,T,My,Mz
0.000000000000e+00,-8.003696181837e+02,0.000000000000e+00,0.000000000000e+00,0.000000000000e+00,-2.460937500014e+02
0.000000000000e+00,-5.000000000064e+02,0.000000000000e+00,0.000000000000e+00,0.000000000000e+00,-2.460937500014e+02
0.000000000000e+00,-1.996303818278e+02,0.000000000000e+00,0.000000000000e+00,0.000000000000e+00,-2.460937500014e+02
