N,Vy,Vz,T,My,Mz
0.000000000000e+00,-7.050141838397e+02,0.000000000000e+00,0.000000000000e+00,0.000000000000e+00,-1.679687500004e+02
0.000000000000e+00,-5.000000000039e+02,0.000000000000e+00,0.000000000000e+00,0.000000000000e+00,-1.679687500004e+02
0.000000000000e+00,-2.949858161682e+02,0.000000000000e+00,0.000000000000e+00,0.000000000000e+00,-1.679687500004e+02
