N,Vy,Vz,T,My,Mz
0.000000000000e+00,-5.524454888902e+02,0.000000000000e+00,0.000000000000e+00,0.000000000000e+00,-4.296875000009e+01
0.000000000000e+00,-5.000000000039e+02,0.000000000000e+00,0.000000000000e+00,0.000000000000e+00,-4.296875000009e+01
0.000000000000e+00,-4.475545111177e+02,0.000000000000e+00,0.000000000000e+00,0.000000000000e+00,-4.296875000009e+01
