N,Vy,Vz,T,My,Mz
0.000000000000e+00,-9.624738565752e+02,0.000000000000e+00,0.000000000000e+00,0.000000000000e+00,-3.789062500037e+02
0.000000000000e+00,-5.000000000137e+02,0.000000000000e+00,0.000000000000e+00,0.000000000000e+00,-3.789062500037e+02
0.000000000000e+00,-3.752614344987e+01,0.000000000000e+00,0.000000000000e+00,0.000000000000e+00,-3.789062500037e+02
