N,Vy,Vz,T,My,Mz
0.000000000000e+00,-6.382653797959e+02,0.000000000000e+00,0.000000000000e+00,0.000000000000e+00,-1.132812500000e+02
0.000000000000e+00,-4.999999999966e+02,0.000000000000e+00,0.000000000000e+00,0.000000000000e+00,-1.132812500000e+02
0.000000000000e+00,-3.617346202021e+02,0.000000000000e+00,0.000000000000e+00,0.000000000000e+00,-1.132812500000e+02
