N,Vy,Vz,T,My,Mz
0.000000000000e+00,-6.478009232342e+02,0.000000000000e+00,0.000000000000e+00,0.000000000000e+00,-1.210937500000e+02
0.000000000000e+00,-5.000000000015e+02,0.000000000000e+00,0.000000000000e+00,0.000000000000e+00,-1.210937500000e+02
0.000000000000e+00,-3.521990767736e+02,0.000000000000e+00,0.000000000000e+00,0.000000000000e+00,-1.210937500000e+02
