N,Vy,Vz,T,My,Mz
0.000000000000e+00,-1.610890810116e+03,0.000000000000e+00,0.000000000000e+00,0.000000000000e+00,-9.101562500164e+02
0.000000000000e+00,-5.000000000123e+02,0.000000000000e+00,0.000000000000e+00,0.000000000000e+00,-9.101562500164e+02
0.000000000000e+00,6.108908100913e+02,0.000000000000e+00,0.000000000000e+00,0.000000000000e+00,-9.101562500164e+02
