N,Vy,Vz,T,My,Mz
0.000000000000e+00,-1.477393202034e+03,0.000000000000e+00,0.000000000000e+00,0.000000000000e+00,-8.007812500138e+02
0.000000000000e+00,-5.000000000121e+02,0.000000000000e+00,0.000000000000e+00,0.000000000000e+00,-8.007812500138e+02
0.000000000000e+00,4.773932020093e+02,0.000000000000e+00,0.000000000000e+00,0.000000000000e+00,-8.007812500138e+02
