N,Vy,Vz,T,My,Mz
0.000000000000e+00,-6.764075535370e+02,0.000000000000e+00,0.000000000000e+00,0.000000000000e+00,-1.445312500002e+02
0.000000000000e+00,-5.000000000064e+02,0.000000000000e+00,0.000000000000e+00,0.000000000000e+00,-1.445312500002e+02
0.000000000000e+00,-3.235924464734e+02,0.000000000000e+00,0.000000000000e+00,0.000000000000e+00,-1.445312500002e+02
