N,Vy,Vz,T,My,Mz
0.000000000000e+00,-1.563213092944e+03,0.000000000000e+00,0.000000000000e+00,0.000000000000e+00,-8.710937500155e+02
0.000000000000e+00,-5.000000000121e+02,0.000000000000e+00,0.000000000000e+00,0.000000000000e+00,-8.710937500155e+02
0.000000000000e+00,5.632130929193e+02,0.000000000000e+00,0.000000000000e+00,0.000000000000e+00,-8.710937500155e+02
