N,Vy,Vz,T,My,Mz
0.000000000000e+00,-1.706246244460e+03,0.000000000000e+00,0.000000000000e+00,0.000000000000e+00,-9.882812500183e+02
0.000000000000e+00,-5.000000000123e+02,0.000000000000e+00,0.000000000000e+00,0.000000000000e+00,-9.882812500183e+02
0.000000000000e+00,7.062462444355e+02,0.000000000000e+00,0.000000000000e+00,0.000000000000e+00,-9.882812500183e+02
