N,Vy,Vz,T,My,Mz
0.000000000000e+00,-7.717629878834e+02,0.000000000000e+00,0.000000000000e+00,0.000000000000e+00,-2.226562500010e+02
0.000000000000e+00,-5.000000000064e+02,0.000000000000e+00,0.000000000000e+00,0.000000000000e+00,-2.226562500010e+02
0.000000000000e+00,-2.282370121318e+02,0.000000000000e+00,0.000000000000e+00,0.000000000000e+00,-2.226562500010e+02
