N,Vy,Vz,T,My,Mz
0.000000000000e+00,-5.810521191929e+02,0.000000000000e+00,0.000000000000e+00,0.000000000000e+00,-6.640625000014e+01
0.000000000000e+00,-5.000000000015e+02,0.000000000000e+00,0.000000000000e+00,0.000000000000e+00,-6.640625000014e+01
0.000000000000e+00,-4.189478808100e+02,0.000000000000e+00,0.000000000000e+00,0.000000000000e+00,-6.640625000014e+01
