N,Vy,Vz,T,My,Mz
0.000000000000e+00,-1.296217876779e+03,0.000000000000e+00,0.000000000000e+00,0.000000000000e+00,-6.523437500102e+02
0.000000000000e+00,-5.000000000119e+02,0.000000000000e+00,0.000000000000e+00,0.000000000000e+00,-6.523437500102e+02
0.000000000000e+00,2.962178767558e+02,0.000000000000e+00,0.000000000000e+00,0.000000000000e+00,-6.523437500102e+02
