N,Vy,Vz,T,My,Mz
0.000000000000e+00,-5.047677717182e+02,0.000000000000e+00,0.000000000000e+00,0.000000000000e+00,-3.906250000002e+00
0.000000000000e+00,-5.000000000015e+02,0.000000000000e+00,0.000000000000e+00,0.000000000000e+00,-3.906250000002e+00
0.000000000000e+00,-4.952322282823e+02,0.000000000000e+00,0.000000000000e+00,0.000000000000e+00,-3.906250000002e+00
