N,Vy,Vz,T,My,Mz
0.000000000000e+00,-1.010151573748e+03,0.000000000000e+00,0.000000000000e+00,0.000000000000e+00,-4.179687500047e+02
0.000000000000e+00,-5.000000000125e+02,0.000000000000e+00,0.000000000000e+00,0.000000000000e+00,-4.179687500047e+02
0.000000000000e+00,1.015157372092e+01,0.000000000000e+00,0.000000000000e+00,0.000000000000e+00,-4.179687500047e+02
