N,Vy,Vz,T,My,Mz
0.000000000000e+00,-8.957250525326e+02,0.000000000000e+00,0.000000000000e+00,0.000000000000e+00,-3.242187500026e+02
0.000000000000e+00,-5.000000000101e+02,0.000000000000e+00,0.000000000000e+00,0.000000000000e+00,-3.242187500026e+02
0.000000000000e+00,-1.042749474875e+02,0.000000000000e+00,0.000000000000e+00,0.000000000000e+00,-3.242187500026e+02
