N,Vy,Vz,T,My,Mz
0.000000000000e+00,-1.239004616171e+03,0.000000000000e+00,0.000000000000e+00,0.000000000000e+00,-6.054687500091e+02
0.000000000000e+00,-5.000000000107e+02,0.000000000000e+00,0.000000000000e+00,0.000000000000e+00,-6.054687500091e+02
0.000000000000e+00,2.390046161500e+02,0.000000000000e+00,0.000000000000e+00,0.000000000000e+00,-6.054687500091e+02
