N,Vy,Vz,T,My,Mz
0.000000000000e+00,-1.038758204050e+03,0.000000000000e+00,0.000000000000e+00,0.000000000000e+00,-4.414062500052e+02
0.000000000000e+00,-5.000000000125e+02,0.000000000000e+00,0.000000000000e+00,0.000000000000e+00,-4.414062500052e+02
0.000000000000e+00,3.875820402732e+01,0.000000000000e+00,0.000000000000e+00,0.000000000000e+00,-4.414062500052e+02
