N,Vy,Vz,T,My,Mz
0.000000000000e+00,-1.019687117182e+03,0.000000000000e+00,0.000000000000e+00,0.000000000000e+00,-4.257812500049e+02
0.000000000000e+00,-5.000000000125e+02,0.000000000000e+00,0.000000000000e+00,0.000000000000e+00,-4.257812500049e+02
0.000000000000e+00,1.968711715680e+01,0.000000000000e+00,0.000000000000e+00,0.000000000000e+00,-4.257812500049e+02
