N,Vy,Vz,T,My,Mz
0.000000000000e+00,-1.420179941427e+03,0.000000000000e+00,0.000000000000e+00,0.000000000000e+00,-7.539062500126e+02
0.000000000000e+00,-5.000000000122e+02,0.000000000000e+00,0.000000000000e+00,0.000000000000e+00,-7.539062500126e+02
0.000000000000e+00,4.201799414028e+02,0.000000000000e+00,0.000000000000e+00,0.000000000000e+00,-7.539062500126e+02
