N,Vy,Vz,T,My,Mz
0.000000000000e+00,-8.194407050518e+02,0.000000000000e+00,0.000000000000e+00,0.000000000000e+00,-2.617187500015e+02
0.000000000000e+00,-5.000000000052e+02,0.000000000000e+00,0.000000000000e+00,0.000000000000e+00,-2.617187500015e+02
0.000000000000e+00,-1.805592949573e+02,0.000000000000e+00,0.000000000000e+00,0.000000000000e+00,-2.617187500015e+02
