N,Vy,Vz,T,My,Mz
0.000000000000e+00,-1.668104070722e+03,0.000000000000e+00,0.000000000000e+00,0.000000000000e+00,-9.570312500175e+02
0.000000000000e+00,-5.000000000123e+02,0.000000000000e+00,0.000000000000e+00,0.000000000000e+00,-9.570312500175e+02
0.000000000000e+00,6.681040706978e+02,0.000000000000e+00,0.000000000000e+00,0.000000000000e+00,-9.570312500175e+02
