N,Vy,Vz,T,My,Mz
0.000000000000e+00,-8.766539656633e+02,0.000000000000e+00,0.000000000000e+00,0.000000000000e+00,-3.085937500023e+02
0.000000000000e+00,-5.000000000113e+02,0.000000000000e+00,0.000000000000e+00,0.000000000000e+00,-3.085937500023e+02
0.000000000000e+00,-1.233460343568e+02,0.000000000000e+00,0.000000000000e+00,0.000000000000e+00,-3.085937500023e+02
