N,Vy,Vz,T,My,Mz
0.000000000000e+00,-1.076900377787e+03,0.000000000000e+00,0.000000000000e+00,0.000000000000e+00,-4.726562500059e+02
0.000000000000e+00,-5.000000000113e+02,0.000000000000e+00,0.000000000000e+00,0.000000000000e+00,-4.726562500059e+02
0.000000000000e+00,7.690037776469e+01,0.000000000000e+00,0.000000000000e+00,0.000000000000e+00,-4.726562500059e+02
