N,Vy,Vz,T,My,Mz
0.000000000000e+00,-1.200862442435e+03,0.000000000000e+00,0.000000000000e+00,0.000000000000e+00,-5.742187500084e+02
0.000000000000e+00,-5.000000000113e+02,0.000000000000e+00,0.000000000000e+00,0.000000000000e+00,-5.742187500084e+02
0.000000000000e+00,2.008624424127e+02,0.000000000000e+00,0.000000000000e+00,0.000000000000e+00,-5.742187500084e+02
