N,Vy,Vz,T,My,Mz
0.000000000000e+00,-7.622274444451e+02,0.000000000000e+00,0.000000000000e+00,0.000000000000e+00,-2.148437500009e+02
0.000000000000e+00,-5.000000000039e+02,0.000000000000e+00,0.000000000000e+00,0.000000000000e+00,-2.148437500009e+02
0.000000000000e+00,-2.377725555628e+02,0.000000000000e+00,0.000000000000e+00,0.000000000000e+00,-2.148437500009e+02
