N,Vy,Vz,T,My,Mz
0.000000000000e+00,-1.525070919206e+03,0.000000000000e+00,0.000000000000e+00,0.000000000000e+00,-8.398437500147e+02
0.000000000000e+00,-5.000000000121e+02,0.000000000000e+00,0.000000000000e+00,0.000000000000e+00,-8.398437500147e+02
0.000000000000e+00,5.250709191816e+02,0.000000000000e+00,0.000000000000e+00,0.000000000000e+00,-8.398437500147e+02
