N,Vy,Vz,T,My,Mz
0.000000000000e+00,-6.573364666701e+02,0.000000000000e+00,0.000000000000e+00,0.000000000000e+00,-1.289062500001e+02
0.000000000000e+00,-5.000000000064e+02,0.000000000000e+00,0.000000000000e+00,0.000000000000e+00,-1.289062500001e+02
0.000000000000e+00,-3.426635333427e+02,0.000000000000e+00,0.000000000000e+00,0.000000000000e+00,-1.289062500001e+02
