N,Vy,Vz,T,My,Mz
0.000000000000e+00,-1.544142006075e+03,0.000000000000e+00,0.000000000000e+00,0.000000000000e+00,-8.554687500151e+02
0.000000000000e+00,-5.000000000121e+02,0.000000000000e+00,0.000000000000e+00,0.000000000000e+00,-8.554687500151e+02
0.000000000000e+00,5.441420060504e+02,0.000000000000e+00,0.000000000000e+00,0.000000000000e+00,-8.554687500151e+02
