N,Vy,Vz,T,My,Mz
0.000000000000e+00,-6.668720101035e+02,0.000000000000e+00,0.000000000000e+00,0.000000000000e+00,-1.367187500001e+02
0.000000000000e+00,-5.000000000064e+02,0.000000000000e+00,0.000000000000e+00,0.000000000000e+00,-1.367187500001e+02
0.000000000000e+00,-3.331279899043e+02,0.000000000000e+00,0.000000000000e+00,0.000000000000e+00,-1.367187500001e+02
