N,Vy,Vz,T,My,Mz
0.000000000000e+00,-9.434027697047e+02,0.000000000000e+00,0.000000000000e+00,0.000000000000e+00,-3.632812500033e+02
0.000000000000e+00,-5.000000000113e+02,0.000000000000e+00,0.000000000000e+00,0.000000000000e+00,-3.632812500033e+02
0.000000000000e+00,-5.659723031671e+01,0.000000000000e+00,0.000000000000e+00,0.000000000000e+00,-3.632812500033e+02
