N,Vy,Vz,T,My,Mz
0.000000000000e+00,-1.048293747485e+03,0.000000000000e+00,0.000000000000e+00,0.000000000000e+00,-4.492187500054e+02
0.000000000000e+00,-5.000000000125e+02,0.000000000000e+00,0.000000000000e+00,0.000000000000e+00,-4.492187500054e+02
0.000000000000e+00,4.829374746074e+01,0.000000000000e+00,0.000000000000e+00,0.000000000000e+00,-4.492187500054e+02
