N,Vy,Vz,T,My,Mz
0.000000000000e+00,-1.677639614157e+03,0.000000000000e+00,0.000000000000e+00,0.000000000000e+00,-9.648437500177e+02
0.000000000000e+00,-5.000000000123e+02,0.000000000000e+00,0.000000000000e+00,0.000000000000e+00,-9.648437500177e+02
0.000000000000e+00,6.776396141322e+02,0.000000000000e+00,0.000000000000e+00,0.000000000000e+00,-9.648437500177e+02
