N,Vy,Vz,T,My,Mz
0.000000000000e+00,-1.496464288903e+03,0.000000000000e+00,0.000000000000e+00,0.000000000000e+00,-8.164062500141e+02
0.000000000000e+00,-5.000000000121e+02,0.000000000000e+00,0.000000000000e+00,0.000000000000e+00,-8.164062500141e+02
0.000000000000e+00,4.964642888783e+02,0.000000000000e+00,0.000000000000e+00,0.000000000000e+00,-8.164062500141e+02
