N,Vy,Vz,T,My,Mz
0.000000000000e+00,-9.529383131393e+02,0.000000000000e+00,0.000000000000e+00,0.000000000000e+00,-3.710937500035e+02
0.000000000000e+00,-5.000000000113e+02,0.000000000000e+00,0.000000000000e+00,0.000000000000e+00,-3.710937500035e+02
0.000000000000e+00,-4.706168688206e+01,0.000000000000e+00,0.000000000000e+00,0.000000000000e+00,-3.710937500035e+02
