N,Vy,Vz,T,My,Mz
0.000000000000e+00,-1.429715484861e+03,0.000000000000e+00,0.000000000000e+00,0.000000000000e+00,-7.617187500128e+02
0.000000000000e+00,-5.000000000118e+02,0.000000000000e+00,0.000000000000e+00,0.000000000000e+00,-7.617187500128e+02
0.000000000000e+00,4.297154848378e+02,0.000000000000e+00,0.000000000000e+00,0.000000000000e+00,-7.617187500128e+02
