N,Vy,Vz,T,My,Mz
0.000000000000e+00,-1.267611246476e+03,0.000000000000e+00,0.000000000000e+00,0.000000000000e+00,-6.289062500096e+02
0.000000000000e+00,-5.000000000119e+02,0.000000000000e+00,0.000000000000e+00,0.000000000000e+00,-6.289062500096e+02
0.000000000000e+00,2.676112464521e+02,0.000000000000e+00,0.000000000000e+00,0.000000000000e+00,-6.289062500096e+02
