N,Vy,Vz,T,My,Mz
0.000000000000e+00,-1.591819723247e+03,0.000000000000e+00,0.000000000000e+00,0.000000000000e+00,-8.945312500160e+02
0.000000000000e+00,-5.000000000122e+02,0.000000000000e+00,0.000000000000e+00,0.000000000000e+00,-8.945312500160e+02
0.000000000000e+00,5.918197232225e+02,0.000000000000e+00,0.000000000000e+00,0.000000000000e+00,-8.945312500160e+02
