N,Vy,Vz,T,My,Mz
0.000000000000e+00,-1.153184725263e+03,0.000000000000e+00,0.000000000000e+00,0.000000000000e+00,-5.351562500074e+02
0.000000000000e+00,-5.000000000119e+02,0.000000000000e+00,0.000000000000e+00,0.000000000000e+00,-5.351562500074e+02
0.000000000000e+00,1.531847252394e+02,0.000000000000e+00,0.000000000000e+00,0.000000000000e+00,-5.351562500074e+02
