N,Vy,Vz,T,My,Mz
0.000000000000e+00,-1.181791355567e+03,0.000000000000e+00,0.000000000000e+00,0.000000000000e+00,-5.585937500080e+02
0.000000000000e+00,-5.000000000125e+02,0.000000000000e+00,0.000000000000e+00,0.000000000000e+00,-5.585937500080e+02
0.000000000000e+00,1.817913555421e+02,0.000000000000e+00,0.000000000000e+00,0.000000000000e+00,-5.585937500080e+02
