N,Vy,Vz,T,My,Mz
0.000000000000e+00,-1.458322115165e+03,0.000000000000e+00,0.000000000000e+00,0.000000000000e+00,-7.851562500134e+02
0.000000000000e+00,-5.000000000121e+02,0.000000000000e+00,0.000000000000e+00,0.000000000000e+00,-7.851562500134e+02
0.000000000000e+00,4.583221151407e+02,0.000000000000e+00,0.000000000000e+00,0.000000000000e+00,-7.851562500134e+02
