N,Vy,Vz,T,My,Mz
0.000000000000e+00,-1.572748636378e+03,0.000000000000e+00,0.000000000000e+00,0.000000000000e+00,-8.789062500156e+02
0.000000000000e+00,-5.000000000122e+02,0.000000000000e+00,0.000000000000e+00,0.000000000000e+00,-8.789062500156e+02
0.000000000000e+00,5.727486363536e+02,0.000000000000e+00,0.000000000000e+00,0.000000000000e+00,-8.789062500156e+02
