N,Vy,Vz,T,My,Mz
0.000000000000e+00,-1.620426353550e+03,0.000000000000e+00,0.000000000000e+00,0.000000000000e+00,-9.179687500166e+02
0.000000000000e+00,-5.000000000123e+02,0.000000000000e+00,0.000000000000e+00,0.000000000000e+00,-9.179687500166e+02
0.000000000000e+00,6.204263535257e+02,0.000000000000e+00,0.000000000000e+00,0.000000000000e+00,-9.179687500166e+02
