N,Vy,Vz,T,My,Mz
0.000000000000e+00,-1.401108854559e+03,0.000000000000e+00,0.000000000000e+00,0.000000000000e+00,-7.382812500123e+02
0.000000000000e+00,-5.000000000122e+02,0.000000000000e+00,0.000000000000e+00,0.000000000000e+00,-7.382812500123e+02
0.000000000000e+00,4.011088545338e+02,0.000000000000e+00,0.000000000000e+00,0.000000000000e+00,-7.382812500123e+02
