N,Vy,Vz,T,My,Mz
0.000000000000e+00,-5.905876626263e+02,0.000000000000e+00,0.000000000000e+00,0.000000000000e+00,-7.421875000012e+01
0.000000000000e+00,-5.000000000015e+02,0.000000000000e+00,0.000000000000e+00,0.000000000000e+00,-7.421875000012e+01
0.000000000000e+00,-4.094123373766e+02,0.000000000000e+00,0.000000000000e+00,0.000000000000e+00,-7.421875000012e+01
