N,Vy,Vz,T,My,Mz
0.000000000000e+00,-1.258075703042e+03,0.000000000000e+00,0.000000000000e+00,0.000000000000e+00,-6.210937500094e+02
0.000000000000e+00,-5.000000000125e+02,0.000000000000e+00,0.000000000000e+00,0.000000000000e+00,-6.210937500094e+02
0.000000000000e+00,2.580757030175e+02,0.000000000000e+00,0.000000000000e+00,0.000000000000e+00,-6.210937500094e+02
