N,Vy,Vz,T,My,Mz
0.000000000000e+00,-9.720094000111e+02,0.000000000000e+00,0.000000000000e+00,0.000000000000e+00,-3.867187500039e+02
0.000000000000e+00,-5.000000000137e+02,0.000000000000e+00,0.000000000000e+00,0.000000000000e+00,-3.867187500039e+02
0.000000000000e+00,-2.799060001645e+01,0.000000000000e+00,0.000000000000e+00,0.000000000000e+00,-3.867187500039e+02
