N,Vy,Vz,T,My,Mz
0.000000000000e+00,-1.095971464655e+03,0.000000000000e+00,0.000000000000e+00,0.000000000000e+00,-4.882812500063e+02
0.000000000000e+00,-5.000000000101e+02,0.000000000000e+00,0.000000000000e+00,0.000000000000e+00,-4.882812500063e+02
0.000000000000e+00,9.597146463398e+01,0.000000000000e+00,0.000000000000e+00,0.000000000000e+00,-4.882812500063e+02
