N,Vy,Vz,T,My,Mz
0.000000000000e+00,-1.582284179812e+03,0.000000000000e+00,0.000000000000e+00,0.000000000000e+00,-8.867187500158e+02
0.000000000000e+00,-5.000000000121e+02,0.000000000000e+00,0.000000000000e+00,0.000000000000e+00,-8.867187500158e+02
0.000000000000e+00,5.822841797881e+02,0.000000000000e+00,0.000000000000e+00,0.000000000000e+00,-8.867187500158e+02
