N,Vy,Vz,T,My,Mz
0.000000000000e+00,-1.467857658599e+03,0.000000000000e+00,0.000000000000e+00,0.000000000000e+00,-7.929687500136e+02
0.000000000000e+00,-5.000000000121e+02,0.000000000000e+00,0.000000000000e+00,0.000000000000e+00,-7.929687500136e+02
0.000000000000e+00,4.678576585750e+02,0.000000000000e+00,0.000000000000e+00,0.000000000000e+00,-7.929687500136e+02
