Local DOF,R_e Value
0,0.000000000000e+00
1,-4.085679775049e-05
2,0.000000000000e+00
3,0.000000000000e+00
4,0.000000000000e+00
5,-1.413060632453e-04
6,0.000000000000e+00
7,-4.307050573021e-05
8,0.000000000000e+00
9,0.000000000000e+00
10,0.000000000000e+00
11,-1.420021522270e-04
