Local DOF,R_e Value
0,0.000000000000e+00
1,-6.069025807380e-07
2,0.000000000000e+00
3,0.000000000000e+00
4,0.000000000000e+00
5,-2.547685672260e-05
6,0.000000000000e+00
7,-1.067336438287e-06
8,0.000000000000e+00
9,0.000000000000e+00
10,0.000000000000e+00
11,-3.341227111162e-05
