Local DOF,R_e Value
0,0.000000000000e+00
1,-1.832454243785e-05
2,0.000000000000e+00
3,0.000000000000e+00
4,0.000000000000e+00
5,-1.152723353360e-04
6,0.000000000000e+00
7,-2.015540147773e-05
8,0.000000000000e+00
9,0.000000000000e+00
10,0.000000000000e+00
11,-1.190312158362e-04
