Local DOF,R_e Value
0,0.000000000000e+00
1,-4.083722024756e-06
2,0.000000000000e+00
3,0.000000000000e+00
4,0.000000000000e+00
5,-6.236957274181e-05
6,0.000000000000e+00
7,-5.109728179770e-06
8,0.000000000000e+00
9,0.000000000000e+00
10,0.000000000000e+00
11,-6.891280916788e-05
