Local DOF,R_e Value
0,0.000000000000e+00
1,-6.888380546007e-08
2,0.000000000000e+00
3,0.000000000000e+00
4,0.000000000000e+00
5,-8.770721166791e-06
6,0.000000000000e+00
7,-2.726348510841e-07
8,0.000000000000e+00
9,0.000000000000e+00
10,0.000000000000e+00
11,-1.726300674099e-05
