Local DOF,R_e Value
0,0.000000000000e+00
1,-1.477564878238e-04
2,0.000000000000e+00
3,0.000000000000e+00
4,0.000000000000e+00
5,-1.425590234791e-04
6,0.000000000000e+00
7,-1.499839725656e-04
8,0.000000000000e+00
9,0.000000000000e+00
10,0.000000000000e+00
11,-1.425590234818e-04
