Local DOF,R_e Value
0,0.000000000000e+00
1,-1.484989827188e-05
2,0.000000000000e+00
3,0.000000000000e+00
4,0.000000000000e+00
5,-1.069192675579e-04
6,0.000000000000e+00
7,-1.655459118386e-05
8,0.000000000000e+00
9,0.000000000000e+00
10,0.000000000000e+00
11,-1.112350192432e-04
