Local DOF,R_e Value
0,0.000000000000e+00
1,0.000000000000e+00
2,0.000000000000e+00
3,0.000000000000e+00
4,0.000000000000e+00
5,0.000000000000e+00
6,0.000000000000e+00
7,-6.888380546007e-08
8,0.000000000000e+00
9,0.000000000000e+00
10,0.000000000000e+00
11,-8.770721166791e-06
