Local DOF,R_e Value
0,0.000000000000e+00
1,-1.649585867598e-06
2,0.000000000000e+00
3,0.000000000000e+00
4,0.000000000000e+00
5,-4.106924990805e-05
6,0.000000000000e+00
7,-2.349300312536e-06
8,0.000000000000e+00
9,0.000000000000e+00
10,0.000000000000e+00
11,-4.844779311189e-05
