Local DOF,R_e Value
0,0.000000000000e+00
1,-2.726348510841e-07
2,0.000000000000e+00
3,0.000000000000e+00
4,0.000000000000e+00
5,-1.726300674099e-05
6,0.000000000000e+00
7,-6.069025807380e-07
8,0.000000000000e+00
9,0.000000000000e+00
10,0.000000000000e+00
11,-2.547685672260e-05
