Local DOF,R_e Value
0,0.000000000000e+00
1,-2.398244069059e-05
2,0.000000000000e+00
3,0.000000000000e+00
4,0.000000000000e+00
5,-1.257136700587e-04
6,0.000000000000e+00
7,-2.596991975131e-05
8,0.000000000000e+00
9,0.000000000000e+00
10,0.000000000000e+00
11,-1.286372437811e-04
