Local DOF,R_e Value
0,0.000000000000e+00
1,-5.109728179770e-06
2,0.000000000000e+00
3,0.000000000000e+00
4,0.000000000000e+00
5,-6.891280916788e-05
6,0.000000000000e+00
7,-6.235797125874e-06
8,0.000000000000e+00
9,0.000000000000e+00
10,0.000000000000e+00
11,-7.517761000136e-05
