Local DOF,R_e Value
0,0.000000000000e+00
1,-2.276961698927e-04
2,0.000000000000e+00
3,0.000000000000e+00
4,0.000000000000e+00
5,-8.909938964211e-04
6,0.000000000000e+00
7,-7.925563930575e-04
8,0.000000000000e+00
9,0.000000000000e+00
10,0.000000000000e+00
11,-1.354310722560e-03
