Local DOF,R_e Value
0,0.000000000000e+00
1,-7.925563930575e-04
2,0.000000000000e+00
3,0.000000000000e+00
4,0.000000000000e+00
5,-1.354310722560e-03
6,0.000000000000e+00
7,-1.516381890210e-03
8,0.000000000000e+00
9,0.000000000000e+00
10,0.000000000000e+00
11,-1.532509501844e-03
