Local DOF,U_e Value
0,0.000000000000e+00
1,1.015625000008e+03
2,0.000000000000e+00
3,0.000000000000e+00
4,0.000000000000e+00
5,1.000000000016e+03
6,0.000000000000e+00
7,1.562500000000e+01
8,0.000000000000e+00
9,0.000000000000e+00
10,0.000000000000e+00
11,0.000000000000e+00
