sigma1,sigma2,sigma3
3.067858467265e-10,-6.844757573232e-12,-3.067858467265e-10
3.067858467265e-10,-6.844757573232e-12,-3.067858467265e-10
3.067858467265e-10,-6.844757573232e-12,-3.067858467265e-10
