sigma1,sigma2,sigma3
2.377590312130e-09,-9.468581309638e-10,-2.377590312130e-09
1.150446925224e-09,-9.468581309638e-10,-1.150446925224e-09
0.000000000000e+00,0.000000000000e+00,-9.468581309638e-10
