sigma1,sigma2,sigma3
0.000000000000e+00,0.000000000000e+00,0.000000000000e+00
3.067858467265e-10,0.000000000000e+00,-3.067858467265e-10
0.000000000000e+00,0.000000000000e+00,0.000000000000e+00
