ε_xx,ε_yy,ε_zz,γ_xy,γ_yz,γ_xz
0.000000000000e+00,0.000000000000e+00,-1.809831352103e-03,-5.388113678411e-05,0.000000000000e+00,0.000000000000e+00
0.000000000000e+00,0.000000000000e+00,-1.809831352103e-03,-1.007209499575e-05,0.000000000000e+00,0.000000000000e+00
0.000000000000e+00,0.000000000000e+00,-1.809831352103e-03,3.373694679261e-05,0.000000000000e+00,0.000000000000e+00
