ε_xx,ε_yy,ε_zz,γ_xy,γ_yz,γ_xz
0.000000000000e+00,0.000000000000e+00,-6.827240731313e-04,-2.271073826731e-05,0.000000000000e+00,0.000000000000e+00
0.000000000000e+00,0.000000000000e+00,-6.827240731313e-04,-6.184619734236e-06,0.000000000000e+00,0.000000000000e+00
0.000000000000e+00,0.000000000000e+00,-6.827240731313e-04,1.034149879884e-05,0.000000000000e+00,0.000000000000e+00
