ε_xx,ε_yy,ε_zz,γ_xy,γ_yz,γ_xz
0.000000000000e+00,0.000000000000e+00,-1.230685319430e-03,-3.809520920205e-05,0.000000000000e+00,0.000000000000e+00
0.000000000000e+00,0.000000000000e+00,-1.230685319430e-03,-8.305060785969e-06,0.000000000000e+00,0.000000000000e+00
0.000000000000e+00,0.000000000000e+00,-1.230685319430e-03,2.148508763011e-05,0.000000000000e+00,0.000000000000e+00
