ε_xx,ε_yy,ε_zz,γ_xy,γ_yz,γ_xz
0.000000000000e+00,0.000000000000e+00,-6.793828460172e-05,-3.588261660952e-06,0.000000000000e+00,0.000000000000e+00
0.000000000000e+00,0.000000000000e+00,-6.793828460172e-05,-1.943737630752e-06,0.000000000000e+00,0.000000000000e+00
0.000000000000e+00,0.000000000000e+00,-6.793828460172e-05,-2.992136005492e-07,0.000000000000e+00,0.000000000000e+00
