ε_xx,ε_yy,ε_zz,γ_xy,γ_yz,γ_xz
0.000000000000e+00,0.000000000000e+00,-2.461370638854e-04,-9.668801523741e-06,0.000000000000e+00,0.000000000000e+00
0.000000000000e+00,0.000000000000e+00,-2.461370638854e-04,-3.710771840536e-06,0.000000000000e+00,0.000000000000e+00
0.000000000000e+00,0.000000000000e+00,-2.461370638854e-04,2.247257842668e-06,0.000000000000e+00,0.000000000000e+00
