ε_xx,ε_yy,ε_zz,γ_xy,γ_yz,γ_xz
0.000000000000e+00,0.000000000000e+00,-3.486013619737e-04,-1.285588095814e-05,0.000000000000e+00,0.000000000000e+00
0.000000000000e+00,0.000000000000e+00,-3.486013619737e-04,-4.417585524455e-06,0.000000000000e+00,0.000000000000e+00
0.000000000000e+00,0.000000000000e+00,-3.486013619737e-04,4.020709909229e-06,0.000000000000e+00,0.000000000000e+00
