ε_xx,ε_yy,ε_zz,γ_xy,γ_yz,γ_xz
0.000000000000e+00,0.000000000000e+00,-1.447865081675e-05,-1.233989439187e-06,0.000000000000e+00,0.000000000000e+00
0.000000000000e+00,0.000000000000e+00,-1.447865081675e-05,-8.835171048799e-07,0.000000000000e+00,0.000000000000e+00
0.000000000000e+00,0.000000000000e+00,-1.447865081675e-05,-5.330447705731e-07,0.000000000000e+00,0.000000000000e+00
