ε_xx,ε_yy,ε_zz,γ_xy,γ_yz,γ_xz
0.000000000000e+00,0.000000000000e+00,-6.069895919355e-04,-2.052409152282e-05,0.000000000000e+00,0.000000000000e+00
0.000000000000e+00,0.000000000000e+00,-6.069895919355e-04,-5.831212892275e-06,0.000000000000e+00,0.000000000000e+00
0.000000000000e+00,0.000000000000e+00,-6.069895919355e-04,8.861665738272e-06,0.000000000000e+00,0.000000000000e+00
