ε_xx,ε_yy,ε_zz,γ_xy,γ_yz,γ_xz
0.000000000000e+00,0.000000000000e+00,-5.357100802219e-04,-1.844528241967e-05,0.000000000000e+00,0.000000000000e+00
0.000000000000e+00,0.000000000000e+00,-5.357100802219e-04,-5.477806050322e-06,0.000000000000e+00,0.000000000000e+00
0.000000000000e+00,0.000000000000e+00,-5.357100802219e-04,7.489670319020e-06,0.000000000000e+00,0.000000000000e+00
