ε_xx,ε_yy,ε_zz,γ_xy,γ_yz,γ_xz
0.000000000000e+00,0.000000000000e+00,-1.113742370520e-06,-2.036628313148e-07,0.000000000000e+00,0.000000000000e+00
0.000000000000e+00,0.000000000000e+00,-1.113742370520e-06,-1.767034209788e-07,0.000000000000e+00,0.000000000000e+00
0.000000000000e+00,0.000000000000e+00,-1.113742370520e-06,-1.497440106496e-07,0.000000000000e+00,0.000000000000e+00
