ε_xx,ε_yy,ε_zz,γ_xy,γ_yz,γ_xz
0.000000000000e+00,0.000000000000e+00,-9.366573336110e-04,-2.991770434872e-05,0.000000000000e+00,0.000000000000e+00
0.000000000000e+00,0.000000000000e+00,-9.366573336110e-04,-7.244840260100e-06,0.000000000000e+00,0.000000000000e+00
0.000000000000e+00,0.000000000000e+00,-9.366573336110e-04,1.542802382851e-05,0.000000000000e+00,0.000000000000e+00
