ε_xx,ε_yy,ε_zz,γ_xy,γ_yz,γ_xz
0.000000000000e+00,0.000000000000e+00,-4.065159652410e-04,-1.461117713732e-05,0.000000000000e+00,0.000000000000e+00
0.000000000000e+00,0.000000000000e+00,-4.065159652410e-04,-4.770992366405e-06,0.000000000000e+00,0.000000000000e+00
0.000000000000e+00,0.000000000000e+00,-4.065159652410e-04,5.069192404505e-06,0.000000000000e+00,0.000000000000e+00
