ε_xx,ε_yy,ε_zz,γ_xy,γ_yz,γ_xz
0.000000000000e+00,0.000000000000e+00,-9.466810149423e-05,-4.588694350865e-06,0.000000000000e+00,0.000000000000e+00
0.000000000000e+00,0.000000000000e+00,-9.466810149423e-05,-2.297144472713e-06,0.000000000000e+00,0.000000000000e+00
0.000000000000e+00,0.000000000000e+00,-9.466810149423e-05,-5.594594561925e-09,0.000000000000e+00,0.000000000000e+00
