ε_xx,ε_yy,ε_zz,γ_xy,γ_yz,γ_xz
0.000000000000e+00,0.000000000000e+00,-1.564808030587e-03,-4.724325282731e-05,0.000000000000e+00,0.000000000000e+00
0.000000000000e+00,0.000000000000e+00,-1.564808030587e-03,-9.365281311838e-06,0.000000000000e+00,0.000000000000e+00
0.000000000000e+00,0.000000000000e+00,-1.564808030587e-03,2.851269020364e-05,0.000000000000e+00,0.000000000000e+00
