ε_xx,ε_yy,ε_zz,γ_xy,γ_yz,γ_xz
0.000000000000e+00,0.000000000000e+00,-7.629135238091e-04,-2.500522265312e-05,0.000000000000e+00,0.000000000000e+00
0.000000000000e+00,0.000000000000e+00,-7.629135238091e-04,-6.538026576191e-06,0.000000000000e+00,0.000000000000e+00
0.000000000000e+00,0.000000000000e+00,-7.629135238091e-04,1.192916950074e-05,0.000000000000e+00,0.000000000000e+00
