N,Vy,Vz,T,My,Mz
0.000000000000e+00,-2.147500927085e-09,0.000000000000e+00,0.000000000000e+00,0.000000000000e+00,-8.616789256080e-10
0.000000000000e+00,-1.150446925224e-09,0.000000000000e+00,0.000000000000e+00,0.000000000000e+00,-8.616789256080e-10
0.000000000000e+00,-7.669646168162e-11,0.000000000000e+00,0.000000000000e+00,0.000000000000e+00,-8.616789256080e-10
