N,Vy,Vz,T,My,Mz
0.000000000000e+00,-7.669646168162e-10,0.000000000000e+00,0.000000000000e+00,0.000000000000e+00,-4.791330301263e-11
0.000000000000e+00,-7.669646168162e-10,0.000000000000e+00,0.000000000000e+00,0.000000000000e+00,-4.791330301263e-11
0.000000000000e+00,-6.135716934530e-10,0.000000000000e+00,0.000000000000e+00,0.000000000000e+00,-4.791330301263e-11
