N,Vy,Vz,T,My,Mz
0.000000000000e+00,-1.073750463543e-09,0.000000000000e+00,0.000000000000e+00,0.000000000000e+00,-1.916532120505e-10
0.000000000000e+00,-9.203575401795e-10,0.000000000000e+00,0.000000000000e+00,0.000000000000e+00,-1.916532120505e-10
0.000000000000e+00,-6.135716934530e-10,0.000000000000e+00,0.000000000000e+00,0.000000000000e+00,-1.916532120505e-10
