N,Vy,Vz,T,My,Mz
0.000000000000e+00,-1.917411542041e-09,0.000000000000e+00,0.000000000000e+00,0.000000000000e+00,-6.806731142270e-10
0.000000000000e+00,-1.150446925224e-09,0.000000000000e+00,0.000000000000e+00,0.000000000000e+00,-6.806731142270e-10
0.000000000000e+00,-3.834823084081e-10,0.000000000000e+00,0.000000000000e+00,0.000000000000e+00,-6.806731142270e-10
