N,Vy,Vz,T,My,Mz
0.000000000000e+00,-7.812985313121e+02,0.000000000000e+00,0.000000000000e+00,0.000000000000e+00,-2.304687500018e+02
0.000000000000e+00,-5.000000000012e+02,0.000000000000e+00,0.000000000000e+00,0.000000000000e+00,-2.304687500018e+02
0.000000000000e+00,-2.187014686904e+02,0.000000000000e+00,0.000000000000e+00,0.000000000000e+00,-2.304687500018e+02
