N,Vy,Vz,T,My,Mz
0.000000000000e+00,-6.859430969699e+02,0.000000000000e+00,0.000000000000e+00,0.000000000000e+00,-1.523437500016e+02
0.000000000000e+00,-5.000000000012e+02,0.000000000000e+00,0.000000000000e+00,0.000000000000e+00,-1.523437500016e+02
0.000000000000e+00,-3.140569030325e+02,0.000000000000e+00,0.000000000000e+00,0.000000000000e+00,-1.523437500016e+02
