N,Vy,Vz,T,My,Mz
0.000000000000e+00,-6.668720101014e+02,0.000000000000e+00,0.000000000000e+00,0.000000000000e+00,-1.367187500015e+02
0.000000000000e+00,-5.000000000012e+02,0.000000000000e+00,0.000000000000e+00,0.000000000000e+00,-1.367187500015e+02
0.000000000000e+00,-3.331279899009e+02,0.000000000000e+00,0.000000000000e+00,0.000000000000e+00,-1.367187500015e+02
