N,Vy,Vz,T,My,Mz
0.000000000000e+00,-6.287298363646e+02,0.000000000000e+00,0.000000000000e+00,0.000000000000e+00,-1.054687500015e+02
0.000000000000e+00,-5.000000000012e+02,0.000000000000e+00,0.000000000000e+00,0.000000000000e+00,-1.054687500015e+02
0.000000000000e+00,-3.712701636378e+02,0.000000000000e+00,0.000000000000e+00,0.000000000000e+00,-1.054687500015e+02
