N,Vy,Vz,T,My,Mz
0.000000000000e+00,-2.607679697175e-09,0.000000000000e+00,0.000000000000e+00,0.000000000000e+00,-1.077669053474e-09
0.000000000000e+00,-1.303839848588e-09,0.000000000000e+00,0.000000000000e+00,0.000000000000e+00,-1.077669053474e-09
0.000000000000e+00,0.000000000000e+00,0.000000000000e+00,0.000000000000e+00,0.000000000000e+00,-1.077669053474e-09
