N,Vy,Vz,T,My,Mz
0.000000000000e+00,-7.336208141410e+02,0.000000000000e+00,0.000000000000e+00,0.000000000000e+00,-1.914062500017e+02
0.000000000000e+00,-5.000000000012e+02,0.000000000000e+00,0.000000000000e+00,0.000000000000e+00,-1.914062500017e+02
0.000000000000e+00,-2.663791858615e+02,0.000000000000e+00,0.000000000000e+00,0.000000000000e+00,-1.914062500017e+02
