N,Vy,Vz,T,My,Mz
0.000000000000e+00,-1.687322156996e-09,0.000000000000e+00,0.000000000000e+00,0.000000000000e+00,-3.901511816742e-10
0.000000000000e+00,-1.380536310269e-09,0.000000000000e+00,0.000000000000e+00,0.000000000000e+00,-3.901511816742e-10
0.000000000000e+00,-7.669646168162e-10,0.000000000000e+00,0.000000000000e+00,0.000000000000e+00,-3.901511816742e-10
