N,Vy,Vz,T,My,Mz
0.000000000000e+00,-1.840715080359e-09,0.000000000000e+00,0.000000000000e+00,0.000000000000e+00,-6.647020132228e-10
0.000000000000e+00,-9.970540018611e-10,0.000000000000e+00,0.000000000000e+00,0.000000000000e+00,-6.647020132228e-10
0.000000000000e+00,-1.533929233632e-10,0.000000000000e+00,0.000000000000e+00,0.000000000000e+00,-6.647020132228e-10
