N,Vy,Vz,T,My,Mz
0.000000000000e+00,-8.003696181805e+02,0.000000000000e+00,0.000000000000e+00,0.000000000000e+00,-2.460937500018e+02
0.000000000000e+00,-5.000000000012e+02,0.000000000000e+00,0.000000000000e+00,0.000000000000e+00,-2.460937500018e+02
0.000000000000e+00,-1.996303818219e+02,0.000000000000e+00,0.000000000000e+00,0.000000000000e+00,-2.460937500018e+02
