N,Vy,Vz,T,My,Mz
0.000000000000e+00,-2.607679697175e-09,0.000000000000e+00,0.000000000000e+00,0.000000000000e+00,-1.153721915399e-09
0.000000000000e+00,-1.188795156065e-09,0.000000000000e+00,0.000000000000e+00,0.000000000000e+00,-1.153721915399e-09
0.000000000000e+00,1.917411542041e-10,0.000000000000e+00,0.000000000000e+00,0.000000000000e+00,-1.153721915399e-09
