N,Vy,Vz,T,My,Mz
0.000000000000e+00,-6.954786404041e+02,0.000000000000e+00,0.000000000000e+00,0.000000000000e+00,-1.601562500016e+02
0.000000000000e+00,-5.000000000012e+02,0.000000000000e+00,0.000000000000e+00,0.000000000000e+00,-1.601562500016e+02
0.000000000000e+00,-3.045213595983e+02,0.000000000000e+00,0.000000000000e+00,0.000000000000e+00,-1.601562500016e+02
