N,Vy,Vz,T,My,Mz
0.000000000000e+00,-1.227143386906e-09,0.000000000000e+00,0.000000000000e+00,0.000000000000e+00,-2.334822861091e-10
0.000000000000e+00,-1.073750463543e-09,0.000000000000e+00,0.000000000000e+00,0.000000000000e+00,-2.334822861091e-10
0.000000000000e+00,-7.669646168162e-10,0.000000000000e+00,0.000000000000e+00,0.000000000000e+00,-2.334822861091e-10
