N,Vy,Vz,T,My,Mz
0.000000000000e+00,-2.530983235494e-09,0.000000000000e+00,0.000000000000e+00,0.000000000000e+00,-1.059416366612e-09
0.000000000000e+00,-1.227143386906e-09,0.000000000000e+00,0.000000000000e+00,0.000000000000e+00,-1.059416366612e-09
0.000000000000e+00,7.669646168162e-11,0.000000000000e+00,0.000000000000e+00,0.000000000000e+00,-1.059416366612e-09
