N,Vy,Vz,T,My,Mz
0.000000000000e+00,-1.687322156996e-09,0.000000000000e+00,0.000000000000e+00,0.000000000000e+00,-5.019488887037e-10
0.000000000000e+00,-1.227143386906e-09,0.000000000000e+00,0.000000000000e+00,0.000000000000e+00,-5.019488887037e-10
0.000000000000e+00,-4.601787700897e-10,0.000000000000e+00,0.000000000000e+00,0.000000000000e+00,-5.019488887037e-10
