N,Vy,Vz,T,My,Mz
0.000000000000e+00,-2.224197388767e-09,0.000000000000e+00,0.000000000000e+00,0.000000000000e+00,-7.719365485367e-10
0.000000000000e+00,-1.303839848588e-09,0.000000000000e+00,0.000000000000e+00,0.000000000000e+00,-7.719365485367e-10
0.000000000000e+00,-3.067858467265e-10,0.000000000000e+00,0.000000000000e+00,0.000000000000e+00,-7.719365485367e-10
