N,Vy,Vz,T,My,Mz
0.000000000000e+00,-6.573364666673e+02,0.000000000000e+00,0.000000000000e+00,0.000000000000e+00,-1.289062500015e+02
0.000000000000e+00,-5.000000000012e+02,0.000000000000e+00,0.000000000000e+00,0.000000000000e+00,-1.289062500015e+02
0.000000000000e+00,-3.426635333352e+02,0.000000000000e+00,0.000000000000e+00,0.000000000000e+00,-1.289062500015e+02
