N,Vy,Vz,T,My,Mz
0.000000000000e+00,-7.526919010094e+02,0.000000000000e+00,0.000000000000e+00,0.000000000000e+00,-2.070312500017e+02
0.000000000000e+00,-5.000000000012e+02,0.000000000000e+00,0.000000000000e+00,0.000000000000e+00,-2.070312500017e+02
0.000000000000e+00,-2.473080989930e+02,0.000000000000e+00,0.000000000000e+00,0.000000000000e+00,-2.070312500017e+02
