N,Vy,Vz,T,My,Mz
0.000000000000e+00,-1.227143386906e-09,0.000000000000e+00,0.000000000000e+00,0.000000000000e+00,-2.867192894565e-10
0.000000000000e+00,-9.203575401795e-10,0.000000000000e+00,0.000000000000e+00,0.000000000000e+00,-2.867192894565e-10
0.000000000000e+00,-4.601787700897e-10,0.000000000000e+00,0.000000000000e+00,0.000000000000e+00,-2.867192894565e-10
