N,Vy,Vz,T,My,Mz
0.000000000000e+00,-2.377590312130e-09,0.000000000000e+00,0.000000000000e+00,0.000000000000e+00,-1.003137248788e-09
0.000000000000e+00,-1.150446925224e-09,0.000000000000e+00,0.000000000000e+00,0.000000000000e+00,-1.003137248788e-09
0.000000000000e+00,0.000000000000e+00,0.000000000000e+00,0.000000000000e+00,0.000000000000e+00,-1.003137248788e-09
