N,Vy,Vz,T,My,Mz
0.000000000000e+00,-7.908340747463e+02,0.000000000000e+00,0.000000000000e+00,0.000000000000e+00,-2.382812500018e+02
0.000000000000e+00,-5.000000000012e+02,0.000000000000e+00,0.000000000000e+00,0.000000000000e+00,-2.382812500018e+02
0.000000000000e+00,-2.091659252562e+02,0.000000000000e+00,0.000000000000e+00,0.000000000000e+00,-2.382812500018e+02
