N,Vy,Vz,T,My,Mz
0.000000000000e+00,0.000000000000e+00,0.000000000000e+00,0.000000000000e+00,0.000000000000e+00,-7.605286192480e-13
0.000000000000e+00,3.067858467265e-10,0.000000000000e+00,0.000000000000e+00,0.000000000000e+00,-7.605286192480e-13
0.000000000000e+00,0.000000000000e+00,0.000000000000e+00,0.000000000000e+00,0.000000000000e+00,-7.605286192480e-13
