N,Vy,Vz,T,My,Mz
0.000000000000e+00,-6.135716934530e-10,0.000000000000e+00,0.000000000000e+00,0.000000000000e+00,-5.551858920511e-11
0.000000000000e+00,-6.135716934530e-10,0.000000000000e+00,0.000000000000e+00,0.000000000000e+00,-5.551858920511e-11
0.000000000000e+00,-4.601787700897e-10,0.000000000000e+00,0.000000000000e+00,0.000000000000e+00,-5.551858920511e-11
