N,Vy,Vz,T,My,Mz
0.000000000000e+00,-5.429099454566e+02,0.000000000000e+00,0.000000000000e+00,0.000000000000e+00,-3.515625000130e+01
0.000000000000e+00,-5.000000000012e+02,0.000000000000e+00,0.000000000000e+00,0.000000000000e+00,-3.515625000130e+01
0.000000000000e+00,-4.570900545458e+02,0.000000000000e+00,0.000000000000e+00,0.000000000000e+00,-3.515625000130e+01
