N,Vy,Vz,T,My,Mz
0.000000000000e+00,-1.994108003722e-09,0.000000000000e+00,0.000000000000e+00,0.000000000000e+00,-6.281966394989e-10
0.000000000000e+00,-1.380536310269e-09,0.000000000000e+00,0.000000000000e+00,0.000000000000e+00,-6.281966394989e-10
0.000000000000e+00,-4.601787700897e-10,0.000000000000e+00,0.000000000000e+00,0.000000000000e+00,-6.281966394989e-10
