N,Vy,Vz,T,My,Mz
0.000000000000e+00,-6.096587494961e+02,0.000000000000e+00,0.000000000000e+00,0.000000000000e+00,-8.984375000143e+01
0.000000000000e+00,-5.000000000012e+02,0.000000000000e+00,0.000000000000e+00,0.000000000000e+00,-8.984375000143e+01
0.000000000000e+00,-3.903412505062e+02,0.000000000000e+00,0.000000000000e+00,0.000000000000e+00,-8.984375000143e+01
