N,Vy,Vz,T,My,Mz
0.000000000000e+00,-2.722724389698e-09,0.000000000000e+00,0.000000000000e+00,0.000000000000e+00,-1.193269403600e-09
0.000000000000e+00,-1.265491617747e-09,0.000000000000e+00,0.000000000000e+00,0.000000000000e+00,-1.193269403600e-09
0.000000000000e+00,1.917411542041e-10,0.000000000000e+00,0.000000000000e+00,0.000000000000e+00,-1.193269403600e-09
