N,Vy,Vz,T,My,Mz
0.000000000000e+00,-2.530983235494e-09,0.000000000000e+00,0.000000000000e+00,0.000000000000e+00,-1.117216541675e-09
0.000000000000e+00,-1.227143386906e-09,0.000000000000e+00,0.000000000000e+00,0.000000000000e+00,-1.117216541675e-09
0.000000000000e+00,2.300893850449e-10,0.000000000000e+00,0.000000000000e+00,0.000000000000e+00,-1.117216541675e-09
