N,Vy,Vz,T,My,Mz
0.000000000000e+00,-1.994108003722e-09,0.000000000000e+00,0.000000000000e+00,0.000000000000e+00,-6.996863297082e-10
0.000000000000e+00,-1.073750463543e-09,0.000000000000e+00,0.000000000000e+00,0.000000000000e+00,-6.996863297082e-10
0.000000000000e+00,-2.300893850449e-10,0.000000000000e+00,0.000000000000e+00,0.000000000000e+00,-6.996863297082e-10
