N,Vy,Vz,T,My,Mz
0.000000000000e+00,-6.382653797988e+02,0.000000000000e+00,0.000000000000e+00,0.000000000000e+00,-1.132812500015e+02
0.000000000000e+00,-5.000000000012e+02,0.000000000000e+00,0.000000000000e+00,0.000000000000e+00,-1.132812500015e+02
0.000000000000e+00,-3.617346202036e+02,0.000000000000e+00,0.000000000000e+00,0.000000000000e+00,-1.132812500015e+02
