N,Vy,Vz,T,My,Mz
0.000000000000e+00,-6.764075535357e+02,0.000000000000e+00,0.000000000000e+00,0.000000000000e+00,-1.445312500016e+02
0.000000000000e+00,-5.000000000012e+02,0.000000000000e+00,0.000000000000e+00,0.000000000000e+00,-1.445312500016e+02
0.000000000000e+00,-3.235924464667e+02,0.000000000000e+00,0.000000000000e+00,0.000000000000e+00,-1.445312500016e+02
