N,Vy,Vz,T,My,Mz
0.000000000000e+00,-2.377590312130e-09,0.000000000000e+00,0.000000000000e+00,0.000000000000e+00,-1.039642622512e-09
0.000000000000e+00,-1.150446925224e-09,0.000000000000e+00,0.000000000000e+00,0.000000000000e+00,-1.039642622512e-09
0.000000000000e+00,1.533929233632e-10,0.000000000000e+00,0.000000000000e+00,0.000000000000e+00,-1.039642622512e-09
