ε_xx,ε_yy,ε_zz,γ_xy,γ_yz,γ_xz
0.000000000000e+00,0.000000000000e+00,-7.038851781778e-04,-9.914096303798e-06,0.000000000000e+00,0.000000000000e+00
0.000000000000e+00,0.000000000000e+00,-7.038851781778e-04,-5.654509471431e-06,0.000000000000e+00,0.000000000000e+00
0.000000000000e+00,0.000000000000e+00,-7.038851781778e-04,-1.394922639036e-06,0.000000000000e+00,0.000000000000e+00
