ε_xx,ε_yy,ε_zz,γ_xy,γ_yz,γ_xz
0.000000000000e+00,0.000000000000e+00,-1.416680295331e-03,-1.422760195693e-05,0.000000000000e+00,0.000000000000e+00
0.000000000000e+00,0.000000000000e+00,-1.416680295331e-03,-5.654509471445e-06,0.000000000000e+00,0.000000000000e+00
0.000000000000e+00,0.000000000000e+00,-1.416680295331e-03,2.918583014051e-06,0.000000000000e+00,0.000000000000e+00
