ε_xx,ε_yy,ε_zz,γ_xy,γ_yz,γ_xz
0.000000000000e+00,0.000000000000e+00,-5.256863988909e-04,-8.835719890521e-06,0.000000000000e+00,0.000000000000e+00
0.000000000000e+00,0.000000000000e+00,-5.256863988909e-04,-5.654509471376e-06,0.000000000000e+00,0.000000000000e+00
0.000000000000e+00,0.000000000000e+00,-5.256863988909e-04,-2.473299052286e-06,0.000000000000e+00,0.000000000000e+00
