ε_xx,ε_yy,ε_zz,γ_xy,γ_yz,γ_xz
0.000000000000e+00,0.000000000000e+00,-9.177237133233e-04,-1.120814799978e-05,0.000000000000e+00,0.000000000000e+00
0.000000000000e+00,0.000000000000e+00,-9.177237133233e-04,-5.654509471459e-06,0.000000000000e+00,0.000000000000e+00
0.000000000000e+00,0.000000000000e+00,-9.177237133233e-04,-1.008709431677e-07,0.000000000000e+00,0.000000000000e+00
