ε_xx,ε_yy,ε_zz,γ_xy,γ_yz,γ_xz
0.000000000000e+00,0.000000000000e+00,-1.594879074619e-03,-1.530597837021e-05,0.000000000000e+00,0.000000000000e+00
0.000000000000e+00,0.000000000000e+00,-1.594879074619e-03,-5.654509471441e-06,0.000000000000e+00,0.000000000000e+00
0.000000000000e+00,0.000000000000e+00,-1.594879074619e-03,3.996959427332e-06,0.000000000000e+00,0.000000000000e+00
