ε_xx,ε_yy,ε_zz,γ_xy,γ_yz,γ_xz
0.000000000000e+00,0.000000000000e+00,-6.682454223203e-04,-9.698421021151e-06,0.000000000000e+00,0.000000000000e+00
0.000000000000e+00,0.000000000000e+00,-6.682454223203e-04,-5.654509471417e-06,0.000000000000e+00,0.000000000000e+00
0.000000000000e+00,0.000000000000e+00,-6.682454223203e-04,-1.610597921697e-06,0.000000000000e+00,0.000000000000e+00
