ε_xx,ε_yy,ε_zz,γ_xy,γ_yz,γ_xz
0.000000000000e+00,0.000000000000e+00,-2.040376022840e-03,-1.800191940341e-05,0.000000000000e+00,0.000000000000e+00
0.000000000000e+00,0.000000000000e+00,-2.040376022840e-03,-5.654509471441e-06,0.000000000000e+00,0.000000000000e+00
0.000000000000e+00,0.000000000000e+00,-2.040376022840e-03,6.692900460531e-06,0.000000000000e+00,0.000000000000e+00
