ε_xx,ε_yy,ε_zz,γ_xy,γ_yz,γ_xz
0.000000000000e+00,0.000000000000e+00,-8.108044457503e-04,-1.056112215177e-05,0.000000000000e+00,0.000000000000e+00
0.000000000000e+00,0.000000000000e+00,-8.108044457503e-04,-5.654509471431e-06,0.000000000000e+00,0.000000000000e+00
0.000000000000e+00,0.000000000000e+00,-8.108044457503e-04,-7.478967910673e-07,0.000000000000e+00,0.000000000000e+00
