ε_xx,ε_yy,ε_zz,γ_xy,γ_yz,γ_xz
0.000000000000e+00,0.000000000000e+00,-8.642640795367e-04,-1.088463507577e-05,0.000000000000e+00,0.000000000000e+00
0.000000000000e+00,0.000000000000e+00,-8.642640795367e-04,-5.654509471459e-06,0.000000000000e+00,0.000000000000e+00
0.000000000000e+00,0.000000000000e+00,-8.642640795367e-04,-4.243838671175e-07,0.000000000000e+00,0.000000000000e+00
