ε_xx,ε_yy,ε_zz,γ_xy,γ_yz,γ_xz
0.000000000000e+00,0.000000000000e+00,-1.808717609766e-03,-1.660003006615e-05,0.000000000000e+00,0.000000000000e+00
0.000000000000e+00,0.000000000000e+00,-1.808717609766e-03,-5.654509471440e-06,0.000000000000e+00,0.000000000000e+00
0.000000000000e+00,0.000000000000e+00,-1.808717609766e-03,5.291011123268e-06,0.000000000000e+00,0.000000000000e+00
