ε_xx,ε_yy,ε_zz,γ_xy,γ_yz,γ_xz
0.000000000000e+00,0.000000000000e+00,-2.583882299621e-04,-7.218155270522e-06,0.000000000000e+00,0.000000000000e+00
0.000000000000e+00,0.000000000000e+00,-2.583882299621e-04,-5.654509471265e-06,0.000000000000e+00,0.000000000000e+00
0.000000000000e+00,0.000000000000e+00,-2.583882299621e-04,-4.090863672063e-06,0.000000000000e+00,0.000000000000e+00
