ε_xx,ε_yy,ε_zz,γ_xy,γ_yz,γ_xz
0.000000000000e+00,0.000000000000e+00,-1.309761027758e-03,-1.358057610896e-05,0.000000000000e+00,0.000000000000e+00
0.000000000000e+00,0.000000000000e+00,-1.309761027758e-03,-5.654509471431e-06,0.000000000000e+00,0.000000000000e+00
0.000000000000e+00,0.000000000000e+00,-1.309761027758e-03,2.271557166103e-06,0.000000000000e+00,0.000000000000e+00
