ε_xx,ε_yy,ε_zz,γ_xy,γ_yz,γ_xz
0.000000000000e+00,0.000000000000e+00,-1.612698952548e-03,-1.541381601155e-05,0.000000000000e+00,0.000000000000e+00
0.000000000000e+00,0.000000000000e+00,-1.612698952548e-03,-5.654509471448e-06,0.000000000000e+00,0.000000000000e+00
0.000000000000e+00,0.000000000000e+00,-1.612698952548e-03,4.104797068655e-06,0.000000000000e+00,0.000000000000e+00
