ε_xx,ε_yy,ε_zz,γ_xy,γ_yz,γ_xz
0.000000000000e+00,0.000000000000e+00,-1.559239318762e-03,-1.509030308757e-05,0.000000000000e+00,0.000000000000e+00
0.000000000000e+00,0.000000000000e+00,-1.559239318762e-03,-5.654509471448e-06,0.000000000000e+00,0.000000000000e+00
0.000000000000e+00,0.000000000000e+00,-1.559239318762e-03,3.781284144667e-06,0.000000000000e+00,0.000000000000e+00
