ε_xx,ε_yy,ε_zz,γ_xy,γ_yz,γ_xz
0.000000000000e+00,0.000000000000e+00,-1.826537487694e-03,-1.670786770748e-05,0.000000000000e+00,0.000000000000e+00
0.000000000000e+00,0.000000000000e+00,-1.826537487694e-03,-5.654509471440e-06,0.000000000000e+00,0.000000000000e+00
0.000000000000e+00,0.000000000000e+00,-1.826537487694e-03,5.398848764595e-06,0.000000000000e+00,0.000000000000e+00
