ε_xx,ε_yy,ε_zz,γ_xy,γ_yz,γ_xz
0.000000000000e+00,0.000000000000e+00,-1.381040539473e-03,-1.401192667426e-05,0.000000000000e+00,0.000000000000e+00
0.000000000000e+00,0.000000000000e+00,-1.381040539473e-03,-5.654509471424e-06,0.000000000000e+00,0.000000000000e+00
0.000000000000e+00,0.000000000000e+00,-1.381040539473e-03,2.702907731411e-06,0.000000000000e+00,0.000000000000e+00
