ε_xx,ε_yy,ε_zz,γ_xy,γ_yz,γ_xz
0.000000000000e+00,0.000000000000e+00,-2.022556144912e-03,-1.789408176208e-05,0.000000000000e+00,0.000000000000e+00
0.000000000000e+00,0.000000000000e+00,-2.022556144912e-03,-5.654509471440e-06,0.000000000000e+00,0.000000000000e+00
0.000000000000e+00,0.000000000000e+00,-2.022556144912e-03,6.585062819204e-06,0.000000000000e+00,0.000000000000e+00
