ε_xx,ε_yy,ε_zz,γ_xy,γ_yz,γ_xz
0.000000000000e+00,0.000000000000e+00,-8.286243236791e-04,-1.066895979310e-05,0.000000000000e+00,0.000000000000e+00
0.000000000000e+00,0.000000000000e+00,-8.286243236791e-04,-5.654509471431e-06,0.000000000000e+00,0.000000000000e+00
0.000000000000e+00,0.000000000000e+00,-8.286243236791e-04,-6.400591497507e-07,0.000000000000e+00,0.000000000000e+00
