ε_xx,ε_yy,ε_zz,γ_xy,γ_yz,γ_xz
0.000000000000e+00,0.000000000000e+00,-1.630518830477e-03,-1.552165365287e-05,0.000000000000e+00,0.000000000000e+00
0.000000000000e+00,0.000000000000e+00,-1.630518830477e-03,-5.654509471438e-06,0.000000000000e+00,0.000000000000e+00
0.000000000000e+00,0.000000000000e+00,-1.630518830477e-03,4.212634709989e-06,0.000000000000e+00,0.000000000000e+00
