ε_xx,ε_yy,ε_zz,γ_xy,γ_yz,γ_xz
0.000000000000e+00,0.000000000000e+00,-1.220661638114e-03,-1.304138790233e-05,0.000000000000e+00,0.000000000000e+00
0.000000000000e+00,0.000000000000e+00,-1.220661638114e-03,-5.654509471438e-06,0.000000000000e+00,0.000000000000e+00
0.000000000000e+00,0.000000000000e+00,-1.220661638114e-03,1.732368959451e-06,0.000000000000e+00,0.000000000000e+00
