ε_xx,ε_yy,ε_zz,γ_xy,γ_yz,γ_xz
0.000000000000e+00,0.000000000000e+00,-1.336490844634e-04,-6.463291781250e-06,0.000000000000e+00,0.000000000000e+00
0.000000000000e+00,0.000000000000e+00,-1.336490844634e-04,-5.654509471348e-06,0.000000000000e+00,0.000000000000e+00
0.000000000000e+00,0.000000000000e+00,-1.336490844634e-04,-4.845727161390e-06,0.000000000000e+00,0.000000000000e+00
