ε_xx,ε_yy,ε_zz,γ_xy,γ_yz,γ_xz
0.000000000000e+00,0.000000000000e+00,-1.202841760185e-03,-1.293355026101e-05,0.000000000000e+00,0.000000000000e+00
0.000000000000e+00,0.000000000000e+00,-1.202841760185e-03,-5.654509471445e-06,0.000000000000e+00,0.000000000000e+00
0.000000000000e+00,0.000000000000e+00,-1.202841760185e-03,1.624531318113e-06,0.000000000000e+00,0.000000000000e+00
