ε_xx,ε_yy,ε_zz,γ_xy,γ_yz,γ_xz
0.000000000000e+00,0.000000000000e+00,-1.470139929117e-03,-1.455111488092e-05,0.000000000000e+00,0.000000000000e+00
0.000000000000e+00,0.000000000000e+00,-1.470139929117e-03,-5.654509471445e-06,0.000000000000e+00,0.000000000000e+00
0.000000000000e+00,0.000000000000e+00,-1.470139929117e-03,3.242095938036e-06,0.000000000000e+00,0.000000000000e+00
