ε_xx,ε_yy,ε_zz,γ_xy,γ_yz,γ_xz
0.000000000000e+00,0.000000000000e+00,-6.147857885342e-04,-9.374908097132e-06,0.000000000000e+00,0.000000000000e+00
0.000000000000e+00,0.000000000000e+00,-6.147857885342e-04,-5.654509471389e-06,0.000000000000e+00,0.000000000000e+00
0.000000000000e+00,0.000000000000e+00,-6.147857885342e-04,-1.934110845633e-06,0.000000000000e+00,0.000000000000e+00
