ε_xx,ε_yy,ε_zz,γ_xy,γ_yz,γ_xz
0.000000000000e+00,0.000000000000e+00,-2.111655534556e-03,-1.843326996873e-05,0.000000000000e+00,0.000000000000e+00
0.000000000000e+00,0.000000000000e+00,-2.111655534556e-03,-5.654509471442e-06,0.000000000000e+00,0.000000000000e+00
0.000000000000e+00,0.000000000000e+00,-2.111655534556e-03,7.124251025842e-06,0.000000000000e+00,0.000000000000e+00
