ε_xx,ε_yy,ε_zz,γ_xy,γ_yz,γ_xz
0.000000000000e+00,0.000000000000e+00,-1.862177243552e-03,-1.692354299013e-05,0.000000000000e+00,0.000000000000e+00
0.000000000000e+00,0.000000000000e+00,-1.862177243552e-03,-5.654509471440e-06,0.000000000000e+00,0.000000000000e+00
0.000000000000e+00,0.000000000000e+00,-1.862177243552e-03,5.614524047253e-06,0.000000000000e+00,0.000000000000e+00
