ε_xx,ε_yy,ε_zz,γ_xy,γ_yz,γ_xz
0.000000000000e+00,0.000000000000e+00,-5.791460326769e-04,-9.159232814457e-06,0.000000000000e+00,0.000000000000e+00
0.000000000000e+00,0.000000000000e+00,-5.791460326769e-04,-5.654509471376e-06,0.000000000000e+00,0.000000000000e+00
0.000000000000e+00,0.000000000000e+00,-5.791460326769e-04,-2.149786128267e-06,0.000000000000e+00,0.000000000000e+00
