ε_xx,ε_yy,ε_zz,γ_xy,γ_yz,γ_xz
0.000000000000e+00,0.000000000000e+00,-1.363220661544e-03,-1.390408903295e-05,0.000000000000e+00,0.000000000000e+00
0.000000000000e+00,0.000000000000e+00,-1.363220661544e-03,-5.654509471438e-06,0.000000000000e+00,0.000000000000e+00
0.000000000000e+00,0.000000000000e+00,-1.363220661544e-03,2.595070090081e-06,0.000000000000e+00,0.000000000000e+00
