ε_xx,ε_yy,ε_zz,γ_xy,γ_yz,γ_xz
0.000000000000e+00,0.000000000000e+00,-1.291941149829e-03,-1.347273846763e-05,0.000000000000e+00,0.000000000000e+00
0.000000000000e+00,0.000000000000e+00,-1.291941149829e-03,-5.654509471438e-06,0.000000000000e+00,0.000000000000e+00
0.000000000000e+00,0.000000000000e+00,-1.291941149829e-03,2.163719524766e-06,0.000000000000e+00,0.000000000000e+00
