ε_xx,ε_yy,ε_zz,γ_xy,γ_yz,γ_xz
0.000000000000e+00,0.000000000000e+00,-2.272034435916e-03,-1.940380874068e-05,0.000000000000e+00,0.000000000000e+00
0.000000000000e+00,0.000000000000e+00,-2.272034435916e-03,-5.654509471442e-06,0.000000000000e+00,0.000000000000e+00
0.000000000000e+00,0.000000000000e+00,-2.272034435916e-03,8.094789797794e-06,0.000000000000e+00,0.000000000000e+00
