ε_xx,ε_yy,ε_zz,γ_xy,γ_yz,γ_xz
0.000000000000e+00,0.000000000000e+00,-9.355435912522e-04,-1.131598564109e-05,0.000000000000e+00,0.000000000000e+00
0.000000000000e+00,0.000000000000e+00,-9.355435912522e-04,-5.654509471431e-06,0.000000000000e+00,0.000000000000e+00
0.000000000000e+00,0.000000000000e+00,-9.355435912522e-04,6.966698204436e-09,0.000000000000e+00,0.000000000000e+00
