ε_xx,ε_yy,ε_zz,γ_xy,γ_yz,γ_xz
0.000000000000e+00,0.000000000000e+00,-1.113742370541e-03,-1.239436205434e-05,0.000000000000e+00,0.000000000000e+00
0.000000000000e+00,0.000000000000e+00,-1.113742370541e-03,-5.654509471417e-06,0.000000000000e+00,0.000000000000e+00
0.000000000000e+00,0.000000000000e+00,-1.113742370541e-03,1.085343111495e-06,0.000000000000e+00,0.000000000000e+00
