ε_xx,ε_yy,ε_zz,γ_xy,γ_yz,γ_xz
0.000000000000e+00,0.000000000000e+00,-1.969096511125e-03,-1.757056883810e-05,0.000000000000e+00,0.000000000000e+00
0.000000000000e+00,0.000000000000e+00,-1.969096511125e-03,-5.654509471441e-06,0.000000000000e+00,0.000000000000e+00
0.000000000000e+00,0.000000000000e+00,-1.969096511125e-03,6.261549895219e-06,0.000000000000e+00,0.000000000000e+00
