ε_xx,ε_yy,ε_zz,γ_xy,γ_yz,γ_xz
0.000000000000e+00,0.000000000000e+00,-4.009472533906e-04,-8.080856401194e-06,0.000000000000e+00,0.000000000000e+00
0.000000000000e+00,0.000000000000e+00,-4.009472533906e-04,-5.654509471376e-06,0.000000000000e+00,0.000000000000e+00
0.000000000000e+00,0.000000000000e+00,-4.009472533906e-04,-3.228162541530e-06,0.000000000000e+00,0.000000000000e+00
