ε_xx,ε_yy,ε_zz,γ_xy,γ_yz,γ_xz
0.000000000000e+00,0.000000000000e+00,-1.024642980896e-03,-1.185517384772e-05,0.000000000000e+00,0.000000000000e+00
0.000000000000e+00,0.000000000000e+00,-1.024642980896e-03,-5.654509471445e-06,0.000000000000e+00,0.000000000000e+00
0.000000000000e+00,0.000000000000e+00,-1.024642980896e-03,5.461549048430e-07,0.000000000000e+00,0.000000000000e+00
