ε_xx,ε_yy,ε_zz,γ_xy,γ_yz,γ_xz
0.000000000000e+00,0.000000000000e+00,-2.672981689261e-05,-5.816265933239e-06,0.000000000000e+00,0.000000000000e+00
0.000000000000e+00,0.000000000000e+00,-2.672981689261e-05,-5.654509471265e-06,0.000000000000e+00,0.000000000000e+00
0.000000000000e+00,0.000000000000e+00,-2.672981689261e-05,-5.492753009262e-06,0.000000000000e+00,0.000000000000e+00
