ε_xx,ε_yy,ε_zz,γ_xy,γ_yz,γ_xz
0.000000000000e+00,0.000000000000e+00,-8.909938964213e-06,-5.708428291978e-06,0.000000000000e+00,0.000000000000e+00
0.000000000000e+00,0.000000000000e+00,-8.909938964213e-06,-5.654509471320e-06,0.000000000000e+00,0.000000000000e+00
0.000000000000e+00,0.000000000000e+00,-8.909938964213e-06,-5.600590650634e-06,0.000000000000e+00,0.000000000000e+00
