ε_xx,ε_yy,ε_zz,γ_xy,γ_yz,γ_xz
0.000000000000e+00,0.000000000000e+00,-1.238481516042e-03,-1.314922554365e-05,0.000000000000e+00,0.000000000000e+00
0.000000000000e+00,0.000000000000e+00,-1.238481516042e-03,-5.654509471438e-06,0.000000000000e+00,0.000000000000e+00
0.000000000000e+00,0.000000000000e+00,-1.238481516042e-03,1.840206600781e-06,0.000000000000e+00,0.000000000000e+00
