ε_xx,ε_yy,ε_zz,γ_xy,γ_yz,γ_xz
0.000000000000e+00,0.000000000000e+00,-6.504255443916e-04,-9.590583379793e-06,0.000000000000e+00,0.000000000000e+00
0.000000000000e+00,0.000000000000e+00,-6.504255443916e-04,-5.654509471403e-06,0.000000000000e+00,0.000000000000e+00
0.000000000000e+00,0.000000000000e+00,-6.504255443916e-04,-1.718435563000e-06,0.000000000000e+00,0.000000000000e+00
