ε_xx,ε_yy,ε_zz,γ_xy,γ_yz,γ_xz
0.000000000000e+00,0.000000000000e+00,-1.737438098050e-03,-1.616867950083e-05,0.000000000000e+00,0.000000000000e+00
0.000000000000e+00,0.000000000000e+00,-1.737438098050e-03,-5.654509471436e-06,0.000000000000e+00,0.000000000000e+00
0.000000000000e+00,0.000000000000e+00,-1.737438098050e-03,4.859660557962e-06,0.000000000000e+00,0.000000000000e+00
