ε_xx,ε_yy,ε_zz,γ_xy,γ_yz,γ_xz
0.000000000000e+00,0.000000000000e+00,-8.820839574655e-04,-1.099247271712e-05,0.000000000000e+00,0.000000000000e+00
0.000000000000e+00,0.000000000000e+00,-8.820839574655e-04,-5.654509471459e-06,0.000000000000e+00,0.000000000000e+00
0.000000000000e+00,0.000000000000e+00,-8.820839574655e-04,-3.165462258009e-07,0.000000000000e+00,0.000000000000e+00
