Local DOF,R_e Value
0,0.000000000000e+00
1,-1.897388824620e-03
2,0.000000000000e+00
3,0.000000000000e+00
4,0.000000000000e+00
5,-2.138385351411e-03
6,0.000000000000e+00
7,-3.005048510917e-03
8,0.000000000000e+00
9,0.000000000000e+00
10,0.000000000000e+00
11,-2.280944374838e-03
