Local DOF,R_e Value
0,0.000000000000e+00
1,-9.322881617492e-04
2,0.000000000000e+00
3,0.000000000000e+00
4,0.000000000000e+00
5,-1.710708281129e-03
6,0.000000000000e+00
7,-1.897388824620e-03
8,0.000000000000e+00
9,0.000000000000e+00
10,0.000000000000e+00
11,-2.138385351411e-03
