Local DOF,R_e Value
0,0.000000000000e+00
1,-6.555114461876e-04
2,0.000000000000e+00
3,0.000000000000e+00
4,0.000000000000e+00
5,-1.476822383343e-03
6,0.000000000000e+00
7,-6.788393811319e-04
8,0.000000000000e+00
9,0.000000000000e+00
10,0.000000000000e+00
11,-1.497844270587e-03
