Local DOF,R_e Value
0,0.000000000000e+00
1,-1.404939765312e-04
2,0.000000000000e+00
3,0.000000000000e+00
4,0.000000000000e+00
5,-7.460681704697e-04
6,0.000000000000e+00
7,-1.524669599633e-04
8,0.000000000000e+00
9,0.000000000000e+00
10,0.000000000000e+00
11,-7.751646899002e-04
