Local DOF,R_e Value
0,0.000000000000e+00
1,-1.648924012335e-04
2,0.000000000000e+00
3,0.000000000000e+00
4,0.000000000000e+00
5,-8.039827737380e-04
6,0.000000000000e+00
7,-1.777659497855e-04
8,0.000000000000e+00
9,0.000000000000e+00
10,0.000000000000e+00
11,-8.325224219833e-04
