Local DOF,R_e Value
0,0.000000000000e+00
1,-1.401056139584e-05
2,0.000000000000e+00
3,0.000000000000e+00
4,0.000000000000e+00
5,-2.426566189829e-04
6,0.000000000000e+00
7,-1.815254378507e-05
8,0.000000000000e+00
9,0.000000000000e+00
10,0.000000000000e+00
11,-2.762081078956e-04
