Local DOF,R_e Value
0,0.000000000000e+00
1,-6.098518536539e-04
2,0.000000000000e+00
3,0.000000000000e+00
4,0.000000000000e+00
5,-1.433943302077e-03
6,0.000000000000e+00
7,-6.325141535095e-04
8,0.000000000000e+00
9,0.000000000000e+00
10,0.000000000000e+00
11,-1.455522060506e-03
