Local DOF,R_e Value
0,0.000000000000e+00
1,-5.439184165825e-04
2,0.000000000000e+00
3,0.000000000000e+00
4,0.000000000000e+00
5,-1.367536413234e-03
6,0.000000000000e+00
7,-5.655496346342e-04
8,0.000000000000e+00
9,0.000000000000e+00
10,0.000000000000e+00
11,-1.389950478441e-03
