Local DOF,R_e Value
0,0.000000000000e+00
1,-2.274232175991e-03
2,0.000000000000e+00
3,0.000000000000e+00
4,0.000000000000e+00
5,-2.213562961454e-03
6,0.000000000000e+00
7,-2.308954217452e-03
8,0.000000000000e+00
9,0.000000000000e+00
10,0.000000000000e+00
11,-2.219549326696e-03
