Local DOF,R_e Value
0,0.000000000000e+00
1,-5.017175161761e-04
2,0.000000000000e+00
3,0.000000000000e+00
4,0.000000000000e+00
5,-1.321872976041e-03
6,0.000000000000e+00
7,-5.226395935778e-04
8,0.000000000000e+00
9,0.000000000000e+00
10,0.000000000000e+00
11,-1.344843912434e-03
