Local DOF,R_e Value
0,0.000000000000e+00
1,-2.589654122868e-03
2,0.000000000000e+00
3,0.000000000000e+00
4,0.000000000000e+00
5,-2.257416567294e-03
6,0.000000000000e+00
7,-2.625041799419e-03
8,0.000000000000e+00
9,0.000000000000e+00
10,0.000000000000e+00
11,-2.260897012201e-03
