Local DOF,R_e Value
0,0.000000000000e+00
1,-3.477058054090e-04
2,0.000000000000e+00
3,0.000000000000e+00
4,0.000000000000e+00
5,-1.128081803567e-03
6,0.000000000000e+00
7,-3.656172979653e-04
8,0.000000000000e+00
9,0.000000000000e+00
10,0.000000000000e+00
11,-1.153280224700e-03
