Local DOF,R_e Value
0,0.000000000000e+00
1,-4.660644565142e-05
2,0.000000000000e+00
3,0.000000000000e+00
4,0.000000000000e+00
5,-4.397890185696e-04
6,0.000000000000e+00
7,-5.381557011579e-05
8,0.000000000000e+00
9,0.000000000000e+00
10,0.000000000000e+00
11,-4.716698939264e-04
