Local DOF,R_e Value
0,0.000000000000e+00
1,-3.130748726773e-04
2,0.000000000000e+00
3,0.000000000000e+00
4,0.000000000000e+00
5,-1.076849654522e-03
6,0.000000000000e+00
7,-3.301902134609e-04
8,0.000000000000e+00
9,0.000000000000e+00
10,0.000000000000e+00
11,-1.102604946840e-03
