Local DOF,R_e Value
0,0.000000000000e+00
1,-2.281659291050e-05
2,0.000000000000e+00
3,0.000000000000e+00
4,0.000000000000e+00
5,-3.094811612157e-04
6,0.000000000000e+00
7,-2.799835821598e-05
8,0.000000000000e+00
9,0.000000000000e+00
10,0.000000000000e+00
11,-3.424757789431e-04
