Local DOF,R_e Value
0,0.000000000000e+00
1,-2.034101459482e-03
2,0.000000000000e+00
3,0.000000000000e+00
4,0.000000000000e+00
5,-2.163862208169e-03
6,0.000000000000e+00
7,-2.068062153620e-03
8,0.000000000000e+00
9,0.000000000000e+00
10,0.000000000000e+00
11,-2.171797622559e-03
