Local DOF,R_e Value
0,0.000000000000e+00
1,-1.702151496899e-03
2,0.000000000000e+00
3,0.000000000000e+00
4,0.000000000000e+00
5,-2.069194106674e-03
6,0.000000000000e+00
7,-1.734654754731e-03
8,0.000000000000e+00
9,0.000000000000e+00
10,0.000000000000e+00
11,-2.079913876990e-03
