Local DOF,R_e Value
0,0.000000000000e+00
1,-2.799835821598e-05
2,0.000000000000e+00
3,0.000000000000e+00
4,0.000000000000e+00
5,-3.424757789431e-04
6,0.000000000000e+00
7,-3.369348914538e-05
8,0.000000000000e+00
9,0.000000000000e+00
10,0.000000000000e+00
11,-3.751919610779e-04
