Local DOF,R_e Value
0,0.000000000000e+00
1,-6.152065797954e-05
2,0.000000000000e+00
3,0.000000000000e+00
4,0.000000000000e+00
5,-5.032723336907e-04
6,0.000000000000e+00
7,-6.971735868654e-05
8,0.000000000000e+00
9,0.000000000000e+00
10,0.000000000000e+00
11,-5.345963378623e-04
