Local DOF,R_e Value
0,0.000000000000e+00
1,-2.750310323563e-06
2,0.000000000000e+00
3,0.000000000000e+00
4,0.000000000000e+00
5,-1.056663074056e-04
6,0.000000000000e+00
7,-4.760520206668e-06
8,0.000000000000e+00
9,0.000000000000e+00
10,0.000000000000e+00
11,-1.403315386889e-04
