Local DOF,R_e Value
0,0.000000000000e+00
1,-1.150322403665e-03
2,0.000000000000e+00
3,0.000000000000e+00
4,0.000000000000e+00
5,-1.828625754638e-03
6,0.000000000000e+00
7,-1.179105936003e-03
8,0.000000000000e+00
9,0.000000000000e+00
10,0.000000000000e+00
11,-1.844357365622e-03
