Local DOF,R_e Value
0,0.000000000000e+00
1,-1.179227854055e-04
2,0.000000000000e+00
3,0.000000000000e+00
4,0.000000000000e+00
5,-6.870398248308e-04
6,0.000000000000e+00
7,-1.289778014932e-04
8,0.000000000000e+00
9,0.000000000000e+00
10,0.000000000000e+00
11,-7.166932154465e-04
