Local DOF,R_e Value
0,0.000000000000e+00
1,-2.695969421984e-03
2,0.000000000000e+00
3,0.000000000000e+00
4,0.000000000000e+00
5,-2.267022595239e-03
6,0.000000000000e+00
7,-2.731500666887e-03
8,0.000000000000e+00
9,0.000000000000e+00
10,0.000000000000e+00
11,-2.269667733369e-03
