Local DOF,R_e Value
0,0.000000000000e+00
1,-8.002864203826e-04
2,0.000000000000e+00
3,0.000000000000e+00
4,0.000000000000e+00
5,-1.598777172917e-03
6,0.000000000000e+00
7,-8.255068472456e-04
8,0.000000000000e+00
9,0.000000000000e+00
10,0.000000000000e+00
11,-1.618128446606e-03
