Local DOF,R_e Value
0,0.000000000000e+00
1,-8.756819640574e-05
2,0.000000000000e+00
3,0.000000000000e+00
4,0.000000000000e+00
5,-5.964090394276e-04
6,0.000000000000e+00
7,-9.721363230568e-05
8,0.000000000000e+00
9,0.000000000000e+00
10,0.000000000000e+00
11,-6.268977368213e-04
